PID,DFB
518074,CW-1200
518092,OS-0200
518148,MC-1800
518175,BC-0500
518214,JP-4100
518224,BU-0200
518230,TZ-0100
518232,AB-1500
518245,JP-4100
518267,CC-4000
518273,JK-1300
518274,CR-0500
518287,TJ-1000
518303,JK-1300
518312,KH-1000
518326,AB-1500
518352,DM-2800
518354,DM-2800
518383,DR-2800
518442,NA-0200
518456,CR-1150
518471,BB-2530
518473,KM-0100
518475,AR-2000
518479,DJ-0500
518488,NA-0200
518498,DR-2800
518503,JS-2100
518521,BS-2300
518533,NA-0200
518544,EH-0100
518550,LF-0550
518563,EB-0800
518645,SW-0700
518659,JB-0200
518688,AS-0100
518690,JA-0100
518702,SN-0500
518813,DR-1100
518836,DR-1100
518855,YB-0100
518856,IT-0200
518919,DF-1200
518941,BF-0600
518973,CF-0500
519019,BF-0600
519034,SB-0900
519076,JP-1400
519150,SB-0900
519152,LF-0300
519155,PR-0400
519174,JW-5300
519183,MW-2000
519184,CG-2800
519185,BO-0400
519199,JW-5300
519205,BO-0400
519206,BO-0400
519262,RM-0800
519272,KJ-0100
519287,JW-1100
519291,KB-2500
519369,TJ-0900
519393,DM-1300
519468,DM-1300
519503,JM-1900
519554,CC-4200
519559,CC-4200
519570,CP-2500
519598,PP-0800
519600,RM-1300
519635,BR-1000
519652,RA-0800
519659,MR-0300
519663,CG-2400
519691,CG-2400
519711,HS-0130
519717,MB-0650
519737,RB-0700
519742,FA-0200
519752,EW-1700
519754,FA-0200
519787,CJ-1300
519815,CG-0200
519822,MB-0650
519830,CM-3400
519839,CM-3400
519846,AT-0100
519887,BM-1800
519910,RB-4300
519938,BM-1800
519946,KC-0900
519954,CC-0200
519971,WG-0500
519985,RS-1000
519988,JJ-4300
520000,JJ-4300
520024,MA-0100
520025,MA-0100
520028,PP-0400
520029,MA-0100
520065,TB-2800
520155,NB-0400
520188,DW-2600
520198,CC-5300
520205,LF-0500
520208,IT-0100
520231,RM-5300
520241,CB-0100
520243,TP-2000
520263,MA-0200
520296,MA-0200
520305,MA-0200
520306,TP-2000
520307,RM-4600
520327,KL-0600
520334,TP-2000
520335,TP-2000
520349,KL-0600
520372,BP-0900
520383,TH-2800
520396,CW-2300
520423,RM-1600
520426,BP-0900
520437,ER-0100
520460,RN-0300
520465,LH-0300
520470,CW-2300
520479,NC-0200
520488,HN-0300
520509,JM-2400
520519,LH-0300
520530,AC-1000
520547,QJ-0100
520598,AB-1600
520646,PW-0700
520654,QJ-0100
520691,TJ-1000
520705,CM-0900
520759,MB-5100
520765,LB-0900
520800,BR-0100
520856,LH-0300
520877,JS-2100
520898,JM-4300
520917,LH-0300
521053,BF-0800
521068,MA-0800
521089,SG-0650
521093,SR-1300
521095,DP-1450
521098,MW-2300
521130,SG-0650
521144,TH-0850
521159,AW-1200
521175,GW-1400
521221,JA-0900
521242,CR-0500
521247,HS-0130
521265,AW-1800
521279,AB-1500
521299,KC-2200
521300,JP-4100
521331,JP-4100
521390,RL-0600
521429,FC-0400
521431,MK-0730
521448,MK-0700
521454,AM-1200
521482,DL-0200
521498,MK-0730
521519,BB-2530
521522,NA-0100
521533,AT-0100
521573,AT-0100
521618,MC-1800
521624,GM-0500
521636,BM-1100
521641,RB-0700
521646,MB-0650
521647,RB-0700
521650,KP-0600
521655,MB-0650
521657,RB-0700
521670,AT-0100
521678,AT-0100
521699,AR-1400
521724,JW-1100
521746,JW-1100
521785,JM-5000
521787,AB-2730
521922,FA-0200
521954,PR-0400
521985,PR-0400
521990,TD-0700
522011,CG-0200
522012,JB-2000
522185,DW-1300
522189,PC-0300
522199,KR-0500
522225,DG-1400
522242,DH-0700
522307,SB-0900
522332,BF-0600
522345,PR-0200
522363,JJ-1550
522389,BC-0600
522407,MC-1350
522415,KW-2500
522435,ET-0200
522456,CC-2600
522458,CC-2600
522469,AS-3100
522473,RS-1000
522494,KW-2500
522524,VB-0400
522595,MI-0150
522600,AV-0300
522611,AC-1000
522612,DB-6300
522614,AA-1900
522682,CL-1000
522696,PL-0100
522733,KD-0100
522775,SS-1700
522798,SS-1700
522814,PS-0600
522818,JW-5100
522826,MB-5150
522888,SP-1500
522900,RC-1300
522912,EL-0100
522944,DH-1400
522953,IT-0100
522976,IT-0100
522977,CA-0600
522999,LT-0400
523029,CR-1300
523036,AB-3100
523060,CC-5300
523079,NB-0400
523082,DF-1200
523084,ST-1200
523088,ST-1200
523159,PW-1200
523170,DR-2600
523199,MA-0200
523247,WM-1000
523255,DR-2600
523287,TP-2000
523289,TC-1000
523301,SW-0700
523370,CM-3400
523373,JP-2900
523377,JH-5450
523390,JP-2900
523450,LK-0600
523459,PA-0300
523466,JN-1750
523505,JJ-1550
523509,CF-0500
523527,CF-0500
523569,LB-0900
523587,TJ-1000
523600,BU-0200
523626,BF-0600
523643,LB-0900
523665,AR-2000
523716,AW-1200
523726,BW-2650
523727,BW-2650
523737,JR-3100
523749,SB-1700
523750,BS-2300
523757,AW-1200
523769,TM-1900
523788,SJ-0500
523874,DL-2300
523896,DL-2300
523918,RA-0800
523922,VD-0200
523938,RM-1300
523939,WM-0700
523953,JP-4100
523960,PP-0800
523972,AB-1500
523998,JM-5000
523999,AR-1500
524001,MB-1900
524083,MB-0650
524098,BC-0500
524115,MJ-0900
524155,LL-0950
524188,SS-1700
524222,KD-0100
524230,KB-2500
524264,RJ-2000
524266,AC-2400
524295,EL-0100
524304,GM-0800
524307,RM-0800
524334,ES-1100
524349,RM-0800
524394,TN-0400
524400,DH-0700
524433,PR-0200
524445,VR-0200
524449,AJ-1200
524467,RK-0500
524489,RK-0500
524507,MJ-1800
524549,BF-0800
524581,MJ-0600
524594,PR-0400
524603,CL-1300
524625,JH-5500
524643,TD-0200
524685,RH-0700
524689,JH-5500
524694,CL-1300
524702,PR-0400
524721,JG-3600
524722,RH-0700
524728,PR-0400
524748,AA-1900
524772,CH-4200
524777,JB-0300
524832,SH-1000
524856,CH-4200
524868,JB-0300
524916,JM-2800
524926,ST-1200
524964,HS-0130
525004,KW-1400
525095,AW-1800
525108,KR-0500
525124,CC-0200
525127,DR-2800
525158,DR-2800
525237,KC-1800
525320,MI-0150
525321,AC-1000
525343,WM-1000
525349,TD-0900
525355,AC-1000
525413,BC-3100
525423,JJ-5000
525458,ED-1000
525464,EM-1200
525482,JB-1300
525483,MA-0200
525493,MA-0200
525505,MA-0200
525520,CH-1500
525523,EM-1200
525527,BR-0200
525529,KJ-0100
525537,JJ-5000
525547,JJ-5000
525552,GQ-0100
525577,BM-0800
525579,GQ-0100
525602,MB-5150
525611,CC-0900
525617,PW-0700
525650,PW-0700
525780,ER-0100
525806,DM-1300
525843,JS-4300
525863,DM-1300
525870,LW-0700
525888,DM-1300
525908,DM-1300
525942,BP-0900
525972,JM-3750
525974,BB-3400
525996,CH-2250
526059,CC-2600
526060,RS-1000
526105,CW-3700
526107,SS-1300
526117,PK-0300
526131,DE-0600
526166,DP-0600
526172,ER-0100
526182,PK-0300
526196,BS-2300
526202,LW-0700
526230,LW-0700
526264,DP-0600
526276,BS-2300
526295,LW-0700
526299,ER-0100
526300,JS-4300
526301,ER-0100
526328,MD-0100
526337,SG-0650
526348,AW-1200
526380,PC-0300
526390,SG-0650
526391,KW-1600
526395,BS-3200
526440,SG-0650
526444,SG-0650
526448,VW-0200
526461,KA-1000
526493,AE-0600
526507,BF-0800
526587,MI-0150
526594,JA-2000
526598,AC-1000
526657,LK-0600
526658,CJ-1300
526700,HN-0100
526714,CG-1400
526793,JN-1750
526799,JN-1750
526846,LL-0200
526865,PW-1200
526888,DG-1300
526891,JS-4600
526911,NB-0400
526935,DG-1300
526953,AC-2400
526954,AC-2400
526985,JR-2750
527029,RS-1100
527043,JS-0500
527046,JS-0500
527050,CA-1300
527053,CH-4200
527061,HS-0130
527077,AW-1800
527079,CC-4200
527102,FE-0100
527109,HS-0130
527124,AW-1800
527198,AB-2700
527203,CM-1600
527224,RS-1000
527282,JJ-1550
527313,BR-0200
527340,AV-0300
527380,AA-1900
527406,KJ-0100
527424,DM-0200
527455,PW-0700
527461,PL-0100
527491,RS-0900
527532,CB-0100
527549,MA-0200
527642,CC-2500
527647,AW-1500
527651,AW-1500
527656,PP-0400
527700,GT-0300
527707,RM-0800
527714,AW-1500
527718,KR-0500
527721,SS-1700
527726,CC-0200
527729,SS-1700
527780,KD-0100
527821,RM-1300
527853,DC-4000
527857,JM-5000
527882,TN-0400
527946,AJ-1200
527947,VB-0350
527962,MW-2000
528013,JW-5300
528054,RK-0500
528056,DH-0700
528082,AT-0100
528108,EB-1100
528115,JW-5300
528142,SS-1100
528181,TW-2700
528182,CH-2250
528186,PR-0400
528197,PR-0400
528219,CW-3700
528228,DS-2400
528229,MB-5100
528234,TW-2700
528278,DS-2400
528294,DS-2400
528296,TW-2700
528317,FC-0400
528344,NA-0100
528353,WH-0750
528364,BH-2200
528372,DR-3700
528374,CB-1600
528396,BH-2200
528421,CB-1600
528427,PA-0300
528471,BB-2530
528472,NA-0200
528524,OS-0200
528655,JD-3000
528661,PP-0400
528670,CC-0200
528683,CF-0500
528684,JJ-1550
528701,JJ-1550
528715,JJ-1550
528742,JD-3000
528746,RQ-0200
528805,SS-1700
528833,JW-5100
528838,LH-0300
528886,RS-2800
528920,ML-0500
528938,AJ-1200
528948,NC-0200
528955,NC-0100
528978,AE-0600
529119,EW-0100
529156,TZ-0100
529167,CW-3700
529179,EW-0100
529198,SS-1300
529202,SB-1600
529209,TW-2700
529233,TW-2700
529234,DS-2400
529294,CW-3700
529298,TW-2700
529302,NP-0130
529372,DP-0600
529373,BS-2300
529374,DP-0600
529411,MK-1700
529431,BS-2300
529437,BS-2300
529440,MB-2700
529441,OU-0100
529452,JP-2900
529468,MK-1700
529490,JW-5300
529495,JA-0100
529525,PR-0200
529553,MW-2000
529572,JW-5300
529575,DR-2600
529585,JW-5300
529614,MW-2000
529619,BC-1700
529655,KL-0600
529661,RC-1300
529671,MK-0730
529672,KC-1800
529698,NA-0100
529724,JB-0100
529749,DL-0200
529778,JW-6500
529809,JM-2800
529813,KW-1400
529829,CG-2400
529837,RM-5100
529843,JS-0500
529855,CC-4200
529880,RM-5100
529925,JB-5700
529943,JS-0500
529944,KW-1400
529954,JA-0900
530000,TJ-1000
530007,NR-0300
530028,DC-4000
530070,DL-2300
530087,RM-1300
530131,GH-0700
530139,KC-0900
530152,KC-0900
530184,BM-1800
530198,CC-2600
530200,ET-0200
530210,RS-1000
530347,SG-0650
530398,NB-0400
530473,CJ-2050
530502,AD-0930
530592,VM-0300
530628,QJ-0100
530655,JG-3600
530656,CW-1850
530670,RH-0700
530692,CL-1000
530749,RH-0700
530777,CL-1000
530814,DH-1400
530832,ES-1100
530840,BR-0200
530854,DM-0200
530918,JW-1100
530931,TD-1600
530941,CB-0800
530951,JW-1100
530973,RC-1300
530986,KL-0600
530991,JM-2800
530999,SM-0500
531003,KL-0600
531010,DM-3600
531040,CA-0600
531077,ZB-0400
531094,KL-0600
531100,IT-0100
531103,IT-0100
531124,JS-2100
531177,JH-0100
531203,LH-0300
531215,JH-0100
531220,VB-0350
531225,SB-1700
531227,DP-0900
531234,SB-1700
531321,JB-2400
531337,EW-1700
531382,RM-4200
531406,EW-1700
531418,TJ-0600
531422,RB-0700
531451,LJ-1150
531462,QM-0200
531472,KB-2500
531485,KB-2500
531543,BF-0600
531568,JO-0300
531573,KL-0200
531580,SS-1700
531613,NA-0200
531628,DL-1200
531637,NA-0200
531693,FC-0400
531742,NF-0100
531748,JG-3450
531773,DR-2800
531792,NS-0800
531872,WM-1000
531893,TD-0900
531912,MH-3700
531914,JH-1000
531935,MH-3700
531950,MH-3700
531962,RM-1900
531995,MW-1800
532008,DF-1900
532028,KW-2100
532034,AC-2400
532059,KC-2200
532074,LL-0200
532095,EL-0100
532170,SL-0500
532188,MJ-0900
532254,VB-0400
532260,JS-4300
532298,CW-2300
532311,CB-3700
532324,KW-1600
532359,PP-0400
532360,WG-0500
532384,KR-0500
532393,SG-0650
532470,LM-1100
532486,SA-0100
532489,PP-0400
532490,DD-2000
532503,RS-1000
532543,RS-1000
532577,DM-1300
532581,ET-0200
532602,TW-3250
532612,VW-0200
532644,RB-4300
532648,BB-3400
532677,JP-2900
532763,CR-1300
532784,CR-1300
532785,CR-1300
532825,PA-0300
532826,PA-0300
532855,HS-0130
532876,BR-1000
532942,CC-4200
532958,LF-0300
532970,PR-0200
532997,JP-4300
532999,LF-0300
533013,BM-0800
533103,GQ-0100
533104,GQ-0100
533119,CB-0800
533148,TW-2700
533157,CH-2250
533162,JC-5630
533170,CW-3100
533327,EW-0400
533334,TC-1000
533346,ED-1000
533379,RS-1000
533390,PW-1200
533415,CC-5300
533476,CC-5300
533477,PW-1200
533526,SG-0650
533559,DM-3600
533571,AW-1200
533628,BS-1500
533636,GW-1400
533643,JB-0300
533657,EW-1700
533667,JV-0500
533704,CJ-2400
533745,MB-0650
533746,EW-1700
533762,LD-0150
533771,WS-0800
533777,EB-1100
533780,JG-3600
533785,PR-0400
533844,JP-4100
533863,TW-0600
533870,CV-0200
533896,AB-1500
533920,DJ-0500
533935,TZ-0100
533937,TZ-0100
533969,JP-4100
534003,PA-0300
534012,PR-0200
534014,DH-0700
534034,RJ-0400
534050,PR-0200
534055,CG-2800
534122,MK-1700
534151,SL-0500
534215,MC-1350
534245,JA-1700
534251,DC-3500
534283,JR-0300
534345,DH-4000
534405,RQ-0200
534411,CD-0200
534415,TJ-2250
534464,DE-0600
534472,GQ-0100
534481,TD-1600
534510,BM-0800
534531,CB-0800
534539,TS-3500
534547,GQ-0100
534549,PK-0300
534560,JM-2400
534573,JW-1100
534602,BM-0800
534740,AW-1500
534748,AJ-0400
534827,RD-1700
534878,KA-1000
534943,AC-2400
535030,MH-3700
535114,PP-0800
535129,JH-1000
535136,MH-1060
535139,MH-1060
535141,AR-1500
535159,MH-3700
535230,LH-0300
535236,ZH-0200
535241,RN-0300
535255,KL-0600
535267,ZH-0200
535291,KL-0600
535303,IT-0100
535323,CT-1500
535337,BU-0200
535354,DL-1200
535372,ST-1200
535386,LB-0900
535414,JD-3300
535415,AS-1900
535429,CT-1500
535438,AS-1900
535471,CC-4000
535476,MW-3600
535489,BU-0200
535510,BR-1000
535517,LJ-1150
535536,BR-1000
535541,AW-1800
535554,BR-1000
535578,LJ-1150
535586,EW-1700
535605,AJ-0400
535672,BU-0200
535707,CT-1500
535727,TJ-1000
535740,CM-3400
535785,CW-3800
535854,CL-1000
535876,UY-0100
535889,UY-0100
535919,CL-1000
535920,EW-0400
535950,SP-1100
535973,AB-1600
535990,BS-2300
535995,FC-0400
536031,RM-1900
536058,CO-1200
536066,DR-2800
536070,MK-0730
536076,AS-0100
536082,WM-1000
536100,SN-0500
536121,JA-0100
536138,AS-0100
536183,SS-1700
536212,MW-1800
536224,IT-0200
536238,RS-2800
536267,KB-2500
536268,KD-0100
536286,RJ-2000
536322,KM-2000
536332,NC-0100
536333,RS-2800
536334,JW-5100
536383,JG-3450
536437,BB-3400
536440,ET-0200
536468,ST-1200
536477,KW-2500
536541,RA-0800
536546,TW-2700
536564,CP-2500
536697,CJ-2050
536705,CF-0500
536716,MC-1900
536718,CF-0500
536744,BF-0600
536748,TJ-2250
536777,SM-3000
536778,BS-3200
536787,JJ-1550
536795,MC-1900
536797,BS-3200
536822,JJ-1550
536865,KL-0600
536890,WA-0100
536892,IT-0100
536902,KL-0600
536903,WA-0100
536941,RK-0500
536947,KL-0600
536963,WA-0100
536972,CA-0600
537008,JM-2800
537021,DM-3600
537028,JM-2800
537032,AA-1900
537074,CV-0200
537127,PA-0400
537155,RP-1200
537179,BF-0800
537188,TB-2400
537193,SR-1300
537209,DJ-1600
537232,LH-1900
537253,BF-0800
537283,PL-0100
537310,MC-1350
537366,OS-0200
537415,BC-0500
537487,CB-0100
537489,DT-1950
537492,RH-0700
537494,CL-1300
537502,RM-4600
537510,JG-3600
537517,CB-0100
537540,NI-0100
537541,CH-1500
537593,PR-0400
537607,CH-1500
537609,TC-1000
537621,KV-0400
537627,RH-0700
537633,WW-0900
537637,RM-4600
537693,CC-5300
537708,CC-5300
537724,PC-0800
537746,TB-2800
537750,TB-2800
537756,CC-5300
537764,DG-1300
537778,TB-2800
537790,TB-2800
537797,CC-5300
537802,TB-2800
537803,PW-1200
