PID,FGXP,FKICKER,DIST,GOOD
518093,FG,LT-1100,22,Y
518114,XP,DB-0200,20,Y
518129,XP,DB-0200,20,Y
518140,XP,LT-1100,20,Y
518149,FG,DB-0200,33,Y
518172,XP,DB-0200,20,Y
518186,XP,LT-1100,20,Y
518206,XP,AV-0400,20,Y
518221,XP,RG-1500,20,Y
518251,XP,RG-1500,20,Y
518262,FG,RG-1500,35,Y
518270,XP,AV-0400,20,Y
518281,XP,RG-1500,20,Y
518288,FG,AV-0400,37,N
518299,XP,RG-1500,20,Y
518304,FG,RG-1500,26,Y
518341,XP,AV-0400,20,Y
518350,XP,RG-1500,20,Y
518384,FG,PD-0200,43,Y
518408,FG,AH-2600,42,Y
518461,XP,AH-2600,20,Y
518491,FG,PD-0200,42,Y
518511,FG,PD-0200,22,Y
518515,XP,PD-0200,20,Y
518527,FG,AH-2600,45,N
518552,XP,AH-2600,20,Y
518571,XP,MB-4600,20,Y
518583,FG,RS-3400,39,Y
518589,FG,MB-4600,34,Y
518600,XP,RS-3400,20,Y
518610,XP,MB-4600,20,Y
518620,XP,RS-3400,20,Y
518632,FG,MB-4600,21,Y
518646,FG,RS-3400,40,N
518656,XP,MB-4600,20,Y
518662,XP,MB-4600,20,Y
518673,FG,MB-4600,30,Y
518681,FG,MB-4600,41,Y
518710,XP,RS-3400,20,Y
518734,XP,NF-0300,20,Y
518748,XP,NF-0300,20,Y
518756,XP,NF-0300,20,Y
518765,XP,RL-0900,20,Y
518781,FG,NF-0300,25,Y
518791,FG,NF-0300,39,Y
518798,XP,NF-0300,20,Y
518809,XP,NF-0300,20,Y
518821,XP,RL-0900,20,Y
518847,XP,RL-0900,20,Y
518859,XP,RL-0900,20,Y
518870,XP,NF-0300,20,Y
518899,FG,GZ-2000,48,Y
518915,XP,JH-0900,20,Y
518931,FG,GZ-2000,29,Y
518936,XP,GZ-2000,20,Y
518942,FG,JH-0900,41,Y
518956,FG,JH-0900,45,Y
518995,XP,GZ-2000,20,Y
519002,XP,JH-0900,20,Y
519016,FG,GZ-2000,46,Y
519027,XP,JH-0900,20,Y
519047,FG,BC-3000,37,Y
519056,XP,GH-0600,20,Y
519059,XP,BC-3000,20,Y
519079,XP,BC-3000,20,Y
519092,FG,BC-3000,41,Y
519108,XP,GH-0600,20,Y
519121,XP,BC-3000,20,Y
519136,FG,BC-3000,37,Y
519153,FG,GH-0600,21,Y
519169,FG,BC-3000,45,Y
519196,XP,BC-3000,20,Y
519209,XP,GH-0600,20,Y
519241,FG,SG-1100,52,N
519249,FG,DC-0500,39,Y
519281,FG,SG-1100,35,Y
519297,XP,SG-1100,20,Y
519303,XP,SG-1100,20,Y
519309,XP,SG-1100,20,Y
519317,XP,DC-0500,20,Y
519329,FG,SG-1100,40,Y
519346,FG,SG-1100,19,Y
519394,FG,RB-2200,28,Y
519412,XP,SG-0800,20,Y
519428,XP,SG-0800,20,Y
519449,XP,SG-0800,20,Y
519471,XP,RB-2200,20,Y
519495,XP,SG-0800,20,Y
519514,FG,RB-2200,24,Y
519527,FG,SG-0800,25,Y
519538,FG,SG-0800,31,Y
519566,FG,JS-1100,19,Y
519593,XP,JS-1100,20,N
519613,XP,BW-0350,20,Y
519628,XP,BW-0350,20,Y
519641,FG,JS-1100,26,Y
519653,FG,BW-0350,20,Y
519664,FG,JS-1100,47,Y
519675,FG,BW-0350,42,Y
519698,FG,BW-0350,55,Y
519707,FG,BW-0350,38,Y
519733,XP,CB-0700,20,Y
519743,FG,CB-0700,36,Y
519768,FG,CB-0700,20,Y
519795,XP,JM-4000,20,Y
519831,FG,CB-0700,40,Y
519848,FG,JM-4000,21,Y
519865,FG,SH-0400,50,N
519874,FG,SH-0400,27,Y
519889,FG,JF-0900,21,Y
519912,XP,JF-0900,20,Y
519949,FG,JF-0900,31,Y
519956,XP,SH-0400,20,Y
519963,FG,SH-0400,47,Y
519994,FG,SH-0400,39,Y
520009,XP,JF-0900,20,Y
520057,FG,DA-0300,40,Y
520079,XP,DA-0300,20,Y
520096,XP,MC-3000,20,Y
520108,FG,DA-0300,43,Y
520118,FG,DA-0300,63,Y
520134,XP,DA-0300,20,Y
520171,XP,DA-0300,20,Y
520180,XP,MC-3000,20,Y
520244,FG,SS-3100,21,Y
520258,XP,MP-2100,20,Y
520276,XP,SS-3100,20,Y
520299,FG,SS-3100,35,Y
520303,XP,MP-2100,20,Y
520350,FG,MP-2100,26,Y
520368,FG,JT-3950,46,Y
520386,XP,JT-3950,20,Y
520402,FG,MN-0800,34,Y
520409,XP,JT-3950,20,Y
520439,XP,MN-0800,20,Y
520454,FG,MN-0800,19,Y
520467,XP,JT-3950,20,Y
520480,FG,JT-3950,40,Y
520485,XP,JT-3950,20,Y
520493,XP,JT-3950,20,Y
520520,FG,JT-3950,39,Y
520549,FG,SJ-0300,51,Y
520559,FG,NK-0200,23,Y
520585,XP,NK-0200,20,Y
520601,FG,SJ-0300,19,Y
520624,FG,NK-0200,28,Y
520634,FG,NK-0200,19,Y
520648,FG,NK-0200,41,Y
520665,FG,NK-0200,45,Y
520731,FG,MC-3000,48,Y
520754,XP,MC-3000,20,Y
520767,FG,MC-3000,35,Y
520781,FG,RG-1500,45,Y
520808,FG,MC-3000,54,Y
520812,XP,MC-3000,20,Y
520827,XP,RG-1500,20,Y
520852,XP,MN-0800,20,Y
520863,FG,PD-0200,50,Y
520895,XP,MN-0800,20,Y
520903,XP,PD-0200,20,Y
520914,FG,MN-0800,39,Y
520939,XP,MN-0800,20,Y
520967,XP,PD-0200,20,Y
520977,XP,MN-0800,20,Y
520987,XP,PD-0200,20,Y
521000,FG,MN-0800,37,Y
521010,FG,PD-0200,25,Y
521042,XP,RL-0900,20,Y
521055,XP,RL-0900,20,Y
521077,XP,RL-0900,20,Y
521111,FG,RS-3400,33,Y
521118,XP,RL-0900,20,Y
521125,XP,RL-0900,20,Y
521151,XP,RS-3400,20,Y
521166,XP,RS-3400,20,Y
521191,FG,BW-0350,51,Y
521207,XP,AV-0400,20,Y
521217,FG,BW-0350,29,Y
521239,FG,AV-0400,26,Y
521253,XP,AV-0400,20,Y
521273,FG,AV-0400,45,Y
521318,XP,BW-0350,20,Y
521337,XP,BW-0350,20,Y
521343,FG,AV-0400,53,Y
521367,XP,AH-2600,20,Y
521376,XP,JT-3950,20,Y
521400,XP,JT-3950,20,Y
521426,FG,JT-3950,56,Y
521440,XP,AH-2600,20,Y
521456,FG,AH-2600,23,Y
521485,FG,JT-3950,51,Y
521504,FG,JT-3950,48,Y
521516,XP,AH-2600,20,Y
521534,FG,LT-1100,37,Y
521542,FG,CB-0700,45,Y
521556,FG,LT-1100,24,Y
521569,XP,CB-0700,20,Y
521587,XP,CB-0700,20,Y
521599,XP,LT-1100,20,Y
521611,XP,CB-0700,20,Y
521619,FG,CB-0700,52,Y
521648,FG,LT-1100,36,Y
521660,FG,LT-1100,24,Y
521682,XP,LT-1100,20,Y
521689,XP,CB-0700,20,Y
521696,XP,LT-1100,20,Y
521715,FG,SG-1100,31,Y
521742,XP,SG-1100,20,Y
521766,XP,SG-1100,20,Y
521805,XP,JS-1100,20,Y
521825,XP,SG-1100,20,Y
521850,FG,SG-1100,37,Y
521878,XP,GH-0600,20,Y
521889,XP,JM-4000,20,Y
521901,FG,GH-0600,22,Y
521923,FG,GH-0600,53,Y
521933,XP,JM-4000,20,Y
521947,XP,JM-4000,20,Y
521969,XP,JM-4000,20,Y
521996,XP,GH-0600,20,Y
522004,XP,JM-4000,20,Y
522029,XP,GH-0600,20,Y
522051,FG,JF-0900,38,Y
522058,FG,JF-0900,47,Y
522071,FG,SG-0800,46,Y
522094,FG,SG-0800,34,Y
522127,FG,SG-0800,51,Y
522141,XP,JF-0900,20,Y
522166,XP,JF-0900,20,Y
522186,FG,SG-0800,53,Y
522215,FG,SG-0800,42,N
522219,XP,BC-3000,20,Y
522233,FG,GZ-2000,39,Y
522256,XP,BC-3000,20,Y
522273,FG,GZ-2000,33,Y
522279,XP,BC-3000,20,Y
522288,XP,GZ-2000,20,Y
522299,FG,GZ-2000,42,Y
522312,XP,GZ-2000,20,Y
522323,XP,BC-3000,20,Y
522380,FG,BC-3000,62,N
522390,FG,SH-0400,21,Y
522396,XP,SH-0400,20,Y
522427,XP,DB-0200,20,Y
522450,FG,SH-0400,25,Y
522485,XP,SH-0400,20,Y
522510,XP,SH-0400,20,Y
522548,XP,NK-0200,20,Y
522558,XP,NK-0200,20,Y
522573,FG,NK-0200,26,Y
522597,FG,RB-2200,23,Y
522642,XP,NK-0200,20,Y
522647,XP,RB-2200,20,Y
522661,XP,NK-0200,20,Y
522680,XP,NK-0200,20,Y
522699,XP,DC-0500,20,Y
522722,XP,SJ-0300,20,Y
522770,FG,SJ-0300,25,Y
522791,XP,DC-0500,20,Y
522803,XP,DC-0500,20,Y
522819,FG,SJ-0300,27,Y
522830,XP,DC-0500,20,Y
522845,XP,DC-0500,20,Y
522871,FG,SS-3100,45,Y
522883,XP,NF-0300,20,Y
522893,FG,SS-3100,45,Y
522908,FG,NF-0300,38,Y
522929,XP,SS-3100,20,Y
522947,XP,SS-3100,20,Y
522995,XP,SS-3100,20,Y
523021,XP,DA-0300,20,Y
523032,FG,JH-0900,38,Y
523037,FG,JH-0900,41,Y
523054,XP,DA-0300,20,Y
523081,FG,JH-0900,40,N
523103,FG,DA-0300,36,Y
523114,FG,JH-0900,40,Y
523125,FG,DA-0300,48,Y
523136,FG,JH-0900,48,Y
523151,XP,DA-0300,20,Y
523164,XP,JH-0900,20,Y
523176,XP,MB-4600,20,Y
523188,FG,MB-4600,37,Y
523225,FG,MB-4600,42,Y
523239,XP,MB-4600,20,Y
523258,XP,MP-2100,20,Y
523279,XP,MB-4600,20,Y
523310,XP,MP-2100,20,Y
523335,XP,MP-2100,20,Y
523353,XP,LT-1100,20,Y
523371,FG,LT-1100,47,Y
523388,XP,LT-1100,20,Y
523408,FG,LT-1100,49,Y
523427,FG,LT-1100,30,Y
523442,XP,JM-4000,20,Y
523453,FG,LT-1100,36,Y
523469,XP,LT-1100,20,Y
523491,FG,LT-1100,27,Y
523511,FG,RG-1500,54,Y
523565,XP,RG-1500,20,Y
523577,FG,GZ-2000,56,Y
523601,FG,GZ-2000,46,Y
523627,FG,RG-1500,22,Y
523633,XP,RG-1500,20,Y
523651,FG,RG-1500,37,Y
523672,XP,RL-0900,20,Y
523682,XP,RL-0900,20,Y
523724,XP,PD-0200,20,Y
523751,FG,RL-0900,37,Y
523779,XP,PD-0200,20,Y
523801,XP,RL-0900,20,Y
523841,FG,JS-1100,44,Y
523851,XP,AV-0400,20,Y
523900,XP,AV-0400,20,Y
523911,XP,JS-1100,20,Y
523934,FG,JS-1100,47,Y
523955,FG,JS-1100,26,Y
523969,FG,AV-0400,36,N
523989,FG,AV-0400,37,Y
524013,XP,CB-0700,20,Y
524035,XP,DB-0200,20,Y
524067,FG,DB-0200,32,Y
524128,FG,DB-0200,26,Y
524148,FG,DB-0200,22,Y
524160,FG,CB-0700,28,Y
524179,XP,DC-0500,20,Y
524218,FG,DC-0500,21,Y
524236,FG,NF-0300,33,Y
524247,XP,NF-0300,20,Y
524277,XP,DC-0500,20,Y
524287,FG,NF-0300,20,Y
524298,FG,DC-0500,47,N
524326,XP,NF-0300,20,Y
524340,FG,DC-0500,41,Y
524362,FG,DC-0500,48,N
524367,FG,NF-0300,33,Y
524370,XP,MN-0800,20,Y
524380,XP,BC-3000,20,Y
524402,XP,MN-0800,20,Y
524435,FG,MN-0800,47,Y
524441,XP,MN-0800,20,Y
524451,FG,BC-3000,36,Y
524464,XP,BC-3000,20,Y
524480,XP,BC-3000,20,Y
524501,XP,MN-0800,20,Y
524513,XP,MN-0800,20,Y
524528,XP,BC-3000,20,Y
524551,XP,GH-0600,20,Y
524566,FG,RS-3400,25,Y
524577,FG,GH-0600,40,Y
524604,FG,RS-3400,45,Y
524616,FG,GH-0600,38,N
524630,XP,GH-0600,20,Y
524651,XP,GH-0600,20,Y
524654,XP,RS-3400,20,Y
524669,FG,RS-3400,34,Y
524686,FG,RS-3400,38,Y
524712,FG,RS-3400,43,Y
524739,FG,RS-3400,31,Y
524749,FG,JH-0900,47,Y
524762,FG,JH-0900,53,Y
524773,FG,RB-2200,31,Y
524779,XP,RB-2200,20,Y
524788,XP,RB-2200,20,Y
524802,FG,JH-0900,33,Y
524823,FG,RB-2200,38,Y
524839,FG,RB-2200,41,N
524848,XP,JH-0900,20,Y
524858,FG,RB-2200,48,N
524869,FG,JH-0900,26,Y
524884,XP,RB-2200,20,Y
524894,XP,RB-2200,20,Y
524904,XP,RB-2200,20,Y
524914,XP,JH-0900,20,Y
524918,XP,JH-0900,20,Y
524933,FG,RB-2200,26,Y
524961,XP,BW-0350,20,Y
524988,FG,DA-0300,29,Y
525001,XP,BW-0350,20,Y
525014,FG,DA-0300,43,N
525023,FG,BW-0350,52,Y
525029,FG,DA-0300,29,Y
525044,XP,DA-0300,20,Y
525061,XP,BW-0350,20,Y
525117,FG,JF-0900,47,Y
525139,XP,JF-0900,20,Y
525162,XP,JF-0900,20,Y
525186,XP,JF-0900,20,Y
525206,FG,AH-2600,36,Y
525219,FG,AH-2600,40,Y
525247,FG,JF-0900,27,Y
525325,XP,MB-4600,20,Y
525334,XP,MB-4600,20,Y
525352,FG,NK-0200,41,Y
525388,XP,MB-4600,20,Y
525428,FG,MP-2100,32,Y
525435,XP,SG-1100,20,Y
525461,XP,SG-1100,20,Y
525469,XP,SG-1100,20,Y
525479,FG,MP-2100,23,Y
525502,FG,MP-2100,53,Y
525521,FG,SG-1100,41,Y
525544,XP,SG-1100,20,Y
525564,XP,MP-2100,20,Y
525588,XP,MP-2100,20,Y
525609,XP,SS-3100,20,Y
525614,XP,SJ-0300,20,Y
525628,XP,SS-3100,20,Y
525670,XP,SJ-0300,20,Y
525680,FG,SS-3100,33,Y
525692,XP,SS-3100,20,Y
525704,XP,SJ-0300,20,Y
525715,XP,SS-3100,20,Y
525730,XP,SJ-0300,20,Y
525744,FG,SJ-0300,32,Y
525763,FG,SJ-0300,43,Y
525781,FG,SG-0800,37,Y
525787,XP,SG-0800,20,Y
525804,FG,SG-0800,49,Y
525821,XP,JT-3950,20,Y
525841,XP,JT-3950,20,Y
525854,XP,SG-0800,20,Y
525866,XP,JT-3950,20,Y
525880,XP,SG-0800,20,Y
525904,FG,SG-0800,20,Y
525932,XP,JT-3950,20,Y
525951,FG,JT-3950,27,Y
526011,XP,SH-0400,20,Y
526042,FG,MC-3000,29,Y
526061,FG,MC-3000,40,Y
526111,XP,SH-0400,20,Y
526157,XP,JT-3950,20,N
526169,FG,JT-3950,45,Y
526190,XP,PD-0200,20,Y
526223,XP,JT-3950,20,Y
526232,FG,PD-0200,51,Y
526245,FG,JT-3950,47,N
526251,XP,JT-3950,20,Y
526260,FG,PD-0200,50,Y
526282,FG,PD-0200,52,Y
526320,XP,SG-0800,20,Y
526349,FG,SG-0800,49,N
526357,XP,RL-0900,20,Y
526369,FG,SG-0800,42,N
526375,XP,RL-0900,20,Y
526399,XP,RL-0900,20,Y
526409,XP,SG-0800,20,Y
526423,XP,SG-0800,20,Y
526435,XP,SG-0800,20,Y
526446,XP,SG-0800,20,Y
526454,XP,SG-0800,20,Y
526467,XP,RL-0900,20,Y
526475,XP,SG-0800,20,Y
526481,FG,SG-0800,30,Y
526499,XP,NN-0200,20,Y
526508,FG,NN-0200,24,Y
526514,XP,NN-0200,20,Y
526541,FG,NN-0200,47,Y
526563,XP,NN-0200,20,Y
526590,XP,RS-3400,20,Y
526625,XP,NN-0200,20,Y
526634,XP,RS-3400,20,Y
526644,FG,NN-0200,45,Y
526666,XP,JM-4000,20,Y
526693,XP,MB-4600,20,Y
526701,FG,MB-4600,41,Y
526710,XP,JM-4000,20,Y
526728,XP,MB-4600,20,Y
526749,XP,MB-4600,20,Y
526764,XP,JM-4000,20,Y
526791,XP,JM-4000,20,Y
526801,FG,MB-4600,33,Y
526823,FG,MB-4600,40,Y
526863,XP,DA-0300,20,Y
526876,FG,DA-0300,55,N
526899,FG,DA-0300,36,Y
526909,FG,DA-0300,40,N
526931,XP,DA-0300,20,Y
526940,XP,DA-0300,20,Y
526955,FG,DA-0300,40,Y
526966,XP,DA-0300,20,Y
526980,XP,BW-0350,20,Y
526986,FG,JH-0900,40,Y
527011,FG,BW-0350,49,Y
527032,FG,BW-0350,27,Y
527048,FG,JH-0900,31,Y
527063,XP,BW-0350,20,Y
527100,FG,BW-0350,46,N
527129,XP,JH-0900,20,Y
527156,XP,SH-0400,20,Y
527168,FG,GZ-2000,58,Y
527210,XP,GZ-2000,20,Y
527220,FG,GZ-2000,48,Y
527225,FG,GZ-2000,60,Y
527247,FG,SH-0400,31,Y
527261,FG,SH-0400,30,Y
527277,FG,GZ-2000,24,Y
527308,XP,SG-1100,20,Y
527333,XP,SG-1100,20,Y
527352,XP,RB-2200,20,Y
527385,XP,SG-1100,20,Y
527402,XP,SG-1100,20,Y
527431,FG,SG-1100,33,Y
527438,XP,SG-1100,20,Y
527450,XP,RB-2200,20,Y
527466,XP,MP-2100,20,Y
527476,FG,SJ-0300,38,Y
527492,FG,MP-2100,21,Y
527528,FG,SJ-0300,24,Y
527545,XP,MP-2100,20,Y
527555,XP,MP-2100,20,Y
527566,XP,MP-2100,20,Y
527584,FG,MP-2100,43,Y
527603,FG,MP-2100,53,Y
527657,FG,DC-0500,32,Y
527683,XP,DC-0500,20,Y
527692,FG,DC-0500,27,Y
527701,FG,DC-0500,51,N
527710,XP,JF-0900,20,Y
527753,XP,JF-0900,20,Y
527783,XP,JF-0900,20,Y
527802,FG,JF-0900,46,Y
527826,FG,MN-0800,35,Y
527841,XP,JS-1100,20,Y
527861,XP,MN-0800,20,Y
527876,XP,MN-0800,20,Y
527908,FG,JS-1100,21,Y
527919,XP,MN-0800,20,Y
527925,FG,MN-0800,35,Y
527977,FG,CB-0700,50,Y
527987,XP,BC-3000,20,Y
527999,FG,BC-3000,41,N
528010,XP,BC-3000,20,Y
528018,XP,BC-3000,20,Y
528028,FG,CB-0700,57,Y
528042,FG,BC-3000,57,N
528077,XP,CB-0700,20,Y
528088,FG,BC-3000,31,N
528117,FG,CB-0700,47,Y
528126,FG,BC-3000,41,Y
528145,XP,MC-3000,20,Y
528159,XP,GH-0600,20,Y
528173,XP,MC-3000,20,Y
528199,XP,MC-3000,20,Y
528215,XP,GH-0600,20,Y
528235,FG,GH-0600,20,Y
528252,XP,GH-0600,20,Y
528268,FG,GH-0600,27,Y
528288,XP,MC-3000,20,Y
528304,FG,GH-0600,48,N
528386,XP,AH-2600,20,Y
528397,FG,LT-1100,25,Y
528409,FG,AH-2600,20,Y
528419,XP,LT-1100,20,Y
528428,FG,AH-2600,48,Y
528445,FG,AH-2600,35,Y
528452,XP,LT-1100,20,Y
528465,FG,AH-2600,26,Y
528477,FG,LT-1100,54,N
528531,FG,RG-1500,43,Y
528536,XP,RG-1500,20,Y
528547,XP,DB-0200,20,Y
528556,XP,RG-1500,20,Y
528570,XP,RG-1500,20,Y
528581,FG,DB-0200,39,Y
528593,FG,RG-1500,21,Y
528610,XP,RG-1500,20,Y
528638,XP,GZ-2000,20,Y
528657,FG,JF-0900,35,Y
528681,FG,GZ-2000,53,Y
528702,FG,JF-0900,40,N
528764,XP,GZ-2000,20,Y
528811,FG,MN-0800,42,Y
528834,FG,MN-0800,24,Y
528857,XP,DC-0500,20,Y
528884,XP,DC-0500,20,Y
528896,FG,DC-0500,46,Y
528908,FG,DC-0500,53,N
528918,XP,MN-0800,20,Y
528946,FG,MN-0800,41,N
528992,FG,JT-3950,28,Y
529025,FG,RS-3400,30,Y
529059,FG,JT-3950,26,Y
529078,FG,JT-3950,39,Y
529103,FG,RS-3400,31,Y
529145,XP,MC-3000,20,Y
529180,FG,AV-0400,24,Y
529187,XP,MC-3000,20,Y
529199,FG,AV-0400,53,N
529222,XP,AV-0400,20,Y
529235,FG,AV-0400,50,Y
529245,FG,MC-3000,52,N
529277,FG,AV-0400,28,Y
529312,FG,MC-3000,51,N
529318,XP,PD-0200,20,Y
529333,XP,PD-0200,20,Y
529348,XP,LT-1100,20,Y
529360,FG,PD-0200,32,Y
529375,FG,LT-1100,29,Y
529386,XP,LT-1100,20,Y
529393,XP,LT-1100,20,Y
529403,FG,LT-1100,40,Y
529423,XP,LT-1100,20,Y
529428,FG,PD-0200,41,Y
529462,XP,LT-1100,20,Y
529471,XP,PD-0200,20,Y
529530,XP,BC-3000,20,Y
529547,FG,BC-3000,31,N
529558,XP,MB-4600,20,Y
529582,FG,BC-3000,23,Y
529604,XP,MB-4600,20,Y
529609,XP,BC-3000,20,Y
529620,FG,MB-4600,53,Y
529632,XP,MB-4600,20,Y
529704,XP,SS-3100,20,Y
529725,FG,SS-3100,20,Y
529746,XP,AH-2600,20,Y
529764,FG,SS-3100,34,Y
529783,XP,AH-2600,20,Y
529799,FG,SS-3100,34,Y
529826,XP,BW-0350,20,Y
529849,FG,BW-0350,42,Y
529869,FG,BW-0350,36,Y
529903,FG,BW-0350,26,Y
529916,XP,BW-0350,20,Y
529930,XP,RB-2200,20,Y
529939,XP,BW-0350,20,Y
529994,FG,RG-1500,32,Y
530010,FG,JS-1100,31,Y
530071,FG,RG-1500,31,Y
530075,XP,RG-1500,20,Y
530092,XP,RG-1500,20,Y
530107,XP,RG-1500,20,Y
530113,XP,RG-1500,20,Y
530127,XP,RG-1500,20,Y
530148,FG,SH-0400,22,Y
530181,FG,SH-0400,36,Y
530207,FG,JM-4000,32,Y
530217,XP,JM-4000,20,Y
530246,XP,SH-0400,20,Y
530258,FG,SH-0400,44,Y
530299,FG,DA-0300,19,Y
530326,FG,RL-0900,31,Y
530331,XP,DA-0300,20,Y
530357,XP,DA-0300,20,Y
530374,XP,DA-0300,20,Y
530395,XP,DA-0300,20,Y
530410,XP,DA-0300,20,Y
530427,XP,DA-0300,20,Y
530464,XP,SG-0800,20,Y
530477,XP,MP-2100,20,Y
530494,XP,SG-0800,20,Y
530519,FG,SG-0800,23,Y
530552,XP,SG-0800,20,Y
530558,XP,SG-0800,20,Y
530570,XP,MP-2100,20,Y
530600,XP,MP-2100,20,Y
530639,XP,NN-0200,20,Y
530650,XP,GH-0600,20,Y
530671,FG,NN-0200,20,Y
530680,XP,GH-0600,20,Y
530690,FG,NN-0200,55,N
530699,XP,NN-0200,20,Y
530714,XP,NN-0200,20,Y
530746,XP,GH-0600,20,Y
530763,XP,GH-0600,20,Y
530778,FG,GH-0600,26,Y
530804,XP,SG-1100,20,Y
530827,XP,NF-0300,20,Y
530847,XP,SG-1100,20,Y
530879,FG,SG-1100,27,Y
530899,FG,SG-1100,42,Y
530901,XP,NF-0300,20,Y
530910,FG,SG-1100,22,Y
530920,FG,NF-0300,21,Y
530962,FG,RB-2200,22,Y
530970,FG,SS-3100,29,Y
530977,XP,SS-3100,20,Y
530987,FG,RB-2200,38,Y
530995,XP,RB-2200,20,Y
531042,FG,RB-2200,47,Y
531054,FG,SS-3100,28,Y
531079,XP,SS-3100,20,Y
531091,FG,SS-3100,52,Y
531105,XP,RB-2200,20,Y
531115,FG,SS-3100,54,N
531120,FG,RB-2200,40,Y
531138,XP,MN-0800,20,Y
531158,XP,PD-0200,20,Y
531187,XP,MN-0800,20,Y
531222,FG,PD-0200,41,Y
531230,FG,PD-0200,38,Y
531246,XP,PD-0200,20,Y
531256,FG,MN-0800,44,Y
531264,XP,PD-0200,20,Y
531267,XP,PD-0200,20,Y
531275,XP,MN-0800,20,Y
531333,XP,CB-0700,20,Y
531349,FG,RS-3400,38,Y
531362,FG,CB-0700,55,N
531377,XP,CB-0700,20,Y
531387,XP,CB-0700,20,Y
531412,XP,RS-3400,20,Y
531420,FG,CB-0700,27,Y
531431,XP,CB-0700,20,Y
531446,XP,CB-0700,20,Y
531459,FG,GZ-2000,48,Y
531475,FG,GZ-2000,32,Y
531504,FG,GZ-2000,52,N
531512,XP,DC-0500,20,Y
531517,FG,DC-0500,42,Y
531533,FG,GZ-2000,37,N
531548,XP,DC-0500,20,Y
531609,FG,GZ-2000,66,N
531623,FG,JH-0900,46,Y
531643,FG,JH-0900,34,Y
531690,XP,AH-2600,20,Y
531719,FG,AH-2600,26,Y
531736,FG,AH-2600,32,Y
531750,FG,AH-2600,49,Y
531762,XP,JH-0900,20,Y
531778,XP,AH-2600,20,Y
531788,XP,JH-0900,20,Y
531806,FG,JH-0900,19,Y
531818,FG,JH-0900,45,Y
531830,FG,MB-4600,43,N
531850,FG,SJ-0300,52,Y
531862,XP,MB-4600,20,Y
531874,FG,SJ-0300,22,Y
531882,XP,SJ-0300,20,Y
531915,FG,MB-4600,41,Y
531923,FG,MB-4600,20,Y
531958,XP,MB-4600,20,Y
531969,XP,SJ-0300,20,Y
531977,FG,MB-4600,55,Y
532000,FG,AV-0400,20,Y
532016,XP,NF-0300,20,Y
532026,XP,NF-0300,20,Y
532040,FG,AV-0400,50,Y
532054,XP,NF-0300,20,Y
532090,XP,NF-0300,20,Y
532100,FG,AV-0400,47,Y
532133,XP,NF-0300,20,Y
532155,FG,JT-3950,38,Y
532166,XP,DB-0200,20,Y
532184,FG,DB-0200,42,Y
532197,XP,JT-3950,20,Y
532220,XP,JT-3950,20,Y
532231,FG,DB-0200,43,Y
532233,XP,JT-3950,20,Y
532250,XP,DB-0200,20,Y
532275,FG,DB-0200,34,Y
532289,XP,JT-3950,20,Y
532318,FG,DB-0200,51,N
532325,FG,JF-0900,49,Y
532349,XP,RL-0900,20,Y
532380,XP,JF-0900,20,Y
532427,FG,JF-0900,49,Y
532434,XP,RL-0900,20,Y
532472,FG,JF-0900,61,Y
532481,FG,JF-0900,38,N
532497,FG,RL-0900,25,Y
532515,FG,SH-0400,34,Y
532523,XP,SG-0800,20,Y
532533,XP,SH-0400,20,Y
532552,XP,SG-0800,20,Y
532571,FG,SG-0800,25,Y
532595,FG,SG-0800,35,Y
532635,FG,SG-0800,35,Y
532642,XP,SH-0400,20,Y
532664,XP,SH-0400,20,Y
532684,FG,DA-0300,43,N
532700,FG,DA-0300,42,Y
532717,XP,LT-1100,20,Y
532731,FG,LT-1100,34,Y
532745,FG,LT-1100,40,N
532747,FG,DA-0300,52,N
532756,XP,LT-1100,20,Y
532765,FG,LT-1100,30,Y
532774,FG,LT-1100,22,Y
532819,FG,LT-1100,32,Y
532839,FG,BW-0350,20,Y
532852,FG,BW-0350,27,Y
532863,FG,BW-0350,27,Y
532877,FG,KF-0250,50,Y
532896,XP,KF-0250,20,Y
532900,XP,KF-0250,20,Y
532922,XP,KF-0250,20,Y
532935,FG,BW-0350,37,Y
532952,XP,KF-0250,20,Y
532984,XP,KF-0250,20,Y
533017,XP,MC-3000,20,Y
533047,XP,MC-3000,20,Y
533060,XP,SG-1100,20,Y
533070,XP,MC-3000,20,Y
533080,FG,SG-1100,51,Y
533111,XP,MC-3000,20,Y
533132,XP,SG-1100,20,Y
533137,XP,MC-3000,20,Y
533145,XP,MC-3000,20,Y
533164,XP,SG-1100,20,Y
533200,FG,NN-0200,32,Y
533204,XP,NN-0200,20,Y
533245,XP,NN-0200,20,Y
533262,XP,NN-0200,20,Y
533274,XP,MP-2100,20,Y
533287,XP,MP-2100,20,Y
533304,XP,MP-2100,20,Y
533316,XP,MP-2100,20,Y
533338,XP,MP-2100,20,Y
533370,FG,SH-0400,52,Y
533382,FG,DA-0300,38,Y
533391,FG,SH-0400,35,Y
533404,FG,SH-0400,51,N
533444,XP,DA-0300,20,Y
533470,FG,DA-0300,28,Y
533500,XP,RB-2200,20,Y
533516,XP,RL-0900,20,Y
533519,XP,RB-2200,20,Y
533521,XP,RL-0900,20,Y
533537,XP,RB-2200,20,Y
533548,FG,RL-0900,31,Y
533566,FG,RL-0900,42,Y
533578,XP,RB-2200,20,Y
533587,XP,RL-0900,20,Y
533604,XP,RL-0900,20,Y
533639,XP,RB-2200,20,Y
533653,XP,CB-0700,20,Y
533669,XP,CB-0700,20,Y
533680,XP,GH-0600,20,Y
533688,XP,CB-0700,20,Y
533699,XP,GH-0600,20,Y
533712,XP,GH-0600,20,Y
533729,XP,GH-0600,20,Y
533743,FG,CB-0700,42,N
533769,XP,GH-0600,20,Y
533798,XP,CB-0700,20,Y
533831,XP,AV-0400,20,Y
533851,XP,PD-0200,20,N
533868,XP,AV-0400,20,Y
533904,XP,PD-0200,20,Y
533923,FG,AV-0400,38,Y
534005,FG,KF-0250,20,Y
534019,XP,LT-1100,20,Y
534029,XP,KF-0250,20,Y
534040,FG,LT-1100,27,Y
534047,FG,KF-0250,43,Y
534058,FG,LT-1100,39,Y
534096,XP,LT-1100,20,Y
534113,FG,KF-0250,45,Y
534129,XP,KF-0250,20,Y
534133,XP,LT-1100,20,Y
534171,FG,DB-0200,19,Y
534202,XP,JM-4000,20,Y
534223,XP,DB-0200,20,Y
534237,FG,DB-0200,49,Y
534257,XP,JM-4000,20,Y
534279,FG,DB-0200,28,Y
534291,FG,DB-0200,38,Y
534317,FG,GZ-2000,50,Y
534325,XP,MC-3000,20,Y
534332,FG,MC-3000,47,Y
534367,FG,GZ-2000,43,Y
534375,FG,MC-3000,58,N
534389,XP,MC-3000,20,Y
534416,FG,MC-3000,23,Y
534424,XP,GZ-2000,20,Y
534436,XP,MC-3000,20,Y
534445,FG,MC-3000,48,Y
534458,XP,GZ-2000,20,Y
534473,FG,JT-3950,51,Y
534502,XP,SG-1100,20,Y
534506,XP,SG-1100,20,Y
534529,XP,SG-1100,20,Y
534542,FG,SG-1100,33,Y
534561,FG,SG-1100,29,Y
534578,XP,JT-3950,20,Y
534593,XP,SG-1100,20,Y
534609,FG,JT-3950,54,Y
534617,XP,SG-1100,20,Y
534651,XP,BW-0350,20,Y
534673,XP,JF-0900,20,Y
534688,XP,BW-0350,20,Y
534708,FG,JF-0900,47,N
534713,XP,BW-0350,20,Y
534782,XP,JF-0900,20,Y
534807,XP,NF-0300,20,Y
534809,XP,SG-0800,20,Y
534822,XP,SG-0800,20,Y
534879,FG,NF-0300,54,Y
534892,FG,NF-0300,21,Y
534911,XP,SG-0800,20,Y
534940,XP,NF-0300,20,Y
534952,FG,NF-0300,43,Y
534957,FG,NF-0300,43,Y
534964,FG,SG-0800,43,Y
534978,FG,SG-0800,48,Y
535008,FG,SJ-0300,21,Y
535016,XP,JS-1100,20,Y
535036,XP,JS-1100,20,Y
535051,FG,JS-1100,50,Y
535067,FG,SJ-0300,33,Y
535080,FG,JS-1100,40,Y
535092,XP,SJ-0300,20,Y
535112,FG,JS-1100,45,Y
535127,FG,SJ-0300,31,Y
535145,XP,SJ-0300,20,Y
535166,FG,SJ-0300,64,N
535172,FG,SJ-0300,40,Y
535182,FG,SS-3100,42,Y
535199,XP,MN-0800,20,Y
535220,XP,MN-0800,20,Y
535231,FG,SS-3100,47,Y
535256,FG,MN-0800,48,Y
535263,FG,SS-3100,42,Y
535286,XP,SS-3100,20,Y
535333,XP,RG-1500,20,Y
535356,FG,RG-1500,39,Y
535383,FG,RG-1500,47,N
535416,FG,RG-1500,21,Y
535491,XP,JH-0900,20,Y
535512,FG,CB-0700,28,Y
535528,XP,CB-0700,20,Y
535544,FG,CB-0700,40,Y
535552,XP,BW-0350,20,Y
535568,XP,CB-0700,20,Y
535579,FG,BW-0350,51,Y
535593,XP,CB-0700,20,Y
535606,FG,CB-0700,38,Y
535610,XP,BW-0350,20,Y
535694,XP,RG-1500,20,Y
535701,FG,JM-4000,34,Y
535709,XP,JM-4000,20,Y
535732,FG,JM-4000,31,Y
535774,FG,JM-4000,22,Y
535787,FG,JM-4000,43,Y
535797,FG,RG-1500,33,N
535809,XP,RG-1500,20,Y
535825,FG,JM-4000,45,Y
535835,FG,RG-1500,41,Y
535859,XP,PD-0200,20,Y
535914,FG,NN-0200,43,Y
535947,FG,NN-0200,31,Y
536012,XP,MB-4600,20,Y
536028,XP,MB-4600,20,Y
536044,XP,AH-2600,20,Y
536050,XP,MB-4600,20,Y
536072,FG,MB-4600,43,Y
536084,FG,AH-2600,33,Y
536098,FG,MB-4600,29,Y
536113,FG,MB-4600,30,Y
536131,XP,AH-2600,20,Y
536169,FG,DC-0500,33,Y
536190,XP,DC-0500,20,Y
536202,XP,DC-0500,20,Y
536225,FG,DC-0500,39,Y
536244,FG,NF-0300,35,N
536255,FG,NF-0300,38,Y
536263,XP,DC-0500,20,Y
536318,FG,DC-0500,42,Y
536360,FG,SH-0400,23,Y
536371,XP,JH-0900,20,Y
536374,XP,SH-0400,20,Y
536385,XP,SH-0400,20,Y
536393,XP,JH-0900,20,Y
536422,FG,SH-0400,61,N
536459,XP,JH-0900,20,Y
536474,XP,SH-0400,20,Y
536492,XP,JH-0900,20,Y
536513,FG,JS-1100,38,Y
536524,XP,MC-3000,20,Y
536549,XP,MC-3000,20,Y
536576,FG,JS-1100,22,Y
536620,FG,MC-3000,32,N
536632,XP,MC-3000,20,Y
536645,FG,JS-1100,32,Y
536664,FG,MC-3000,25,Y
536678,XP,GZ-2000,20,Y
536689,XP,SG-0800,20,Y
536708,XP,SG-0800,20,Y
536727,XP,SG-0800,20,Y
536751,XP,SG-0800,20,Y
536761,XP,SG-0800,20,Y
536775,FG,SG-0800,26,Y
536807,XP,SG-0800,20,Y
536847,XP,SS-3100,20,Y
536857,FG,SS-3100,48,Y
536873,XP,KF-0250,20,N
536886,XP,SS-3100,20,Y
536899,FG,SS-3100,27,Y
536919,FG,KF-0250,48,Y
536932,XP,SS-3100,20,Y
536952,FG,KF-0250,45,Y
536997,FG,RB-2200,39,Y
537010,FG,AV-0400,20,Y
537050,XP,RB-2200,20,Y
537059,FG,AV-0400,37,N
537070,FG,AV-0400,44,Y
537085,FG,RB-2200,45,N
537101,FG,RB-2200,30,Y
537118,XP,AV-0400,20,Y
537157,FG,SJ-0300,36,Y
537180,FG,SJ-0300,35,Y
537189,FG,RS-3400,30,Y
537202,FG,RS-3400,42,Y
537214,XP,SJ-0300,20,Y
537227,FG,SJ-0300,29,Y
537239,FG,RS-3400,52,Y
537247,XP,SJ-0300,20,Y
537279,FG,SJ-0300,32,Y
537295,XP,RS-3400,20,Y
537311,FG,LT-1100,41,Y
537323,FG,LT-1100,37,Y
537332,XP,LT-1100,20,Y
537346,FG,LT-1100,26,Y
537351,XP,LT-1100,20,Y
537376,XP,DB-0200,20,Y
537390,FG,DB-0200,51,Y
537411,XP,DB-0200,20,Y
537425,XP,DB-0200,20,Y
537445,FG,LT-1100,43,Y
537460,FG,LT-1100,37,Y
537515,XP,MP-2100,20,Y
537528,XP,GH-0600,20,Y
537549,XP,MP-2100,20,Y
537567,FG,MP-2100,33,Y
537580,XP,MP-2100,20,Y
537605,XP,MP-2100,20,Y
537629,FG,MP-2100,33,Y
537645,XP,GH-0600,20,Y
537679,XP,DA-0300,20,Y
537704,FG,DA-0300,43,Y
537718,XP,DA-0300,20,Y
537742,XP,DA-0300,20,Y
537758,FG,JF-0900,28,Y
