PID,KICKER,KGRO,KNET,KTB,KR,KRY
518049,DB-0200,69,49,N,DW-4050,20
518094,LT-1100,67,45,N,FJ-0300,22
518115,DB-0200,67,35,N,DW-4050,32
518119,LT-1100,73,53,Y,XX-0000,0
518130,DB-0200,61,54,N,AB-3400,7
518141,LT-1100,70,45,N,FJ-0300,25
518150,DB-0200,69,47,N,AB-3400,22
518173,DB-0200,63,44,N,DW-4050,19
518187,LT-1100,53,39,N,FJ-0300,14
518195,PM-0300,67,49,N,DH-2700,18
518207,PM-0300,65,45,Y,XX-0000,0
518222,RG-1500,65,45,Y,XX-0000,0
518252,RG-1500,65,45,Y,XX-0000,0
518263,RG-1500,70,42,N,CV-0200,28
518271,PM-0300,68,37,N,DH-2700,31
518282,RG-1500,66,43,N,CV-0200,23
518290,RG-1500,65,45,Y,XX-0000,0
518300,RG-1500,71,56,N,LB-0850,15
518305,RG-1500,65,45,Y,XX-0000,0
518342,PM-0300,65,45,Y,XX-0000,0
518351,RG-1500,53,46,N,MM-4800,7
518371,PD-0200,57,39,N,SH-0450,18
518385,PD-0200,68,39,N,BB-2530,29
518409,AH-2600,70,31,N,JC-5600,39
518462,AH-2600,40,33,N,ES-1400,7
518466,AH-2600,71,52,N,JC-5600,19
518492,PD-0200,65,45,Y,XX-0000,0
518512,PD-0200,64,47,N,BB-2530,17
518516,PD-0200,65,45,Y,XX-0000,0
518553,AH-2600,68,35,N,JC-5600,33
518558,RS-3400,65,45,Y,XX-0000,0
518572,MB-3000,60,42,N,JA-2000,18
518584,RS-3400,66,-11,N,JR-2800,77
518590,MB-3000,66,41,N,JA-2000,25
518601,RS-3400,65,38,N,JR-2800,27
518611,MB-3000,74,54,Y,XX-0000,0
518621,RS-3400,73,53,Y,XX-0000,0
518633,MB-3000,52,36,N,TC-2500,16
518635,MB-3000,65,45,Y,XX-0000,0
518657,MB-3000,71,51,Y,XX-0000,0
518663,MB-3000,65,45,Y,XX-0000,0
518674,MB-3000,66,48,N,JA-2000,18
518682,MB-3000,73,55,N,JA-2000,18
518711,RS-3400,70,62,N,HD-0300,8
518712,JP-3850,70,46,N,JM-3600,24
518735,NF-0300,64,44,Y,XX-0000,0
518749,NF-0300,65,45,Y,XX-0000,0
518757,NF-0300,65,45,Y,XX-0000,0
518766,JP-3850,65,45,Y,XX-0000,0
518782,NF-0300,65,45,Y,XX-0000,0
518792,NF-0300,65,45,Y,XX-0000,0
518794,NF-0300,68,45,N,LM-1100,23
518799,NF-0300,65,45,Y,XX-0000,0
518810,NF-0300,64,42,N,LM-1100,22
518822,JP-3850,65,45,Y,XX-0000,0
518848,JP-3850,65,45,Y,XX-0000,0
518860,JP-3850,14,14,N,XX-0000,0
518871,NF-0300,73,47,N,LM-1100,26
518874,GZ-2000,73,53,Y,XX-0000,0
518900,GZ-2000,74,54,Y,XX-0000,0
518916,JH-0900,73,53,Y,XX-0000,0
518932,GZ-2000,70,52,N,SL-0900,18
518937,GZ-2000,27,26,N,WH-0500,1
518943,JH-0900,72,52,Y,XX-0000,0
518945,JH-0900,70,45,N,IP-0300,25
518957,JH-0900,72,52,Y,XX-0000,0
518996,GZ-2000,65,45,Y,XX-0000,0
519003,JH-0900,70,50,Y,XX-0000,0
519017,GZ-2000,72,52,Y,XX-0000,0
519028,JH-0900,72,52,Y,XX-0000,0
519031,BC-3000,65,45,Y,XX-0000,0
519048,BC-3000,65,45,Y,XX-0000,0
519057,TM-3300,70,43,N,BB-0600,27
519060,BC-3000,73,47,N,DS-3300,26
519080,BC-3000,60,40,Y,XX-0000,0
519093,BC-3000,65,45,Y,XX-0000,0
519110,TM-3300,70,50,Y,XX-0000,0
519112,TM-3300,64,42,N,BB-0600,22
519122,BC-3000,65,45,Y,XX-0000,0
519137,BC-3000,74,45,N,DS-3300,29
519154,TM-3300,65,45,Y,XX-0000,0
519170,BC-3000,74,26,N,DS-3300,48
519188,TM-3300,65,45,Y,XX-0000,0
519197,BC-3000,65,45,Y,XX-0000,0
519210,TM-3300,65,45,Y,XX-0000,0
519221,SG-1100,68,37,N,MT-0550,31
519250,DC-0500,71,60,N,TH-1900,11
519282,SG-1100,65,48,N,MT-0550,17
519298,SG-1100,68,36,N,MT-0550,32
519304,SG-1100,65,35,N,MT-0550,30
519310,SG-1100,44,26,N,JL-0260,18
519312,DC-0500,67,50,N,TH-1900,17
519318,DC-0500,70,51,N,TH-1900,19
519330,SG-1100,66,39,N,MT-0550,27
519347,SG-1100,73,53,Y,XX-0000,0
519381,SG-0800,65,45,Y,XX-0000,0
519395,RB-2200,67,39,N,DM-1300,28
519413,SG-0800,69,47,N,DR-1200,22
519429,SG-0800,67,27,N,DR-1200,40
519450,SG-0800,73,47,N,DR-1200,26
519458,RB-2200,74,54,Y,XX-0000,0
519472,RB-2200,65,45,Y,XX-0000,0
519496,SG-0800,64,44,N,DR-1200,20
519515,RB-2200,67,48,N,MS-2100,19
519528,SG-0800,65,45,Y,XX-0000,0
519539,SG-0800,65,45,Y,XX-0000,0
519541,JS-1100,59,41,N,MA-1150,18
519567,JS-1100,70,42,N,PH-0400,28
519594,JS-1100,65,45,Y,XX-0000,0
519614,BW-0350,69,49,N,JP-0800,20
519616,BW-0350,70,50,Y,XX-0000,0
519629,BW-0350,69,47,N,JP-0800,22
519642,JS-1100,72,42,N,PH-0400,30
519654,BW-0350,71,51,Y,XX-0000,0
519665,JS-1100,65,45,Y,XX-0000,0
519676,BW-0350,73,53,Y,XX-0000,0
519695,JS-1100,56,34,N,MA-1150,22
519699,JS-1100,70,40,N,PH-0400,30
519708,BW-0350,63,42,N,JP-0800,21
519713,MK-1200,65,45,Y,XX-0000,0
519734,MK-1200,65,45,Y,XX-0000,0
519744,MK-1200,74,54,Y,XX-0000,0
519769,MK-1200,65,45,Y,XX-0000,0
519782,JM-4000,70,55,N,MS-2950,15
519796,JM-4000,64,47,N,MS-2950,17
519832,MK-1200,74,43,N,JA-0260,31
519849,JM-4000,70,47,N,MS-2950,23
519857,JF-0900,70,42,N,LW-0500,28
519875,SH-0400,65,43,N,LS-1700,22
519890,JF-0900,70,48,N,LW-0500,22
519913,JF-0900,65,45,Y,XX-0000,0
519936,SH-0400,65,45,Y,XX-0000,0
519950,JF-0900,72,-11,N,LW-0500,83
519957,SH-0400,65,45,Y,XX-0000,0
519964,SH-0400,65,45,Y,XX-0000,0
519995,SH-0400,65,45,Y,XX-0000,0
520010,JF-0900,65,45,Y,XX-0000,0
520032,MC-3000,74,54,Y,XX-0000,0
520058,DA-0300,65,45,Y,XX-0000,0
520080,DA-0300,65,45,Y,XX-0000,0
520097,MC-3000,74,54,Y,XX-0000,0
520109,DA-0300,65,45,Y,XX-0000,0
520119,DA-0300,68,44,N,RC-1500,24
520135,DA-0300,70,42,N,RC-1500,28
520164,MC-3000,72,52,Y,XX-0000,0
520172,DA-0300,62,41,N,RC-1500,21
520181,MC-3000,70,39,N,KH-2900,31
520201,SS-3100,65,45,Y,XX-0000,0
520245,SS-3100,65,45,Y,XX-0000,0
520259,MP-2100,71,44,N,ES-0200,27
520277,SS-3100,65,45,Y,XX-0000,0
520279,MP-2100,65,45,Y,XX-0000,0
520300,SS-3100,65,45,Y,XX-0000,0
520304,MP-2100,65,45,Y,XX-0000,0
520320,SS-3100,65,45,Y,XX-0000,0
520332,MP-2100,65,45,Y,XX-0000,0
520351,MP-2100,65,45,Y,XX-0000,0
520356,MP-2100,65,45,Y,XX-0000,0
520363,MN-0800,71,44,N,DT-1250,27
520369,JT-3950,69,44,N,BT-0300,25
520387,JT-3950,72,57,N,BT-0300,15
520403,MN-0800,70,47,N,DT-1250,23
520410,JT-3950,73,53,Y,XX-0000,0
520440,MN-0800,68,40,N,DT-1250,28
520442,JT-3950,74,54,Y,XX-0000,0
520455,MN-0800,68,54,N,DT-1250,14
520468,JT-3950,74,54,Y,XX-0000,0
520481,JT-3950,74,54,Y,XX-0000,0
520486,JT-3950,74,54,Y,XX-0000,0
520494,JT-3950,74,54,Y,XX-0000,0
520521,JT-3950,67,43,N,BT-0300,24
520527,NK-0200,57,51,N,TJ-2400,6
520550,SJ-0300,69,44,N,RG-1300,25
520560,NK-0200,71,51,Y,XX-0000,0
520586,NK-0200,65,45,Y,XX-0000,0
520602,SJ-0300,49,32,N,RG-1300,17
520603,SJ-0300,70,36,N,RG-1300,34
520625,NK-0200,65,45,Y,XX-0000,0
520635,NK-0200,72,52,Y,XX-0000,0
520649,NK-0200,65,45,Y,XX-0000,0
520666,NK-0200,70,50,Y,XX-0000,0
520682,SJ-0300,23,23,N,XX-0000,0
520688,RG-1500,69,48,N,RC-1500,21
520732,MC-3000,66,28,N,DH-2700,38
520755,MC-3000,72,52,Y,XX-0000,0
520768,MC-3000,65,45,Y,XX-0000,0
520782,RG-1500,72,52,Y,XX-0000,0
520809,MC-3000,58,39,N,DH-2700,19
520813,MC-3000,73,53,Y,XX-0000,0
520828,RG-1500,65,45,Y,XX-0000,0
520846,MN-0800,68,47,N,JC-5600,21
520853,MN-0800,67,29,N,JC-5600,38
520864,PD-0200,70,43,N,BT-0300,27
520896,MN-0800,68,41,N,JC-5600,27
520904,PD-0200,73,42,N,AJ-1200,31
520915,MN-0800,70,46,N,JC-5600,24
520931,PD-0200,65,45,Y,XX-0000,0
520940,MN-0800,70,46,N,JC-5600,24
520968,PD-0200,72,42,N,BT-0300,30
520978,MN-0800,71,51,Y,XX-0000,0
520988,PD-0200,60,42,N,BT-0300,18
521001,MN-0800,69,38,N,JC-5600,31
521011,PD-0200,13,13,N,XX-0000,0
521013,JP-3850,65,45,Y,XX-0000,0
521043,JP-3850,65,45,Y,XX-0000,0
521056,JP-3850,72,52,Y,XX-0000,0
521078,JP-3850,60,43,N,JA-2000,17
521092,RS-3400,70,50,Y,XX-0000,0
521112,RS-3400,73,53,Y,XX-0000,0
521119,JP-3850,59,36,N,JA-2000,23
521126,JP-3850,65,45,Y,XX-0000,0
521152,RS-3400,50,45,N,BS-2400,5
521167,RS-3400,65,45,Y,XX-0000,0
521177,PM-0300,70,42,N,PH-0400,28
521192,BW-0350,74,54,Y,XX-0000,0
521208,PM-0300,72,22,N,PH-0400,50
521218,BW-0350,68,49,N,TH-1850,19
521240,PM-0300,73,50,N,MS-1300,23
521254,PM-0300,42,32,N,DR-0700,10
521256,BW-0350,74,54,Y,XX-0000,0
521274,PM-0300,74,54,Y,XX-0000,0
521319,BW-0350,74,54,Y,XX-0000,0
521338,BW-0350,74,54,Y,XX-0000,0
521344,PM-0300,74,54,Y,XX-0000,0
521347,JT-3950,65,45,Y,XX-0000,0
521368,AH-2600,72,23,N,DT-1250,49
521377,JT-3950,65,45,Y,XX-0000,0
521401,JT-3950,70,49,N,BB-2530,21
521427,JT-3950,16,15,N,AJ-1600,1
521428,AH-2600,65,42,N,DT-1250,23
521441,AH-2600,65,45,Y,XX-0000,0
521457,AH-2600,65,45,Y,XX-0000,0
521486,JT-3950,65,38,N,BB-2530,27
521505,JT-3950,65,45,Y,XX-0000,0
521517,AH-2600,73,45,N,DT-1250,28
521528,MK-1200,68,35,N,DW-4050,33
521535,LT-1100,69,50,N,AB-1200,19
521543,MK-1200,47,34,N,MB-1800,13
521557,LT-1100,66,46,N,AB-1200,20
521570,MK-1200,72,52,Y,XX-0000,0
521588,MK-1200,74,54,Y,XX-0000,0
521600,LT-1100,65,43,N,AB-1200,22
521612,MK-1200,66,57,N,DW-4050,9
521614,LT-1100,67,12,N,AB-1200,55
521620,MK-1200,68,24,N,DW-4050,44
521649,LT-1100,66,41,N,AB-1200,25
521661,LT-1100,58,39,N,AB-1200,19
521673,LT-1100,63,41,N,AB-1200,22
521683,LT-1100,66,46,Y,XX-0000,0
521690,MK-1200,65,45,Y,XX-0000,0
521697,LT-1100,47,29,N,DW-1000,18
521702,JS-1100,74,44,N,TH-1900,30
521716,SG-1100,74,54,Y,XX-0000,0
521743,SG-1100,67,44,N,JP-0800,23
521767,SG-1100,65,27,N,JP-0800,38
521793,SG-1100,65,45,Y,XX-0000,0
521806,JS-1100,73,45,N,TH-1900,28
521826,SG-1100,60,42,N,JP-0800,18
521851,SG-1100,74,54,Y,XX-0000,0
521866,JM-4000,65,45,Y,XX-0000,0
521879,TM-3300,69,45,N,JA-0260,24
521890,JM-4000,65,45,Y,XX-0000,0
521902,TM-3300,69,45,N,JA-0260,24
521924,TM-3300,63,39,N,JA-0260,24
521934,JM-4000,65,45,Y,XX-0000,0
521948,JM-4000,43,41,N,JG-0400,2
521950,TM-3300,65,45,Y,XX-0000,0
521970,JM-4000,70,32,N,DS-3300,38
521997,TM-3300,65,45,Y,XX-0000,0
522005,JM-4000,70,56,N,DS-3300,14
522030,GH-0600,11,11,N,XX-0000,0
522038,SG-0800,65,45,Y,XX-0000,0
522052,JF-0900,65,44,N,DM-1300,21
522059,JF-0900,65,40,N,DM-1300,25
522072,SG-0800,65,45,Y,XX-0000,0
522095,SG-0800,69,37,N,LS-1700,32
522120,JF-0900,65,45,Y,XX-0000,0
522128,SG-0800,56,38,N,ED-0700,18
522142,JF-0900,65,45,Y,XX-0000,0
522167,JF-0900,73,53,Y,XX-0000,0
522187,SG-0800,65,45,Y,XX-0000,0
522204,SG-0800,67,47,Y,XX-0000,0
522217,BC-3000,65,45,Y,XX-0000,0
522220,BC-3000,68,56,N,IP-0300,12
522234,GZ-2000,70,45,N,BB-0600,25
522257,BC-3000,74,54,Y,XX-0000,0
522274,GZ-2000,73,53,Y,XX-0000,0
522280,BC-3000,65,45,Y,XX-0000,0
522290,GZ-2000,75,49,N,BB-0600,26
522300,GZ-2000,51,49,N,BB-0600,2
522301,GZ-2000,50,50,N,NP-0100,0
522313,GZ-2000,65,45,Y,XX-0000,0
522324,BC-3000,73,53,Y,XX-0000,0
522339,GZ-2000,65,45,Y,XX-0000,0
522383,SH-0400,63,44,N,FJ-0300,19
522391,SH-0400,65,49,N,FJ-0300,16
522397,SH-0400,65,45,Y,XX-0000,0
522428,DB-0200,59,39,N,LW-0500,20
522451,SH-0400,73,50,N,FJ-0300,23
522465,DB-0200,65,45,Y,XX-0000,0
522486,SH-0400,73,44,N,FJ-0300,29
522511,SH-0400,68,46,N,FJ-0300,22
522534,RB-2200,73,36,N,RG-1300,37
522549,NK-0200,62,44,N,DR-1200,18
522559,NK-0200,70,54,N,DR-1200,16
522574,NK-0200,69,44,N,DR-1200,25
522598,RB-2200,71,34,N,RG-1300,37
522619,NK-0200,60,36,N,LH-1100,24
522643,NK-0200,68,-3,N,LH-1100,71
522648,RB-2200,65,45,Y,XX-0000,0
522662,NK-0200,65,47,N,LH-1100,18
522681,NK-0200,61,44,N,LH-1100,17
522686,SJ-0300,65,45,Y,XX-0000,0
522700,DC-0500,62,49,N,CF-1000,13
522723,SJ-0300,65,45,Y,XX-0000,0
522771,SJ-0300,65,45,Y,XX-0000,0
522774,DC-0500,65,45,Y,XX-0000,0
522792,DC-0500,65,45,Y,XX-0000,0
522804,DC-0500,65,45,Y,XX-0000,0
522820,SJ-0300,65,45,Y,XX-0000,0
522832,DC-0500,65,40,N,MG-1000,25
522846,DC-0500,63,47,N,MG-1000,16
522861,NF-0300,65,45,Y,XX-0000,0
522872,SS-3100,66,42,N,JM-3600,24
522884,NF-0300,62,40,N,CR-0250,22
522894,SS-3100,65,45,Y,XX-0000,0
522909,NF-0300,69,46,N,CR-0250,23
522930,SS-3100,67,34,N,JM-3600,33
522933,SS-3100,65,45,Y,XX-0000,0
522948,SS-3100,70,38,N,JM-3600,32
522996,SS-3100,74,48,N,JM-3600,26
523012,DA-0300,65,45,Y,XX-0000,0
523022,DA-0300,62,38,N,SL-0900,24
523033,JH-0900,66,40,N,KH-2900,26
523038,JH-0900,65,47,N,KH-2900,18
523055,DA-0300,73,53,Y,XX-0000,0
523093,JH-0900,74,54,Y,XX-0000,0
523104,DA-0300,66,26,N,SL-0900,40
523115,JH-0900,70,50,N,KH-2900,20
523126,DA-0300,65,45,Y,XX-0000,0
523137,JH-0900,65,44,N,KH-2900,21
523152,DA-0300,71,51,Y,XX-0000,0
523165,JH-0900,40,40,N,XX-0000,0
523169,MB-3000,68,51,N,OB-0150,17
523177,MB-3000,67,37,N,OB-0150,30
523189,MB-3000,65,45,Y,XX-0000,0
523226,MB-3000,65,45,Y,XX-0000,0
523240,MB-3000,65,45,Y,XX-0000,0
523259,MP-2100,53,30,N,JR-2800,23
523260,MP-2100,59,35,N,LP-0600,24
523280,MB-3000,65,45,Y,XX-0000,0
523311,MP-2100,65,45,Y,XX-0000,0
523336,MP-2100,65,45,Y,XX-0000,0
523344,JM-4000,65,45,Y,XX-0000,0
523354,LT-1100,62,47,N,JA-0260,15
523372,LT-1100,61,47,N,JA-0260,14
523389,LT-1100,70,44,N,JA-0260,26
523409,LT-1100,65,45,Y,XX-0000,0
523423,LT-1100,68,45,N,JA-0260,23
523428,LT-1100,65,45,Y,XX-0000,0
523443,JM-4000,65,46,N,DW-4050,19
523454,LT-1100,65,45,Y,XX-0000,0
523470,LT-1100,68,40,N,JA-0260,28
523492,LT-1100,64,37,N,AE-0500,27
523497,GZ-2000,68,38,N,DH-2700,30
523512,RG-1500,65,45,Y,XX-0000,0
523566,RG-1500,65,45,Y,XX-0000,0
523578,GZ-2000,69,32,N,DH-2700,37
523580,RG-1500,71,47,N,IP-0300,24
523602,GZ-2000,60,42,N,DH-2700,18
523628,RG-1500,65,45,Y,XX-0000,0
523634,RG-1500,65,45,Y,XX-0000,0
523652,RG-1500,65,45,Y,XX-0000,0
523658,JP-3850,73,39,N,JC-5600,34
523673,JP-3850,71,37,N,JC-5600,34
523683,JP-3850,73,56,N,JC-5600,17
523725,PD-0200,65,45,Y,XX-0000,0
523741,PD-0200,69,35,N,LM-1100,34
523752,JP-3850,65,45,Y,XX-0000,0
523780,PD-0200,65,45,Y,XX-0000,0
523802,JP-3850,65,45,Y,XX-0000,0
523827,PM-0300,71,51,Y,XX-0000,0
523843,JS-1100,70,44,N,TH-1850,26
523852,PM-0300,74,54,Y,XX-0000,0
523901,PM-0300,71,51,N,MT-0900,20
523903,JS-1100,70,48,N,CV-0200,22
523912,JS-1100,72,52,Y,XX-0000,0
523935,JS-1100,70,39,N,CV-0200,31
523956,JS-1100,70,45,N,CV-0200,25
523990,PM-0300,74,54,Y,XX-0000,0
523993,JS-1100,67,27,N,CV-0200,40
524000,MK-1200,73,53,Y,XX-0000,0
524014,MK-1200,67,49,N,FJ-0300,18
524036,DB-0200,70,50,Y,XX-0000,0
524068,DB-0200,16,16,N,XX-0000,0
524084,DB-0200,71,51,Y,XX-0000,0
524129,DB-0200,68,53,N,AB-1200,15
524149,DB-0200,74,54,Y,XX-0000,0
524161,MK-1200,7,7,N,XX-0000,0
524165,DC-0500,65,45,Y,XX-0000,0
524180,DC-0500,70,46,N,JM-3600,24
524219,DC-0500,62,47,N,JM-3600,15
524237,NF-0300,70,52,N,MT-0550,18
524244,NF-0300,69,41,N,MT-0550,28
524248,NF-0300,70,50,Y,XX-0000,0
524278,DC-0500,63,40,N,JM-3600,23
524288,NF-0300,71,44,N,MT-0550,27
524327,NF-0300,67,36,N,MT-0550,31
524341,DC-0500,65,45,Y,XX-0000,0
524345,DC-0500,65,45,Y,XX-0000,0
524368,BC-3000,69,38,N,BT-0300,31
524371,MN-0800,67,48,N,BB-0600,19
524381,BC-3000,61,47,N,BT-0300,14
524403,MN-0800,71,51,Y,XX-0000,0
524436,MN-0800,72,52,Y,XX-0000,0
524443,MN-0800,73,18,N,BB-0600,55
524452,BC-3000,73,55,N,AJ-1200,18
524454,MN-0800,65,45,Y,XX-0000,0
524465,BC-3000,65,45,Y,XX-0000,0
524481,BC-3000,65,45,Y,XX-0000,0
524502,MN-0800,71,45,N,BB-0600,26
524514,MN-0800,74,54,Y,XX-0000,0
524529,BC-3000,9,9,N,XX-0000,0
524544,RS-3400,69,48,N,DS-3300,21
524552,TM-3300,71,53,N,JA-2000,18
524567,RS-3400,72,52,N,DS-3300,20
524578,TM-3300,68,41,N,JA-2000,27
524605,RS-3400,74,54,Y,XX-0000,0
524623,TM-3300,72,49,N,SD-0800,23
524631,TM-3300,74,54,Y,XX-0000,0
524652,TM-3300,70,56,N,SD-0800,14
524655,RS-3400,73,35,N,DS-3300,38
524670,RS-3400,73,45,N,DS-3300,28
524687,RS-3400,65,45,Y,XX-0000,0
524698,TM-3300,55,42,N,JA-2000,13
524713,RS-3400,34,34,N,XX-0000,0
524715,TM-3300,73,53,Y,XX-0000,0
524740,RB-2200,52,33,N,SL-0900,19
524750,JH-0900,65,45,Y,XX-0000,0
524763,JH-0900,69,44,N,DR-1200,25
524774,RB-2200,74,54,Y,XX-0000,0
524780,RB-2200,65,45,Y,XX-0000,0
524789,RB-2200,65,45,Y,XX-0000,0
524803,JH-0900,65,45,Y,XX-0000,0
524824,JH-0900,65,45,Y,XX-0000,0
524849,JH-0900,69,50,N,DR-1200,19
524870,JH-0900,55,25,N,XX-0000,0
524883,JH-0900,70,-35,N,DR-1200,105
524885,RB-2200,65,45,Y,XX-0000,0
524895,RB-2200,65,45,Y,XX-0000,0
524905,RB-2200,65,45,Y,XX-0000,0
524915,JH-0900,19,19,N,XX-0000,0
524919,JH-0900,70,45,N,DR-1200,25
524934,RB-2200,66,43,N,SL-0900,23
524944,DA-0300,69,47,N,PH-0400,22
524962,BW-0350,65,45,N,KH-2900,20
524989,DA-0300,74,54,Y,XX-0000,0
525002,BW-0350,70,41,N,KH-2900,29
525024,BW-0350,73,-21,N,KW-1800,94
525030,DA-0300,70,38,N,PH-0400,32
525045,DA-0300,71,51,N,PH-0400,20
525062,BW-0350,72,22,N,KW-1800,50
525105,JF-0900,64,41,N,BB-2530,23
525118,JF-0900,67,43,N,BB-2530,24
525140,JF-0900,65,45,Y,XX-0000,0
525163,JF-0900,59,40,N,BB-2530,19
525187,AH-2600,76,64,N,LS-1700,12
525207,AH-2600,65,45,Y,XX-0000,0
525220,AH-2600,65,45,Y,XX-0000,0
525248,JF-0900,65,45,Y,XX-0000,0
525260,NK-0200,65,45,Y,XX-0000,0
525272,MB-3000,65,45,Y,XX-0000,0
525326,MB-3000,65,45,Y,XX-0000,0
525335,MB-3000,65,45,Y,XX-0000,0
525339,MB-3000,60,29,N,RG-1300,31
525353,NK-0200,73,53,Y,XX-0000,0
525389,MB-3000,74,54,Y,XX-0000,0
525411,SG-1100,65,45,Y,XX-0000,0
525418,DJ-2800,58,40,N,JL-1200,18
525429,MP-2100,65,45,Y,XX-0000,0
525436,SG-1100,65,45,Y,XX-0000,0
525462,SG-1100,64,47,N,OB-0150,17
525470,SG-1100,65,45,Y,XX-0000,0
525480,MP-2100,65,45,Y,XX-0000,0
525503,MP-2100,31,31,N,JC-1600,0
525504,MP-2100,65,45,Y,XX-0000,0
525522,SG-1100,63,39,N,OB-0150,24
525545,SG-1100,69,44,N,OB-0150,25
525565,MP-2100,65,45,Y,XX-0000,0
525589,MP-2100,65,45,Y,XX-0000,0
525600,SS-3100,60,24,N,MR-0500,36
525610,SS-3100,72,52,Y,XX-0000,0
525615,SJ-0300,66,46,N,CR-0250,20
525629,SS-3100,65,45,Y,XX-0000,0
525671,SJ-0300,65,45,Y,XX-0000,0
525681,SJ-0300,65,45,Y,XX-0000,0
525693,SS-3100,64,13,N,MG-1000,51
525705,SJ-0300,13,13,N,XX-0000,0
525716,SS-3100,58,38,Y,XX-0000,0
525731,SJ-0300,67,43,N,CR-0250,24
525745,SJ-0300,65,45,Y,XX-0000,0
525764,JT-3950,74,54,Y,XX-0000,0
525782,SG-0800,64,41,N,DT-1250,23
525788,SG-0800,68,32,N,DT-1250,36
525805,SG-0800,69,47,N,DT-1250,22
525822,JT-3950,74,54,Y,XX-0000,0
525842,JT-3950,70,46,N,DM-1300,24
525855,SG-0800,26,26,N,DP-1300,0
525856,SG-0800,74,54,Y,XX-0000,0
525867,JT-3950,74,54,Y,XX-0000,0
525881,SG-0800,74,54,Y,XX-0000,0
525905,SG-0800,74,54,Y,XX-0000,0
525933,JT-3950,74,54,Y,XX-0000,0
525952,MC-3000,65,45,Y,XX-0000,0
526012,SH-0400,64,41,N,RC-1500,23
526027,SH-0400,65,45,Y,XX-0000,0
526043,MC-3000,59,38,N,LW-0500,21
526062,MC-3000,69,48,N,LW-0500,21
526085,MC-3000,65,45,Y,XX-0000,0
526112,JT-3950,74,54,Y,XX-0000,0
526158,JT-3950,74,54,Y,XX-0000,0
526170,JT-3950,72,48,N,TB-1060,24
526191,PD-0200,71,46,N,DT-1250,25
526208,PD-0200,73,54,N,DT-1250,19
526224,JT-3950,74,51,N,TB-1060,23
526233,PD-0200,74,54,Y,XX-0000,0
526252,JT-3950,74,54,Y,XX-0000,0
526261,PD-0200,66,42,N,DT-1250,24
526283,PD-0200,73,53,Y,XX-0000,0
526303,SG-0800,65,45,Y,XX-0000,0
526321,SG-0800,65,45,Y,XX-0000,0
526358,JP-3850,66,46,N,DM-1300,20
526376,JP-3850,65,45,Y,XX-0000,0
526387,JP-3850,73,53,Y,XX-0000,0
526400,JP-3850,65,45,Y,XX-0000,0
526410,SG-0800,68,48,Y,XX-0000,0
526424,SG-0800,72,52,Y,XX-0000,0
526436,SG-0800,70,44,N,LM-1100,26
526447,SG-0800,65,45,Y,XX-0000,0
526455,SG-0800,65,45,Y,XX-0000,0
526468,JP-3850,13,13,N,XX-0000,0
526476,SG-0800,72,52,Y,XX-0000,0
526482,SG-0800,65,45,Y,XX-0000,0
526487,RS-3400,74,41,N,RG-1300,33
526500,NN-0200,72,43,N,SD-0800,29
526509,NN-0200,68,44,N,SD-0800,24
526515,NN-0200,68,45,N,SD-0800,23
526542,NN-0200,65,45,Y,XX-0000,0
526554,RS-3400,67,47,N,RG-1300,20
526564,NN-0200,73,53,Y,XX-0000,0
526575,NN-0200,74,54,Y,XX-0000,0
526591,RS-3400,65,45,Y,XX-0000,0
526626,NN-0200,69,36,N,CG-2150,33
526635,RS-3400,65,45,Y,XX-0000,0
526645,NN-0200,22,25,N,XX-0000,0
526656,JM-4000,65,45,Y,XX-0000,0
526667,JM-4000,68,41,N,JR-2800,27
526694,MB-3000,65,45,Y,XX-0000,0
526702,MB-3000,72,44,N,KP-0700,28
526711,JM-4000,65,45,Y,XX-0000,0
526729,MB-3000,65,45,Y,XX-0000,0
526738,MB-3000,65,45,Y,XX-0000,0
526750,MB-3000,69,42,N,KP-0700,27
526765,JM-4000,65,45,Y,XX-0000,0
526792,JM-4000,65,45,Y,XX-0000,0
526802,MB-3000,65,45,Y,XX-0000,0
526824,MB-3000,65,45,Y,XX-0000,0
526826,NF-0300,70,45,N,KW-1800,25
526864,DA-0300,65,45,Y,XX-0000,0
526900,DA-0300,73,44,N,JM-3600,29
526932,DA-0300,73,29,N,JM-3600,44
526941,DA-0300,65,45,Y,XX-0000,0
526956,DA-0300,65,45,Y,XX-0000,0
526967,DA-0300,65,45,Y,XX-0000,0
526979,JH-0900,70,-35,N,PH-0400,105
526981,BW-0350,65,45,Y,XX-0000,0
526987,JH-0900,37,33,N,CB-0400,4
527012,BW-0350,71,51,Y,XX-0000,0
527033,BW-0350,71,51,Y,XX-0000,0
527049,JH-0900,44,44,N,XX-0000,0
527057,BW-0350,72,52,Y,XX-0000,0
527064,BW-0350,65,45,Y,XX-0000,0
527130,JH-0900,65,45,Y,XX-0000,0
527147,GZ-2000,73,53,Y,XX-0000,0
527157,SH-0400,74,54,Y,XX-0000,0
527169,GZ-2000,68,48,Y,XX-0000,0
527211,GZ-2000,65,45,Y,XX-0000,0
527221,SH-0400,13,13,N,XX-0000,0
527226,GZ-2000,70,1,N,LW-0500,69
527248,SH-0400,70,58,N,DA-0900,12
527262,SH-0400,74,54,Y,XX-0000,0
527278,GZ-2000,65,45,Y,XX-0000,0
527300,RB-2200,72,42,N,TH-1900,30
527309,SG-1100,69,47,N,DR-1200,22
527334,SG-1100,70,48,N,DR-1200,22
527353,RB-2200,68,42,N,TH-1900,26
527371,SG-1100,55,37,N,CS-3900,18
527386,SG-1100,50,30,Y,XX-0000,0
527403,SG-1100,62,39,N,DR-1200,23
527432,SG-1100,70,50,Y,XX-0000,0
527439,SG-1100,66,44,N,DR-1200,22
527451,RB-2200,69,49,Y,XX-0000,0
527454,SJ-0300,65,45,Y,XX-0000,0
527467,MP-2100,65,45,Y,XX-0000,0
527477,SJ-0300,65,45,Y,XX-0000,0
527493,MP-2100,65,45,Y,XX-0000,0
527529,SJ-0300,66,50,N,OB-0150,16
527531,MP-2100,65,45,Y,XX-0000,0
527546,MP-2100,65,45,Y,XX-0000,0
527556,MP-2100,65,45,Y,XX-0000,0
527567,MP-2100,65,45,Y,XX-0000,0
527585,MP-2100,65,45,Y,XX-0000,0
527604,MP-2100,65,45,Y,XX-0000,0
527619,DC-0500,71,47,N,WP-0700,24
527658,DC-0500,65,45,Y,XX-0000,0
527684,DC-0500,65,45,Y,XX-0000,0
527693,DC-0500,65,40,N,WP-0700,25
527694,JF-0900,65,45,Y,XX-0000,0
527711,JF-0900,72,49,N,MT-0550,23
527754,JF-0900,65,45,Y,XX-0000,0
527763,DC-0500,65,45,Y,XX-0000,0
527784,JF-0900,65,45,Y,XX-0000,0
527786,DC-0500,72,31,N,WP-0700,41
527803,MN-0800,64,43,N,JP-0800,21
527827,MN-0800,69,42,N,RJ-0800,27
527842,JS-1100,65,45,Y,XX-0000,0
527862,MN-0800,69,40,N,JP-0800,29
527877,MN-0800,74,54,Y,XX-0000,0
527885,JS-1100,65,45,Y,XX-0000,0
527909,JS-1100,65,45,Y,XX-0000,0
527920,MN-0800,72,52,Y,XX-0000,0
527926,MN-0800,65,45,Y,XX-0000,0
527956,BC-3000,65,45,Y,XX-0000,0
527978,MK-1200,65,40,N,NP-0100,25
527988,BC-3000,65,45,Y,XX-0000,0
528011,BC-3000,71,51,Y,XX-0000,0
528019,BC-3000,65,45,Y,XX-0000,0
528029,MK-1200,65,45,Y,XX-0000,0
528043,MK-1200,71,54,N,NP-0100,17
528078,MK-1200,70,50,Y,XX-0000,0
528095,MK-1200,65,45,Y,XX-0000,0
528118,MK-1200,65,45,Y,XX-0000,0
528127,BC-3000,45,43,N,VJ-0100,2
528128,TM-3300,66,42,N,RC-1500,24
528146,MC-3000,74,54,Y,XX-0000,0
528160,TM-3300,74,54,Y,XX-0000,0
528174,MC-3000,69,37,N,DS-3300,32
528200,MC-3000,65,45,Y,XX-0000,0
528216,TM-3300,70,40,N,RC-1500,30
528218,MC-3000,63,39,N,DS-3300,24
528236,TM-3300,73,53,Y,XX-0000,0
528253,TM-3300,73,53,Y,XX-0000,0
528269,TM-3300,65,31,N,RC-1500,34
528289,MC-3000,69,34,N,DS-3300,35
528311,AH-2600,62,26,N,DW-4050,36
528387,AH-2600,65,17,N,DW-4050,48
528398,LT-1100,56,42,N,BB-2530,14
528399,LT-1100,66,45,N,BB-2530,21
528410,AH-2600,67,22,N,DW-4050,45
528420,LT-1100,65,45,Y,XX-0000,0
528429,AH-2600,67,14,N,DW-4050,53
528446,AH-2600,71,48,N,DW-4050,23
528453,LT-1100,63,48,N,BB-2530,15
528466,AH-2600,67,30,N,DW-4050,37
528479,RG-1500,65,45,Y,XX-0000,0
528532,RG-1500,72,52,Y,XX-0000,0
528537,RG-1500,65,45,Y,XX-0000,0
528548,DB-0200,38,38,N,CW-3800,0
528550,DB-0200,67,38,N,DH-2700,29
528557,RG-1500,74,54,Y,XX-0000,0
528571,RG-1500,65,45,Y,XX-0000,0
528582,DB-0200,67,46,N,DH-2700,21
528594,RG-1500,72,50,N,FJ-0300,22
528611,RG-1500,74,48,N,FJ-0300,26
528630,DB-0200,13,13,N,XX-0000,0
528632,JF-0900,70,34,N,CG-1060,36
528639,GZ-2000,73,53,Y,XX-0000,0
528658,JF-0900,65,45,Y,XX-0000,0
528682,GZ-2000,74,54,Y,XX-0000,0
528718,GZ-2000,65,45,Y,XX-0000,0
528765,GZ-2000,65,45,Y,XX-0000,0
528798,MN-0800,72,52,Y,XX-0000,0
528812,MN-0800,67,37,N,MT-0550,30
528835,MN-0800,70,50,Y,XX-0000,0
528858,DC-0500,70,36,N,BT-0300,34
528875,DC-0500,65,45,Y,XX-0000,0
528885,DC-0500,69,54,N,BT-0300,15
528897,DC-0500,65,45,Y,XX-0000,0
528919,MN-0800,65,45,Y,XX-0000,0
528960,JT-3950,66,45,N,SD-0800,21
528993,JT-3950,71,30,N,SD-0800,41
529026,RS-3400,65,45,Y,XX-0000,0
529045,RS-3400,68,36,N,DT-1250,32
529060,JT-3950,63,43,N,SD-0800,20
529079,JT-3950,73,53,Y,XX-0000,0
529104,RS-3400,65,45,N,DT-1250,20
529113,MC-3000,74,54,Y,XX-0000,0
529146,MC-3000,74,54,Y,XX-0000,0
529160,MC-3000,50,30,Y,XX-0000,0
529181,PM-0300,66,31,N,RC-1500,35
529188,MC-3000,74,54,Y,XX-0000,0
529212,PM-0300,74,54,Y,XX-0000,0
529223,PM-0300,74,54,Y,XX-0000,0
529236,PM-0300,74,48,N,RC-1500,26
529255,PM-0300,74,54,Y,XX-0000,0
529278,PM-0300,73,39,N,RC-1500,34
529291,MC-3000,74,54,Y,XX-0000,0
529307,PM-0300,74,54,Y,XX-0000,0
529314,PD-0200,62,51,N,DW-4050,11
529319,PD-0200,56,43,N,DW-4050,13
529334,PD-0200,70,57,N,AB-3400,13
529349,LT-1100,69,29,N,JC-5600,40
529361,PD-0200,53,44,N,DW-4050,9
529376,LT-1100,72,52,Y,XX-0000,0
529387,LT-1100,65,35,N,JC-5600,30
529394,LT-1100,72,48,N,JC-5600,24
529404,LT-1100,66,38,N,JC-5600,28
529424,LT-1100,69,-5,N,JC-5600,74
529429,PD-0200,69,48,N,DW-4050,21
529463,LT-1100,66,41,N,JC-5600,25
529472,PD-0200,16,16,N,XX-0000,0
529481,BC-3000,67,20,N,JR-2800,47
529531,BC-3000,63,45,N,JR-2800,18
529559,MB-3000,65,45,Y,XX-0000,0
529563,MB-3000,70,43,N,BB-0600,27
529583,BC-3000,73,53,Y,XX-0000,0
529605,MB-3000,70,43,N,BB-0600,27
529610,BC-3000,74,54,Y,XX-0000,0
529621,MB-3000,67,43,N,BB-0600,24
529633,MB-3000,69,34,N,BB-0600,35
529644,SS-3100,70,49,N,BB-2530,21
529705,SS-3100,65,45,Y,XX-0000,0
529726,SS-3100,59,34,N,BB-2530,25
529727,AH-2600,70,57,N,CR-0250,13
529747,AH-2600,69,25,N,CR-0250,44
529765,SS-3100,63,44,N,BB-2530,19
529784,AH-2600,65,45,Y,XX-0000,0
529800,BW-0350,65,45,Y,XX-0000,0
529827,BW-0350,63,33,N,DR-1200,30
529850,BW-0350,65,45,Y,XX-0000,0
529870,BW-0350,65,45,Y,XX-0000,0
529883,RB-2200,65,45,Y,XX-0000,0
529904,BW-0350,74,54,Y,XX-0000,0
529917,BW-0350,73,42,N,DR-1200,31
529931,RB-2200,13,13,N,XX-0000,0
529940,BW-0350,65,45,Y,XX-0000,0
529970,RG-1500,65,45,Y,XX-0000,0
529995,RG-1500,60,39,N,RJ-0800,21
530011,JS-1100,65,45,Y,XX-0000,0
530052,JS-1100,72,44,N,DH-2700,28
530072,RG-1500,66,40,N,RJ-0800,26
530076,RG-1500,71,53,N,RJ-0800,18
530093,RG-1500,65,45,Y,XX-0000,0
530108,RG-1500,65,45,Y,XX-0000,0
530114,RG-1500,65,45,Y,XX-0000,0
530128,RG-1500,65,45,Y,XX-0000,0
530136,SH-0400,67,52,N,KP-0700,15
530149,SH-0400,70,46,N,KP-0700,24
530182,SH-0400,67,42,N,KP-0700,25
530208,JM-4000,45,45,N,XX-0000,0
530209,JM-4000,69,22,N,LW-0500,47
530218,JM-4000,40,37,N,DB-0500,3
530247,SH-0400,65,45,Y,XX-0000,0
530259,SH-0400,65,45,Y,XX-0000,0
530280,SH-0400,66,49,N,CM-3400,17
530284,JP-3850,68,51,N,KW-1800,17
530300,DA-0300,68,9,N,LM-1100,59
530327,JP-3850,67,39,N,KW-1800,28
530332,DA-0300,65,45,Y,XX-0000,0
530358,DA-0300,73,53,Y,XX-0000,0
530360,DA-0300,65,45,Y,XX-0000,0
530375,DA-0300,65,45,Y,XX-0000,0
530396,DA-0300,69,49,Y,XX-0000,0
530411,DA-0300,65,45,Y,XX-0000,0
530428,DA-0300,55,27,N,BS-2400,28
530431,SG-0800,67,49,N,OB-0150,18
530465,SG-0800,71,51,Y,XX-0000,0
530478,MP-2100,70,50,Y,XX-0000,0
530495,SG-0800,66,33,N,OB-0150,33
530520,SG-0800,34,34,N,XX-0000,0
530522,MP-2100,69,46,N,DM-1300,23
530553,SG-0800,65,45,Y,XX-0000,0
530559,SG-0800,65,55,N,OB-0150,10
530571,MP-2100,73,53,Y,XX-0000,0
530601,MP-2100,26,26,N,XX-0000,0
530619,TM-3300,68,48,Y,XX-0000,0
530640,NN-0200,50,30,Y,XX-0000,0
530651,TM-3300,73,53,N,RG-1300,20
530672,NN-0200,72,52,Y,XX-0000,0
530681,TM-3300,68,46,N,RG-1300,22
530700,NN-0200,70,46,N,DS-3300,24
530707,NN-0200,73,53,Y,XX-0000,0
530715,NN-0200,71,46,N,DS-3300,25
530747,TM-3300,74,36,N,RG-1300,38
530764,TM-3300,70,47,N,RG-1300,23
530779,TM-3300,74,50,N,RG-1300,24
530795,NF-0300,64,50,N,TH-1900,14
530805,SG-1100,68,52,N,JM-3600,16
530828,NF-0300,62,48,N,TH-1900,14
530848,SG-1100,51,51,N,JM-3600,0
530880,SG-1100,65,40,N,JM-3600,25
530900,SG-1100,65,-35,N,JM-3600,100
530902,NF-0300,11,11,N,XX-0000,0
530911,SG-1100,56,37,N,ES-1100,19
530921,NF-0300,68,54,N,TH-1900,14
530952,SS-3100,70,38,N,DR-1200,32
530963,RB-2200,69,20,N,CR-0250,49
530971,SS-3100,60,44,N,DR-1200,16
530978,SS-3100,60,38,N,DR-1200,22
530988,RB-2200,65,45,Y,XX-0000,0
530996,RB-2200,65,45,Y,XX-0000,0
531043,RB-2200,67,40,N,CR-0250,27
531055,SS-3100,73,44,N,DR-1200,29
531080,SS-3100,72,40,N,DR-1200,32
531092,SS-3100,65,45,Y,XX-0000,0
531106,RB-2200,65,43,N,CR-0250,22
531121,PD-0200,71,48,N,BT-0300,23
531139,MN-0800,68,49,N,JC-5600,19
531159,PD-0200,68,47,N,BT-0300,21
531188,MN-0800,65,45,Y,XX-0000,0
531200,MN-0800,65,45,Y,XX-0000,0
531223,PD-0200,65,45,Y,XX-0000,0
531231,PD-0200,65,45,Y,XX-0000,0
531247,PD-0200,25,25,N,XX-0000,0
531257,MN-0800,72,28,N,JC-5600,44
531265,PD-0200,70,53,N,BT-0300,17
531268,PD-0200,63,44,N,CP-0800,19
531276,MN-0800,65,45,Y,XX-0000,0
531299,MK-1200,73,53,Y,XX-0000,0
531334,MK-1200,73,53,Y,XX-0000,0
531350,RS-3400,66,48,N,AB-1200,18
531372,RS-3400,70,50,Y,XX-0000,0
531378,MK-1200,65,45,Y,XX-0000,0
531388,MK-1200,74,54,Y,XX-0000,0
531413,RS-3400,66,43,N,AB-1200,23
531421,MK-1200,65,45,Y,XX-0000,0
531432,MK-1200,65,45,Y,XX-0000,0
531447,MK-1200,65,45,Y,XX-0000,0
531453,DC-0500,65,45,N,CG-1060,20
531460,GZ-2000,72,47,N,MT-0550,25
531476,GZ-2000,65,45,Y,XX-0000,0
531513,DC-0500,52,39,N,BM-2400,13
531518,DC-0500,65,45,Y,XX-0000,0
531535,GZ-2000,71,27,N,MT-0550,44
531549,DC-0500,65,45,Y,XX-0000,0
531588,GZ-2000,65,45,Y,XX-0000,0
531610,AH-2600,65,45,Y,XX-0000,0
531624,JH-0900,60,30,N,BB-2530,30
531644,JH-0900,67,36,N,BB-2530,31
531691,AH-2600,65,45,Y,XX-0000,0
531703,JH-0900,65,45,Y,XX-0000,0
531720,AH-2600,55,44,N,SL-0900,11
531737,AH-2600,62,47,N,SL-0900,15
531751,AH-2600,65,45,Y,XX-0000,0
531763,JH-0900,45,25,Y,XX-0000,0
531779,AH-2600,65,45,Y,XX-0000,0
531789,JH-0900,65,53,N,BB-2530,12
531807,JH-0900,56,30,N,BB-2530,26
531808,JH-0900,63,40,N,BB-2530,23
531819,SJ-0300,65,45,Y,XX-0000,0
531851,SJ-0300,65,45,Y,XX-0000,0
531863,MB-3000,65,45,Y,XX-0000,0
531875,SJ-0300,65,45,Y,XX-0000,0
531883,SJ-0300,72,43,N,JR-2800,29
531890,MB-3000,65,45,Y,XX-0000,0
531916,MB-3000,70,45,N,MG-1000,25
531924,MB-3000,65,45,Y,XX-0000,0
531959,MB-3000,65,45,Y,XX-0000,0
531970,SJ-0300,65,45,Y,XX-0000,0
531978,MB-3000,22,22,N,MG-1000,0
531979,NF-0300,65,45,Y,XX-0000,0
532001,PM-0300,65,45,Y,XX-0000,0
532017,NF-0300,72,52,Y,XX-0000,0
532027,NF-0300,67,50,N,CV-0200,17
532041,PM-0300,69,35,N,JM-3600,34
532055,NF-0300,62,43,N,CV-0200,19
532057,PM-0300,65,45,Y,XX-0000,0
532091,NF-0300,61,41,N,LB-0850,20
532101,PM-0300,65,45,N,AC-2400,20
532134,NF-0300,62,47,N,LB-0850,15
532141,DB-0200,74,54,Y,XX-0000,0
532156,JT-3950,74,54,Y,XX-0000,0
532167,DB-0200,73,53,Y,XX-0000,0
532185,DB-0200,74,54,Y,XX-0000,0
532198,JT-3950,73,53,Y,XX-0000,0
532221,JT-3950,49,35,N,LV-0200,14
532223,JT-3950,74,54,Y,XX-0000,0
532232,DB-0200,73,-35,N,JJ-3900,108
532234,JT-3950,74,54,Y,XX-0000,0
532251,DB-0200,74,49,N,JJ-3900,25
532276,DB-0200,64,38,N,JJ-3900,26
532290,JT-3950,74,54,Y,XX-0000,0
532315,DB-0200,11,11,N,XX-0000,0
532320,JF-0900,63,41,N,LM-1100,22
532326,JF-0900,71,40,N,BS-2400,31
532338,DZ-0100,62,29,N,LM-1100,33
532350,RL-0900,65,45,Y,XX-0000,0
532381,JF-0900,38,38,N,XX-0000,0
532401,RL-0900,70,38,N,WP-0700,32
532428,JF-0900,65,45,Y,XX-0000,0
532435,RL-0900,66,49,N,WP-0700,17
532473,JF-0900,65,45,Y,XX-0000,0
532482,JF-0900,65,45,Y,XX-0000,0
532498,SH-0400,65,45,Y,XX-0000,0
532516,SH-0400,67,47,N,DW-4300,20
532524,SG-0800,67,50,N,LW-0500,17
532534,SH-0400,65,45,Y,XX-0000,0
532553,SG-0800,65,45,Y,XX-0000,0
532572,SG-0800,65,45,Y,XX-0000,0
532583,SG-0800,65,45,Y,XX-0000,0
532596,SG-0800,65,45,Y,XX-0000,0
532636,SG-0800,71,48,N,LW-0500,23
532643,SH-0400,65,45,Y,XX-0000,0
532665,SH-0400,68,45,N,DW-4300,23
532672,LT-1100,72,50,N,KW-1800,22
532701,DA-0300,67,21,N,DW-4050,46
532718,LT-1100,67,42,N,KW-1800,25
532732,LT-1100,68,42,N,KW-1800,26
532748,DA-0300,63,-3,N,DW-4050,66
532757,LT-1100,60,46,N,KW-1800,14
532766,LT-1100,63,44,N,KW-1800,19
532775,LT-1100,60,50,N,KW-1800,10
532820,LT-1100,56,36,Y,XX-0000,0
532830,KF-0250,65,45,Y,XX-0000,0
532840,BW-0350,65,45,Y,XX-0000,0
532853,BW-0350,74,54,Y,XX-0000,0
532864,BW-0350,65,45,Y,XX-0000,0
532878,KF-0250,63,29,N,PH-0400,34
532897,KF-0250,67,47,Y,XX-0000,0
532901,KF-0250,63,42,N,PH-0400,21
532910,BW-0350,65,45,Y,XX-0000,0
532923,KF-0250,71,26,N,PH-0400,45
532936,BW-0350,65,45,Y,XX-0000,0
532953,KF-0250,65,45,Y,XX-0000,0
532965,BW-0350,65,45,Y,XX-0000,0
532980,BW-0350,65,45,Y,XX-0000,0
532985,KF-0250,64,44,Y,XX-0000,0
533004,MC-3000,66,46,N,KM-0450,20
533018,MC-3000,50,36,N,KM-0450,14
533048,MC-3000,65,45,Y,XX-0000,0
533061,SG-1100,62,43,N,RC-1500,19
533071,MC-3000,74,54,Y,XX-0000,0
533081,SG-1100,70,49,N,RC-1500,21
533092,SG-1100,72,52,Y,XX-0000,0
533112,MC-3000,74,43,N,KM-0450,31
533133,SG-1100,68,22,N,RC-1500,46
533138,MC-3000,65,45,Y,XX-0000,0
533146,MC-3000,65,45,Y,XX-0000,0
533165,SG-1100,19,19,N,XX-0000,0
533183,MP-2100,73,35,N,RG-1300,38
533201,NN-0200,50,46,N,OB-0150,4
533205,NN-0200,71,51,N,OB-0150,20
533246,NN-0200,67,43,N,OB-0150,24
533263,NN-0200,70,50,Y,XX-0000,0
533265,NN-0200,70,50,N,OB-0150,20
533275,MP-2100,65,50,N,RG-1300,15
533288,MP-2100,66,43,N,RG-1300,23
533305,MP-2100,61,50,N,CB-3000,11
533317,MP-2100,72,33,N,RG-1300,39
533339,MP-2100,65,45,Y,XX-0000,0
533350,SH-0400,70,44,N,TG-0900,26
533371,SH-0400,73,53,Y,XX-0000,0
533383,DA-0300,73,53,Y,XX-0000,0
533392,SH-0400,64,49,N,TG-0900,15
533422,DA-0300,65,45,Y,XX-0000,0
533445,DA-0300,65,45,Y,XX-0000,0
533471,DA-0300,65,45,Y,XX-0000,0
533490,RL-0900,61,42,N,DR-1200,19
533501,RB-2200,62,33,N,LM-1100,29
533517,RL-0900,64,48,N,DR-1200,16
533520,RB-2200,54,-35,N,BS-2400,89
533522,RL-0900,65,45,Y,XX-0000,0
533538,RB-2200,73,53,Y,XX-0000,0
533549,RL-0900,61,34,N,DR-1200,27
533567,RB-2200,65,19,N,LM-1100,46
533579,RB-2200,51,31,N,BS-2400,20
533588,RL-0900,65,33,N,DR-1200,32
533605,RL-0900,64,42,N,DR-1200,22
533640,RB-2200,74,54,Y,XX-0000,0
533646,MK-1200,65,45,Y,XX-0000,0
533654,MK-1200,74,54,Y,XX-0000,0
533670,MK-1200,65,45,Y,XX-0000,0
533681,TM-3300,65,45,Y,XX-0000,0
533689,MK-1200,65,45,Y,XX-0000,0
533700,TM-3300,73,57,N,AB-1200,16
533713,TM-3300,70,50,Y,XX-0000,0
533730,TM-3300,59,25,N,XX-0000,0
533732,TM-3300,72,52,Y,XX-0000,0
533770,TM-3300,73,53,Y,XX-0000,0
533799,MK-1200,65,45,Y,XX-0000,0
533817,PD-0200,74,54,Y,XX-0000,0
533832,PM-0300,68,37,N,JC-5600,31
533852,PD-0200,65,41,N,MM-4800,24
533869,PM-0300,73,25,N,JC-5600,48
533897,PM-0300,69,49,Y,XX-0000,0
533905,PD-0200,73,53,Y,XX-0000,0
533924,PM-0300,71,51,Y,XX-0000,0
533978,KF-0250,72,40,N,DW-4050,32
534006,KF-0250,70,50,Y,XX-0000,0
534020,LT-1100,71,51,Y,XX-0000,0
534030,KF-0250,63,37,N,DW-4050,26
534041,LT-1100,74,54,Y,XX-0000,0
534048,KF-0250,71,51,Y,XX-0000,0
534059,LT-1100,56,39,N,NP-0100,17
534060,LT-1100,65,45,Y,XX-0000,0
534097,LT-1100,65,45,Y,XX-0000,0
534114,KF-0250,67,48,N,DW-4050,19
534130,KF-0250,71,42,N,DW-4050,29
534134,LT-1100,65,45,Y,XX-0000,0
534139,DB-0200,60,25,N,XX-0000,0
534172,DB-0200,65,45,Y,XX-0000,0
534203,JM-4000,65,45,Y,XX-0000,0
534205,JM-4000,65,45,Y,XX-0000,0
534224,DB-0200,70,49,N,KP-0700,21
534238,DB-0200,71,44,N,KP-0700,27
534258,JM-4000,65,45,Y,XX-0000,0
534280,DB-0200,65,45,Y,XX-0000,0
534292,DB-0200,65,45,Y,XX-0000,0
534299,MC-3000,73,53,Y,XX-0000,0
534318,GZ-2000,74,54,Y,XX-0000,0
534326,MC-3000,16,16,N,XX-0000,0
534333,MC-3000,68,45,N,CG-1060,23
534368,GZ-2000,73,50,N,RC-1500,23
534376,GZ-2000,73,53,Y,XX-0000,0
534390,MC-3000,65,45,Y,XX-0000,0
534417,MC-3000,72,52,Y,XX-0000,0
534425,GZ-2000,65,45,Y,XX-0000,0
534437,MC-3000,73,46,N,CG-1060,27
534446,MC-3000,74,42,N,IP-0300,32
534459,GZ-2000,65,45,Y,XX-0000,0
534461,JT-3950,65,45,Y,XX-0000,0
534474,JT-3950,72,52,Y,XX-0000,0
534492,SK-0600,64,47,N,KM-0450,17
534503,SG-1100,70,23,N,JJ-3900,47
534507,SG-1100,65,45,Y,XX-0000,0
534530,SG-1100,66,45,N,JJ-3900,21
534543,SG-1100,66,21,N,JJ-3900,45
534562,SG-1100,31,26,N,LW-1200,5
534563,SG-1100,59,38,N,JJ-3900,21
534579,SK-0600,71,51,Y,XX-0000,0
534594,SG-1100,66,40,N,JJ-3900,26
534610,SK-0600,9,9,N,XX-0000,0
534618,SG-1100,72,36,N,JJ-3900,36
534635,JF-0900,68,49,N,PH-0400,19
534652,BW-0350,66,52,N,WP-0700,14
534674,JF-0900,65,37,N,PH-0400,28
534689,BW-0350,72,52,Y,XX-0000,0
534709,BW-0350,65,45,Y,XX-0000,0
534714,BW-0350,73,53,Y,XX-0000,0
534783,JF-0900,8,8,N,XX-0000,0
534788,NF-0300,72,52,Y,XX-0000,0
534808,NF-0300,69,-35,N,DM-1300,104
534810,SG-0800,64,25,N,JM-3600,39
534823,SG-0800,65,24,N,JM-3600,41
534842,RM-0400,67,50,N,WW-0200,17
534880,NF-0300,35,29,N,JE-0100,6
534881,SG-0800,70,33,N,JM-3600,37
534893,NF-0300,70,48,N,DM-1300,22
534912,SG-0800,65,45,Y,XX-0000,0
534941,NF-0300,66,44,N,DM-1300,22
534953,NF-0300,65,50,N,DM-1300,15
534958,NF-0300,63,44,N,DM-1300,19
534965,NF-0300,66,49,N,DM-1300,17
534979,SG-0800,69,50,N,JM-3600,19
534987,SJ-0300,71,49,N,MS-3900,22
535009,SJ-0300,65,45,Y,XX-0000,0
535017,JS-1100,66,21,N,MG-1000,45
535037,JS-1100,70,45,N,MG-1000,25
535052,JS-1100,10,10,N,XX-0000,0
535068,SJ-0300,73,53,Y,XX-0000,0
535070,JS-1100,67,47,Y,XX-0000,0
535081,JS-1100,67,50,N,MG-1000,17
535093,SJ-0300,66,48,N,MS-3900,18
535113,JS-1100,61,49,N,MG-1000,12
535128,SJ-0300,65,45,Y,XX-0000,0
535146,SJ-0300,66,46,Y,XX-0000,0
535167,SJ-0300,60,46,N,MT-0900,14
535173,MN-0800,66,25,N,CR-0250,41
535183,SS-3100,70,45,N,BT-0300,25
535200,MN-0800,71,33,N,CR-0250,38
535221,MN-0800,64,44,N,CR-0250,20
535232,SS-3100,73,53,Y,XX-0000,0
535246,SS-3100,58,51,N,CP-2300,7
535248,SS-3100,72,27,N,BT-0300,45
535257,MN-0800,62,26,N,CR-0250,36
535264,SS-3100,65,26,N,BT-0300,39
535287,SS-3100,59,41,N,CP-0800,18
535322,RG-1500,65,45,Y,XX-0000,0
535334,RG-1500,69,44,N,SL-0900,25
535357,RG-1500,70,51,N,SL-0900,19
535405,JH-0900,68,41,N,EW-0500,27
535417,RG-1500,65,45,Y,XX-0000,0
535492,JH-0900,19,19,N,XX-0000,0
535494,MK-1200,65,45,Y,XX-0000,0
535513,MK-1200,65,45,Y,XX-0000,0
535529,MK-1200,65,45,Y,XX-0000,0
535545,MK-1200,65,45,Y,XX-0000,0
535553,BW-0350,67,47,Y,XX-0000,0
535569,MK-1200,65,45,Y,XX-0000,0
535580,BW-0350,69,49,Y,XX-0000,0
535588,BW-0350,71,51,Y,XX-0000,0
535594,MK-1200,65,45,Y,XX-0000,0
535607,MK-1200,72,29,N,PH-0400,43
535611,BW-0350,70,50,Y,XX-0000,0
535645,MK-1200,65,45,Y,XX-0000,0
535670,RG-1500,65,45,Y,XX-0000,0
535695,RG-1500,65,45,Y,XX-0000,0
535702,JM-4000,30,22,N,KA-0300,8
535710,JM-4000,42,42,N,XX-0000,0
535733,JM-4000,48,45,N,EW-0500,3
535757,JM-4000,27,22,N,CS-3800,5
535775,JM-4000,31,24,N,AA-0900,7
535788,JM-4000,49,31,N,EB-0600,18
535810,RG-1500,65,45,Y,XX-0000,0
535813,RG-1500,65,45,Y,XX-0000,0
535826,JM-4000,46,43,N,AA-0900,3
535836,PD-0200,67,46,N,RG-1300,21
535860,PD-0200,58,47,N,CC-0700,11
535915,NN-0200,60,30,N,JC-5600,30
535948,NN-0200,60,35,N,JC-5600,25
535993,AH-2600,65,45,Y,XX-0000,0
536013,MB-3000,67,48,N,BB-2530,19
536029,MB-3000,59,31,N,BB-2530,28
536045,AH-2600,62,38,N,JR-2800,24
536051,MB-3000,65,45,Y,XX-0000,0
536073,MB-3000,35,35,N,XX-0000,0
536075,MB-3000,68,48,N,BB-2530,20
536085,AH-2600,65,45,Y,XX-0000,0
536099,MB-3000,62,40,N,BB-2530,22
536114,MB-3000,65,45,Y,XX-0000,0
536132,AH-2600,57,51,N,JR-2800,6
536159,NF-0300,64,43,N,MT-0550,21
536170,DC-0500,16,16,N,XX-0000,0
536191,DC-0500,65,41,N,JM-3600,24
536203,DC-0500,50,36,N,KR-0430,14
536226,DC-0500,65,45,Y,XX-0000,0
536247,DC-0500,66,19,N,EG-0100,47
536256,NF-0300,62,5,N,MT-0550,57
536264,DC-0500,69,53,N,EG-0100,16
536312,NF-0300,10,10,N,XX-0000,0
536319,DC-0500,65,45,Y,XX-0000,0
536337,SH-0400,71,51,Y,XX-0000,0
536361,SH-0400,68,47,N,SL-0900,21
536372,JH-0900,70,42,N,LW-0500,28
536375,SH-0400,72,52,Y,XX-0000,0
536386,SH-0400,72,52,Y,XX-0000,0
536394,JH-0900,69,48,N,LW-0500,21
536423,JH-0900,65,45,Y,XX-0000,0
536460,JH-0900,66,47,N,LW-0500,19
536475,SH-0400,71,51,Y,XX-0000,0
536493,JH-0900,42,42,N,LW-0500,0
536496,MC-3000,64,46,N,MS-3900,18
536514,JS-1100,63,34,N,RC-1500,29
536525,MC-3000,71,54,N,MS-3900,17
536550,MC-3000,62,38,N,KT-0700,24
536577,JS-1100,73,53,Y,XX-0000,0
536585,JS-1100,74,54,Y,XX-0000,0
536587,JS-1100,63,35,N,RC-1500,28
536633,MC-3000,70,45,N,KT-0700,25
536646,JS-1100,64,25,N,XX-0000,0
536665,MC-3000,70,50,Y,XX-0000,0
536671,SG-0800,74,54,Y,XX-0000,0
536679,GZ-2000,62,43,N,DM-1300,19
536690,SG-0800,69,53,N,IP-0300,16
536709,SG-0800,70,50,Y,XX-0000,0
536729,SG-0800,64,41,N,IP-0300,23
536752,SG-0800,42,36,N,CD-0200,6
536754,GZ-2000,70,50,Y,XX-0000,0
536762,SG-0800,72,52,Y,XX-0000,0
536776,SG-0800,65,43,N,CG-1060,22
536808,SG-0800,64,38,N,CG-1060,26
536834,KF-0250,62,41,N,CR-0250,21
536848,SS-3100,68,46,N,BB-0600,22
536858,SS-3100,65,45,Y,XX-0000,0
536874,KF-0250,61,39,N,CR-0250,22
536887,SS-3100,68,40,N,BB-0600,28
536900,SS-3100,72,42,N,BB-0600,30
536912,SS-3100,61,44,N,BB-0600,17
536920,KF-0250,65,45,Y,XX-0000,0
536933,SS-3100,65,45,Y,XX-0000,0
536953,KF-0250,55,47,N,WJ-0300,8
536983,PM-0300,65,45,Y,XX-0000,0
536998,RB-2200,55,55,N,CV-0200,0
537011,PM-0300,65,45,Y,XX-0000,0
537051,RB-2200,65,46,N,MM-4800,19
537060,RB-2200,49,40,N,CV-0200,9
537071,PM-0300,65,45,Y,XX-0000,0
537102,RB-2200,65,45,Y,XX-0000,0
537119,PM-0300,52,45,N,DR-1200,7
537134,RB-2200,65,45,Y,XX-0000,0
537144,RS-3400,72,52,Y,XX-0000,0
537158,SJ-0300,74,54,Y,XX-0000,0
537181,SJ-0300,72,52,Y,XX-0000,0
537190,RS-3400,68,45,N,MG-1000,23
537203,RS-3400,62,39,N,MG-1000,23
537215,SJ-0300,70,50,Y,XX-0000,0
537222,SJ-0300,65,45,Y,XX-0000,0
537228,SJ-0300,73,43,N,SD-0800,30
537240,RS-3400,71,51,Y,XX-0000,0
537248,SJ-0300,67,32,N,SD-0800,35
537280,SJ-0300,65,45,Y,XX-0000,0
537297,RS-3400,10,10,N,XX-0000,0
537304,DB-0200,74,54,Y,XX-0000,0
537312,LT-1100,65,54,N,LD-0850,11
537324,LT-1100,66,51,N,LD-0850,15
537333,LT-1100,67,23,N,LD-0850,44
537347,LT-1100,74,54,Y,XX-0000,0
537352,LT-1100,65,45,Y,XX-0000,0
537377,DB-0200,61,41,N,DW-4050,20
537391,DB-0200,69,45,N,DW-4050,24
537398,LT-1100,72,51,N,LD-0850,21
537412,DB-0200,65,44,N,DW-4050,21
537426,DB-0200,63,42,N,DW-4050,21
537446,LT-1100,70,43,N,LD-0850,27
537461,LT-1100,67,43,N,LD-0850,24
537486,MP-2100,65,45,Y,XX-0000,0
537516,MP-2100,65,45,Y,XX-0000,0
537529,TM-3300,65,45,Y,XX-0000,0
537550,MP-2100,65,45,Y,XX-0000,0
537568,TM-3300,70,58,N,OB-0150,12
537581,MP-2100,65,45,Y,XX-0000,0
537606,MP-2100,65,45,Y,XX-0000,0
537630,MP-2100,65,45,Y,XX-0000,0
537646,GH-0600,13,13,N,XX-0000,0
537653,JF-0900,71,40,N,TG-0900,31
537680,DA-0300,65,45,Y,XX-0000,0
537705,DA-0300,65,45,Y,XX-0000,0
537719,DA-0300,65,45,Y,XX-0000,0
537727,DA-0300,65,45,Y,XX-0000,0
537743,DA-0300,65,45,Y,XX-0000,0
537759,JF-0900,65,45,Y,XX-0000,0
