PID,PUNTER,PGRO,PNET,PTB,PR,PRY,PFC
518053,SW-0500,56,55,N,DB-5300,1,N
518057,CJ-2100,60,50,N,DH-3200,10,N
518084,SW-0500,45,25,Y,XX-0000,0,N
518101,CJ-2100,48,48,N,DH-3200,0,Y
518105,SW-0500,54,55,N,DB-5300,-1,N
518157,SW-0500,46,43,N,DH-1800,3,N
518200,AP-1800,45,45,N,LB-0850,0,Y
518204,PM-0300,41,41,N,XX-0000,0,N
518229,PM-0300,63,43,Y,XX-0000,0,N
518233,AP-1800,33,33,N,XX-0000,0,N
518238,PM-0300,42,42,N,XX-0000,0,N
518294,PM-0300,57,34,N,DH-2700,23,N
518321,AP-1800,40,32,N,LB-0850,8,N
518328,AP-1800,50,30,Y,XX-0000,0,N
518357,PM-0300,54,54,N,XX-0000,0,N
518362,AP-1800,40,36,N,LB-0850,4,N
518401,RH-2500,44,44,N,DJ-0950,0,Y
518419,CH-2600,60,54,N,JC-5600,6,N
518423,RH-2500,42,42,N,XX-0000,0,N
518429,CH-2600,52,35,N,JC-5600,17,N
518436,CH-2600,54,31,N,JC-5600,23,N
518444,RH-2500,49,29,Y,XX-0000,0,N
518451,CH-2600,41,36,N,JC-5600,5,N
518455,RH-2500,49,49,N,DJ-0950,0,Y
518472,RH-2500,54,48,N,DJ-0950,6,N
518476,CH-2600,61,55,N,JC-5600,6,N
518496,CH-2600,62,41,N,JC-5600,21,N
518500,RH-2500,33,33,N,XX-0000,0,N
518534,RH-2500,37,37,N,DJ-0950,0,Y
518692,DC-3200,47,47,N,DF-1700,0,Y
518698,MB-3000,52,34,N,JA-2000,18,N
518755,BM-3600,44,-24,N,JK-1000,68,N
518804,BM-3600,37,37,N,XX-0000,0,N
518832,RM-0400,55,55,N,XX-0000,0,N
518853,RM-0400,48,21,N,LM-1100,27,N
518920,JH-3230,50,50,N,XX-0000,0,N
518950,JH-3230,46,31,N,SL-0900,15,N
518962,JH-3230,45,31,N,SL-0900,14,N
518966,BG-1100,40,40,N,DA-0900,0,Y
518972,JH-3230,43,34,N,SL-0900,9,N
518979,BG-1100,36,36,N,DA-0900,0,Y
518985,JH-3230,57,63,N,SL-0900,-6,N
518989,BG-1100,45,39,N,DA-0900,6,N
519035,TM-3300,59,48,N,BB-0600,11,N
519066,TM-3300,49,49,N,XX-0000,0,N
519085,TM-3300,59,39,N,BB-0600,20,N
519107,SR-0800,-24,-28,N,XX-0000,0,N
519127,TM-3300,54,54,N,BB-0600,0,N
519175,TM-3300,57,54,N,BB-0600,3,N
519180,SR-0800,38,33,N,DS-3300,5,N
519193,SR-0800,43,34,N,DS-3300,9,N
519216,SR-0800,58,38,Y,XX-0000,0,N
519229,BF-0300,39,39,N,TH-1900,0,Y
519254,DJ-2800,48,48,N,MT-0550,0,Y
519261,BF-0300,38,38,N,TH-1900,0,Y
519268,DJ-2800,36,36,N,XX-0000,0,N
519316,DJ-2800,49,-23,N,MT-0550,72,N
519334,BF-0300,56,42,N,TH-1900,14,N
519362,DJ-2800,30,30,N,XX-0000,0,N
519373,DJ-2800,55,51,N,MT-0550,4,N
519402,ZM-0100,28,28,N,XX-0000,0,N
519406,BK-0700,56,42,N,JE-0100,14,N
519424,ZM-0100,45,45,N,XX-0000,0,N
519436,BK-0700,44,44,N,XX-0000,0,N
519456,BK-0700,54,50,N,JE-0100,4,N
519466,ZM-0100,51,31,Y,XX-0000,0,N
519483,ZM-0100,30,30,N,DR-1200,0,Y
519488,BK-0700,55,46,N,JE-0100,9,N
519546,CK-0900,37,30,N,MT-0900,7,N
519571,CK-0900,52,52,N,XX-0000,0,N
519576,BA-0850,56,41,N,MS-1300,15,N
519580,CK-0900,53,44,N,MT-0900,9,N
519601,CK-0900,41,37,N,MJ-2500,4,N
519605,BA-0850,45,38,N,MS-1300,7,N
519636,BA-0850,57,37,Y,XX-0000,0,N
519683,BA-0850,56,56,N,MS-1300,0,Y
519687,CK-0900,59,59,N,XX-0000,0,N
519719,BN-0700,47,47,N,SS-3000,0,N
519738,BN-0700,39,39,N,SS-3000,0,Y
519753,BN-0700,30,30,N,SS-3000,0,Y
519780,BN-0700,36,36,N,XX-0000,0,N
519789,MK-1200,52,45,N,JA-0260,7,N
519801,MK-1200,48,27,N,JA-0260,21,N
519808,MK-1200,43,23,Y,XX-0000,0,N
519818,MK-1200,43,43,N,JA-0260,0,N
519823,BN-0700,-10,-10,N,XX-0000,0,N
519836,BN-0700,47,47,N,SS-3000,0,Y
519840,MK-1200,44,44,N,XX-0000,0,N
519900,JR-3700,46,29,N,PP-0400,17,N
519923,JR-3700,47,40,N,PP-0400,7,N
519930,DZ-0100,39,40,N,BB-3400,-1,N
519940,DZ-0100,47,52,N,LW-0500,-5,N
519968,DZ-0100,50,46,N,LW-0500,4,N
519972,JR-3700,48,42,N,PP-0400,6,N
519976,DZ-0100,49,49,N,LW-0500,0,Y
519984,JR-3700,44,37,N,PP-0400,7,N
519989,DZ-0100,53,1,N,LW-0500,52,N
520036,AL-0500,61,57,N,RC-1500,4,N
520048,TM-0800,55,35,Y,XX-0000,0,N
520067,TM-0800,37,37,N,KW-1800,0,Y
520114,TM-0800,60,40,N,KW-1800,20,N
520123,TM-0800,54,54,N,KW-1800,0,Y
520142,TM-0800,45,45,N,XX-0000,0,N
520150,AL-0500,47,47,N,RC-1500,0,Y
520157,TM-0800,38,38,N,KW-1800,0,Y
520162,AL-0500,61,-14,N,RC-1500,75,N
520168,AL-0500,46,46,N,RC-1500,0,Y
520187,AL-0500,41,40,N,RC-1500,1,N
520210,BC-2000,44,44,N,AB-3500,0,N
520215,DB-6350,52,40,N,JL-1200,12,N
520225,DB-6350,44,44,N,XX-0000,0,N
520232,BC-2000,46,23,N,AB-3500,23,N
520336,DB-6350,46,36,N,JL-1200,10,N
520373,KH-2600,39,39,N,XX-0000,0,N
520417,KH-2600,39,30,N,LW-0700,9,N
520425,SK-0600,37,32,N,BT-0300,5,N
520472,KH-2600,57,48,N,JJ-3900,9,N
520506,SK-0600,50,36,N,BT-0300,14,N
520510,KH-2600,48,48,N,LW-0700,0,Y
520542,MS-0600,53,38,N,PA-0100,15,N
520568,SL-0400,62,16,N,ER-0500,46,N
520607,MS-0600,55,55,N,PA-0100,0,Y
520629,SL-0400,-21,-21,N,XX-0000,0,N
520639,SL-0400,52,38,N,ER-0500,14,N
520687,MS-0600,55,55,N,XX-0000,0,N
520692,TM-0800,56,56,N,DH-2700,0,Y
520696,AP-1800,41,41,N,SS-1300,0,N
520704,TM-0800,32,32,N,XX-0000,0,N
520709,AP-1800,48,48,N,RC-1500,0,Y
520715,TM-0800,57,37,Y,XX-0000,0,N
520720,AP-1800,40,40,N,RC-1500,0,Y
520741,AP-1800,53,33,Y,XX-0000,0,N
520786,TM-0800,54,47,N,DH-2700,7,N
520802,AP-1800,50,34,N,RC-1500,16,N
520821,AP-1800,36,36,N,RC-1500,0,Y
520835,TM-0800,39,38,N,DH-2700,1,N
520851,RH-2500,53,-28,N,AJ-1200,81,N
520878,KH-2600,34,34,N,JC-5600,0,Y
520886,RH-2500,40,31,N,AJ-1200,9,N
520923,KH-2600,34,34,N,XX-0000,0,N
520944,RH-2500,44,44,N,XX-0000,0,N
520949,KH-2600,58,40,N,JC-5600,18,N
520957,RH-2500,49,49,N,AJ-1200,0,N
521021,DC-3200,35,35,N,LM-1100,0,Y
521025,BM-3600,60,45,N,JA-2000,15,N
521029,DC-3200,46,43,N,LM-1100,3,N
521047,DC-3200,50,43,N,LM-1100,7,N
521062,DC-3200,40,40,N,XX-0000,0,N
521066,BM-3600,51,51,N,XX-0000,0,N
521096,BM-3600,43,41,N,JA-2000,2,N
521100,DC-3200,66,46,Y,XX-0000,0,N
521104,BM-3600,43,20,N,JA-2000,23,N
521124,DC-3200,45,-43,N,LM-1100,88,N
521136,DC-3200,31,31,N,XX-0000,0,N
521145,BM-3600,50,30,Y,XX-0000,0,N
521156,BM-3600,54,54,N,XX-0000,0,N
521171,BM-3600,48,27,N,SB-1400,21,N
521222,PM-0300,57,43,N,MS-1300,14,N
521244,CK-0900,45,45,N,XX-0000,0,N
521280,CK-0900,55,55,N,XX-0000,0,N
521284,PM-0300,64,53,N,MS-1300,11,N
521292,CK-0900,39,28,N,TH-1850,11,N
521296,PM-0300,49,43,N,MS-1300,6,N
521301,CK-0900,53,53,N,TH-1850,0,Y
521307,PM-0300,55,47,N,MS-1300,8,N
521326,PM-0300,43,31,N,MS-1300,12,N
521382,CH-2600,56,38,N,JJ-3900,18,N
521405,CH-2600,32,32,N,XX-0000,0,N
521409,SK-0600,54,34,Y,XX-0000,0,N
521420,SK-0600,56,53,N,DJ-0950,3,N
521424,CH-2600,38,28,N,JJ-3900,10,N
521445,SK-0600,48,45,N,DJ-0950,3,N
521461,SK-0600,52,48,N,DJ-0950,4,N
521465,CH-2600,40,34,N,JJ-3900,6,N
521469,SK-0600,41,41,N,DJ-0950,0,Y
521493,CH-2600,30,30,N,LW-0700,0,Y
521564,MK-1200,39,39,N,RR-0130,0,Y
521576,SW-0500,47,34,N,SS-3000,13,N
521580,MK-1200,52,40,N,RR-0130,12,N
521604,MK-1200,53,8,N,RR-0130,45,N
521625,SW-0500,32,29,N,SS-3000,3,N
521633,MK-1200,33,33,N,RR-0130,0,Y
521668,MK-1200,36,36,N,RR-0130,0,Y
521677,MK-1200,39,39,N,XX-0000,0,N
521725,BA-0850,32,32,N,TH-1900,0,Y
521729,DJ-2800,58,55,N,MT-0900,3,N
521735,BA-0850,57,21,N,TH-1900,36,N
521750,BA-0850,50,41,N,TH-1900,9,N
521754,DJ-2800,55,55,N,XX-0000,0,N
521758,BA-0850,57,43,N,TH-1900,14,N
521771,BA-0850,41,41,N,TH-1900,0,Y
521778,DJ-2800,52,32,Y,XX-0000,0,N
521783,BA-0850,58,58,N,XX-0000,0,N
521791,DJ-2800,45,25,Y,XX-0000,0,N
521797,BA-0850,57,44,N,TH-1900,13,N
521802,DJ-2800,44,26,N,MT-0900,18,N
521830,BA-0850,57,57,N,XX-0000,0,N
521835,DJ-2800,45,34,N,MT-0900,11,N
521839,BA-0850,59,51,N,TH-1900,8,N
521886,BN-0700,37,37,N,DS-3300,0,Y
521938,TM-3300,48,34,N,JA-0260,14,N
521957,BN-0700,58,42,N,DS-3300,16,N
521961,TM-3300,65,45,Y,XX-0000,0,N
521979,TM-3300,35,35,N,XX-0000,0,N
521986,BN-0700,46,32,N,DS-3300,14,N
522016,BN-0700,48,48,N,XX-0000,0,N
522034,BN-0700,40,20,Y,XX-0000,0,N
522076,DZ-0100,44,44,N,JE-0100,0,Y
522081,ZM-0100,38,35,N,PP-0400,3,N
522086,DZ-0100,59,37,N,JE-0100,22,N
522107,ZM-0100,40,40,N,XX-0000,0,N
522111,DZ-0100,52,52,N,XX-0000,0,N
522119,ZM-0100,21,21,N,XX-0000,0,N
522133,DZ-0100,34,34,N,WW-0200,0,Y
522137,ZM-0100,-9,-9,N,XX-0000,0,N
522155,ZM-0100,39,19,Y,XX-0000,0,N
522173,ZM-0100,34,34,N,PP-0400,0,Y
522180,DZ-0100,38,38,N,XX-0000,0,N
522191,DZ-0100,53,50,N,JE-0100,3,N
522241,SR-0800,54,32,N,DA-0900,22,N
522245,JH-3230,53,33,Y,XX-0000,0,N
522306,SR-0800,51,45,N,DA-0900,6,N
522333,SR-0800,0,0,N,XX-0000,0,N
522343,SR-0800,55,54,N,DA-0900,1,N
522347,JH-3230,44,44,N,XX-0000,0,N
522358,SR-0800,28,28,N,DA-0900,0,Y
522362,JH-3230,66,69,N,BB-0600,-3,N
522367,SR-0800,52,52,N,DA-0900,0,N
522395,CJ-2100,-18,-21,N,XX-0000,0,N
522411,JR-3700,36,36,N,XX-0000,0,N
522432,JR-3700,55,53,N,DB-5300,2,N
522436,CJ-2100,44,37,N,LW-0500,7,N
522459,CJ-2100,31,31,N,XX-0000,0,N
522463,JR-3700,50,50,N,DB-5300,0,N
522470,JR-3700,68,48,Y,XX-0000,0,N
522476,CJ-2100,52,52,N,XX-0000,0,N
522496,CJ-2100,51,51,N,XX-0000,0,N
522515,CJ-2100,51,51,N,LW-0500,0,Y
522563,BK-0700,46,46,N,XX-0000,0,N
522580,BK-0700,63,62,N,ER-0500,1,N
522586,MS-0600,39,39,N,DR-1200,0,Y
522605,BK-0700,49,49,N,MS-3900,0,Y
522609,MS-0600,52,36,N,DR-1200,16,N
522613,BK-0700,55,35,Y,XX-0000,0,N
522618,MS-0600,62,49,N,DR-1200,13,N
522623,BK-0700,54,54,N,XX-0000,0,N
522628,MS-0600,44,43,N,DR-1200,1,N
522632,BK-0700,47,47,N,MS-3900,0,Y
522666,BK-0700,47,47,N,XX-0000,0,N
522705,SL-0400,33,33,N,DB-1800,0,Y
522714,DC-0500,29,29,N,XX-0000,0,N
522731,BF-0300,42,42,N,PA-0100,0,Y
522735,SL-0400,60,42,N,MT-0550,18,N
522739,BF-0300,56,57,N,PA-0100,-1,N
522744,SL-0400,48,35,N,MT-0550,13,N
522748,BF-0300,54,47,N,PA-0100,7,N
522754,SL-0400,35,24,N,DB-1800,11,N
522758,BF-0300,59,54,N,PA-0100,5,N
522778,SL-0400,50,43,N,MT-0550,7,N
522782,BF-0300,58,34,N,PA-0100,24,N
522786,SL-0400,59,38,N,MT-0550,21,N
522799,SL-0400,45,25,Y,XX-0000,0,N
522809,SL-0400,36,36,N,DB-1800,0,Y
522813,BF-0300,50,3,N,PA-0100,47,N
522836,SL-0400,56,41,N,MT-0550,15,N
522913,DB-6350,42,39,N,JK-1000,3,N
522917,RM-0400,58,38,Y,XX-0000,0,N
522941,RM-0400,53,40,N,CR-0250,13,N
522954,RM-0400,41,41,N,XX-0000,0,N
522958,DB-6350,49,49,N,XX-0000,0,N
522963,DB-6350,37,37,N,XX-0000,0,N
522968,RM-0400,32,32,N,XX-0000,0,N
522973,DB-6350,38,38,N,JK-1000,0,Y
522978,RM-0400,33,33,N,XX-0000,0,N
523000,RM-0400,55,45,N,AB-3500,10,N
523004,DB-6350,39,36,N,JK-1000,3,N
523016,BG-1100,43,43,N,XX-0000,0,N
523043,AL-0500,52,42,N,SL-0900,10,N
523061,BG-1100,46,38,N,KW-1800,8,N
523069,AL-0500,25,25,N,SL-0900,0,Y
523090,AL-0500,32,32,N,SL-0900,0,Y
523200,MB-3000,42,42,N,JL-1200,0,Y
523205,BC-2000,39,39,N,DF-1700,0,Y
523209,MB-3000,39,39,N,JL-1200,0,Y
523230,BC-2000,45,45,N,DF-1700,0,Y
523268,MB-3000,27,27,N,JL-1200,0,Y
523272,BC-2000,48,50,N,DF-1700,-2,N
523285,BC-2000,67,67,N,XX-0000,0,N
523294,MB-3000,47,47,N,JL-1200,0,N
523315,MB-3000,49,47,N,JL-1200,2,N
523321,BC-2000,52,52,N,XX-0000,0,N
523325,MB-3000,48,39,N,ED-0200,9,N
523362,BN-0700,44,24,Y,XX-0000,0,N
523378,BN-0700,39,33,N,RR-0130,6,N
523396,BN-0700,42,42,N,RR-0130,0,Y
523421,SW-0500,35,35,N,XX-0000,0,N
523484,SW-0500,41,41,N,XX-0000,0,N
523522,JH-3230,41,27,N,DH-2700,14,N
523538,JH-3230,56,36,Y,XX-0000,0,N
523544,AP-1800,46,43,N,DA-0900,3,N
523549,JH-3230,52,52,N,XX-0000,0,N
523591,AP-1800,32,32,N,XX-0000,0,N
523606,AP-1800,55,38,N,DA-0900,17,N
523614,JH-3230,38,38,N,XX-0000,0,N
523638,JH-3230,40,21,N,DH-2700,19,N
523642,AP-1800,32,32,N,DA-0900,0,Y
523646,JH-3230,52,46,N,DH-2700,6,N
523662,RH-2500,52,32,N,LM-1100,20,N
523677,RH-2500,50,17,N,LM-1100,33,N
523687,RH-2500,45,45,N,LM-1100,0,Y
523705,RH-2500,33,33,N,LM-1100,0,Y
523711,BM-3600,49,37,N,JC-5600,12,N
523735,BM-3600,27,27,N,XX-0000,0,N
523739,RH-2500,42,42,N,LM-1100,0,Y
523761,RH-2500,40,40,N,XX-0000,0,N
523765,BM-3600,36,36,N,XX-0000,0,N
523784,BM-3600,66,39,N,JC-5600,27,N
523790,RH-2500,28,28,N,XX-0000,0,N
523810,RH-2500,46,46,N,XX-0000,0,N
523814,BM-3600,30,30,N,XX-0000,0,N
523820,BM-3600,44,40,N,JC-5600,4,N
523856,BA-0850,42,10,N,TH-1850,32,N
523860,PM-0300,49,47,N,MT-0900,2,N
523866,BA-0850,52,52,N,TH-1850,0,Y
523877,PM-0300,37,37,N,MT-0900,0,Y
523884,BA-0850,66,46,Y,XX-0000,0,N
523909,PM-0300,53,49,N,MT-0900,4,N
523919,PM-0300,38,36,N,MT-0900,2,N
523923,BA-0850,46,46,N,TH-1850,0,N
523940,PM-0300,40,40,N,XX-0000,0,N
523973,BA-0850,55,46,N,TH-1850,9,N
523980,PM-0300,63,43,Y,XX-0000,0,N
523984,BA-0850,60,46,N,TH-1850,14,N
524026,CJ-2100,49,48,N,JS-2300,1,N
524044,MK-1200,37,37,N,XX-0000,0,N
524049,CJ-2100,54,45,N,JS-2300,9,N
524055,MK-1200,29,29,N,DH-1800,0,Y
524059,CJ-2100,41,41,N,XX-0000,0,N
524076,MK-1200,56,36,Y,XX-0000,0,N
524088,MK-1200,45,46,N,DB-5300,-1,N
524108,MK-1200,31,31,N,DH-1800,0,Y
524117,MK-1200,41,21,Y,XX-0000,0,N
524133,MK-1200,43,44,N,DB-5300,-1,N
524138,CJ-2100,29,29,N,JS-2300,0,Y
524143,MK-1200,49,5,N,DB-5300,44,N
524189,RM-0400,54,53,N,MT-0550,1,N
524195,BF-0300,57,39,N,JK-1000,18,N
524204,RM-0400,43,33,N,DB-1800,10,N
524261,BF-0300,59,39,Y,XX-0000,0,N
524265,RM-0400,61,53,N,MT-0550,8,N
524302,RM-0400,48,48,N,DB-1800,0,Y
524306,BF-0300,62,46,N,JK-1000,16,N
524312,RM-0400,33,33,N,XX-0000,0,N
524317,BF-0300,57,46,N,JK-1000,11,N
524354,RM-0400,35,35,N,DB-1800,0,Y
524377,SR-0800,58,58,N,XX-0000,0,N
524391,KH-2600,37,37,N,BB-0600,0,Y
524395,SR-0800,45,45,N,AJ-1200,0,N
524408,SR-0800,40,38,N,BT-0300,2,N
524428,SR-0800,33,25,N,AJ-1200,8,N
524469,KH-2600,56,57,N,BB-0600,-1,N
524487,SR-0800,41,41,N,BT-0300,0,Y
524491,KH-2600,33,33,N,XX-0000,0,N
524495,SR-0800,44,24,Y,XX-0000,0,N
524508,SR-0800,49,35,N,BT-0300,14,N
524534,KH-2600,39,39,N,XX-0000,0,N
524582,DC-3200,55,53,N,DS-3300,2,N
524587,TM-3300,70,50,Y,XX-0000,0,N
524595,DC-3200,35,35,N,DS-3300,0,Y
524599,TM-3300,56,32,N,JA-2000,24,N
524639,DC-3200,24,24,N,XX-0000,0,N
524644,TM-3300,55,55,N,XX-0000,0,N
524674,TM-3300,48,48,N,XX-0000,0,N
524691,TM-3300,46,9,N,JA-2000,37,N
524695,DC-3200,51,51,N,XX-0000,0,N
524723,DC-3200,43,43,N,XX-0000,0,N
524727,TM-3300,60,50,N,JA-2000,10,N
524778,BG-1100,38,40,N,DR-1200,-2,N
524784,JH-0900,37,33,N,DR-1200,4,N
524807,BK-0700,41,41,N,SL-0900,0,Y
524813,JH-0900,35,35,N,DR-1200,0,Y
524891,JH-0900,46,40,N,DR-1200,6,N
524969,AL-0500,44,44,N,MS-1300,0,Y
524975,CK-0900,35,19,N,KW-1800,16,N
525034,CK-0900,51,51,N,KW-1800,0,Y
525067,CK-0900,42,22,Y,XX-0000,0,N
525075,AL-0500,53,53,N,XX-0000,0,N
525081,CK-0900,53,45,N,KW-1800,8,N
525085,AL-0500,49,49,N,MS-1300,0,Y
525109,CH-2600,52,38,N,PP-0400,14,N
525125,CH-2600,54,44,N,PP-0400,10,N
525130,DZ-0100,58,46,N,DJ-0950,12,N
525153,DZ-0100,31,31,N,DJ-0950,0,Y
525157,CH-2600,49,49,N,PP-0400,0,N
525168,CH-2600,62,45,N,PP-0400,17,N
525174,DZ-0100,48,28,Y,XX-0000,0,N
525193,DZ-0100,51,51,N,DJ-0950,0,Y
525211,DZ-0100,50,50,N,DJ-0950,0,Y
525224,DZ-0100,45,41,N,DJ-0950,4,N
525233,CH-2600,33,22,N,PP-0400,11,N
525278,MS-0600,49,37,N,DF-1700,12,N
525283,MB-3000,51,48,N,ER-0500,3,N
525287,MS-0600,64,42,N,DF-1700,22,N
525297,MB-3000,34,34,N,MS-3900,0,Y
525363,MB-3000,33,33,N,MS-3900,0,Y
525384,MS-0600,29,29,N,XX-0000,0,N
525396,MS-0600,64,44,Y,XX-0000,0,N
525400,MB-3000,52,52,N,MS-3900,0,Y
525409,MB-3000,53,45,N,MS-3900,8,N
525416,BC-2000,57,57,N,TH-1900,0,N
525445,BC-2000,40,40,N,XX-0000,0,N
525466,BC-2000,48,35,N,TH-1900,13,N
525484,DJ-2800,49,36,N,JL-1200,13,N
525488,BC-2000,39,35,N,TH-1900,4,N
525508,DJ-2800,46,44,N,JL-1200,2,N
525512,BC-2000,47,47,N,TH-1900,0,Y
525530,BC-2000,52,50,N,TH-1900,2,N
525534,DJ-2800,66,46,Y,XX-0000,0,N
525538,BC-2000,51,51,N,TH-1900,0,Y
525553,BC-2000,47,27,Y,XX-0000,0,N
525569,DJ-2800,55,54,N,JL-1200,1,N
525596,DJ-2800,55,42,N,ED-0200,13,N
525633,SL-0400,60,38,N,AB-3500,22,N
525639,DB-6350,35,35,N,PA-0100,0,Y
525643,SL-0400,54,54,N,XX-0000,0,N
525651,DB-6350,29,29,N,XX-0000,0,N
525655,SL-0400,41,41,N,AB-3500,0,Y
525754,DB-6350,44,39,N,PA-0100,5,N
525769,ZM-0100,56,37,N,JJ-3900,19,N
525773,SK-0600,37,37,N,XX-0000,0,N
525792,SK-0600,52,41,N,JE-0100,11,N
525830,ZM-0100,50,50,N,JJ-3900,0,Y
525890,SK-0600,47,27,Y,XX-0000,0,N
525920,ZM-0100,36,36,N,LW-0700,0,Y
525943,ZM-0100,30,30,N,JJ-3900,0,N
525957,JR-3700,42,42,N,RC-1500,0,Y
525962,TM-0800,43,43,N,XX-0000,0,N
525973,JR-3700,43,43,N,XX-0000,0,N
525985,TM-0800,48,48,N,LW-0500,0,Y
525989,JR-3700,41,39,N,RC-1500,2,N
525993,TM-0800,43,43,N,LW-0500,0,Y
525997,JR-3700,65,59,N,RC-1500,6,N
526003,TM-0800,37,31,N,LW-0500,6,N
526021,TM-0800,55,55,N,XX-0000,0,N
526049,JR-3700,66,62,N,RC-1500,4,N
526066,JR-3700,44,44,N,RC-1500,0,Y
526104,TM-0800,41,42,N,LW-0500,-1,N
526118,RH-2500,33,33,N,XX-0000,0,N
526125,SK-0600,47,27,Y,XX-0000,0,N
526132,RH-2500,44,44,N,JJ-3900,0,Y
526138,SK-0600,54,40,N,JC-5600,14,N
526149,RH-2500,52,52,N,JJ-3900,0,N
526162,RH-2500,49,49,N,JJ-3900,0,Y
526174,RH-2500,32,32,N,XX-0000,0,N
526178,SK-0600,50,50,N,XX-0000,0,N
526199,SK-0600,54,34,Y,XX-0000,0,N
526203,RH-2500,32,32,N,XX-0000,0,N
526267,SK-0600,36,36,N,TB-1060,0,Y
526271,RH-2500,48,48,N,LW-0700,0,Y
526277,SK-0600,55,15,N,TB-1060,40,N
526293,SK-0600,26,26,N,XX-0000,0,N
526312,SP-1620,31,31,N,WW-0200,0,Y
526331,ZM-0100,35,35,N,XX-0000,0,N
526336,SP-1620,54,40,N,WW-0200,14,N
526342,ZM-0100,49,49,N,XX-0000,0,N
526354,SP-1620,42,42,N,WW-0200,0,Y
526392,ZM-0100,35,35,N,LM-1100,0,Y
526414,SP-1620,54,54,N,XX-0000,0,N
526429,SP-1620,28,28,N,XX-0000,0,N
526522,DC-3200,60,60,N,XX-0000,0,N
526530,MS-0600,27,27,N,XX-0000,0,N
526535,DC-3200,49,49,N,ER-0500,0,Y
526559,MS-0600,66,46,Y,XX-0000,0,N
526595,MS-0600,59,44,N,JA-2000,15,N
526599,DC-3200,54,49,N,ER-0500,5,N
526603,MS-0600,56,28,N,JA-2000,28,N
526607,DC-3200,42,42,N,XX-0000,0,N
526611,MS-0600,61,43,N,JA-2000,18,N
526660,MB-3000,45,44,N,CM-3400,1,N
526689,BN-0700,44,44,N,DF-1700,0,Y
526715,MB-3000,56,54,N,CM-3400,2,N
526719,BN-0700,45,27,N,DF-1700,18,N
526745,BN-0700,41,41,N,DF-1700,0,Y
526772,MB-3000,59,39,N,CM-3400,20,N
526777,BN-0700,44,44,N,DF-1700,0,Y
526784,MB-3000,30,30,N,CM-3400,0,Y
526806,BN-0700,48,49,N,DF-1700,-1,N
526810,MB-3000,45,45,N,CM-3400,0,Y
526817,BN-0700,49,49,N,XX-0000,0,N
526831,AL-0500,61,41,Y,XX-0000,0,N
526840,RM-0400,37,37,N,TG-0900,0,Y
526849,AL-0500,42,42,N,XX-0000,0,N
526853,RM-0400,54,45,N,TG-0900,9,N
526880,RM-0400,41,41,N,TG-0900,0,Y
526886,AL-0500,34,34,N,XX-0000,0,N
526913,RM-0400,41,27,N,TG-0900,14,N
526920,AL-0500,47,47,N,XX-0000,0,N
526924,RM-0400,45,44,N,TG-0900,1,N
526945,RM-0400,43,43,N,TG-0900,0,Y
526961,RM-0400,-21,-21,N,XX-0000,0,N
526971,RM-0400,42,22,N,TG-0900,20,N
526995,CK-0900,32,23,N,SL-0900,9,N
527002,NH-0700,42,42,N,MS-1300,0,Y
527019,NH-0700,51,51,N,XX-0000,0,N
527055,CK-0900,52,53,N,SL-0900,-1,N
527062,NH-0700,41,-36,N,MS-1300,77,N
527070,NH-0700,30,30,N,MS-1300,0,Y
527076,CK-0900,51,24,N,SL-0900,27,N
527080,NH-0700,34,34,N,MS-1300,0,Y
527084,CK-0900,37,37,N,SL-0900,0,Y
527116,CK-0900,40,40,N,XX-0000,0,N
527136,CK-0900,47,47,N,XX-0000,0,N
527175,JR-3700,62,42,Y,XX-0000,0,N
527184,JR-3700,62,44,N,DA-0900,18,N
527188,JH-3230,47,50,N,LW-0500,-3,N
527216,JR-3700,31,31,N,XX-0000,0,N
527233,JH-3230,34,34,N,LW-0500,0,Y
527253,JH-3230,48,44,N,LW-0500,4,N
527284,JR-3700,41,41,N,XX-0000,0,N
527288,JH-3230,27,27,N,LW-0500,0,Y
527314,BK-0700,50,41,N,TH-1900,9,N
527318,DJ-2800,61,51,N,DR-1200,10,N
527322,BK-0700,50,43,N,TH-1900,7,N
527339,BK-0700,52,52,N,XX-0000,0,N
527343,DJ-2800,54,52,N,DR-1200,2,N
527361,DJ-2800,33,33,N,DR-1200,0,Y
527365,BK-0700,46,39,N,TH-1900,7,N
527369,DJ-2800,39,39,N,DR-1200,0,Y
527378,BK-0700,33,33,N,XX-0000,0,N
527383,DJ-2800,44,16,N,DR-1200,28,N
527394,BK-0700,60,49,N,TH-1900,11,N
527409,BK-0700,35,35,N,XX-0000,0,N
527421,DJ-2800,28,28,N,XX-0000,0,N
527501,SL-0400,46,47,N,JL-1200,-1,N
527509,SL-0400,54,54,N,JL-1200,0,N
527535,SL-0400,62,50,N,JL-1200,12,N
527550,SL-0400,2,2,N,XX-0000,0,N
527560,SL-0400,68,52,N,JL-1200,16,N
527572,SL-0400,55,55,N,XX-0000,0,N
527591,SL-0400,59,44,N,JL-1200,15,N
527627,DZ-0100,31,31,N,MT-0550,0,Y
527639,BF-0300,39,37,N,PP-0400,2,N
527643,DZ-0100,51,51,N,XX-0000,0,N
527664,DZ-0100,51,33,N,MT-0550,18,N
527669,BF-0300,42,42,N,XX-0000,0,N
527674,DZ-0100,68,68,N,XX-0000,0,N
527719,BF-0300,45,45,N,PP-0400,0,Y
527723,DZ-0100,56,56,N,XX-0000,0,N
527736,DZ-0100,24,24,N,DB-1800,0,Y
527741,BF-0300,47,39,N,PP-0400,8,N
527745,DZ-0100,51,51,N,DB-1800,0,Y
527749,BF-0300,48,40,N,PP-0400,8,N
527768,DZ-0100,46,46,N,DB-1800,0,Y
527790,DZ-0100,57,48,N,DB-1800,9,N
527809,BA-0850,44,43,N,BT-0300,1,N
527846,KH-2600,58,58,N,XX-0000,0,N
527851,BA-0850,61,48,N,BT-0300,13,N
527869,BA-0850,42,42,N,XX-0000,0,N
527883,BA-0850,61,41,Y,XX-0000,0,N
527930,BA-0850,43,24,N,BT-0300,19,N
527934,KH-2600,36,36,N,XX-0000,0,N
527941,BA-0850,44,44,N,BT-0300,0,Y
527945,KH-2600,49,49,N,XX-0000,0,N
527964,MK-1200,40,40,N,BB-0600,0,Y
527969,SR-0800,61,52,N,RP-0300,9,N
527992,MK-1200,55,55,N,BB-0600,0,N
528015,MK-1200,64,45,N,BB-0600,19,N
528035,SR-0800,51,42,N,RP-0300,9,N
528039,MK-1200,23,23,N,XX-0000,0,N
528052,SR-0800,28,28,N,RP-0300,0,Y
528059,MK-1200,58,60,N,BB-0600,-2,N
528070,SR-0800,50,41,N,RP-0300,9,N
528100,SR-0800,33,33,N,RP-0300,0,Y
528106,MK-1200,37,37,N,BB-0600,0,Y
528110,SR-0800,57,44,N,RP-0300,13,N
528132,TM-0800,47,43,N,DS-3300,4,N
528136,TM-3300,28,28,N,XX-0000,0,N
528183,TM-3300,32,32,N,RC-1500,0,Y
528276,TM-0800,35,35,N,XX-0000,0,N
528280,TM-3300,48,48,N,XX-0000,0,N
528318,SW-0500,39,39,N,DJ-0950,0,Y
528322,MM-1900,56,38,N,RR-0130,18,N
528327,SW-0500,43,40,N,DJ-0950,3,N
528336,MM-1900,43,45,N,RR-0130,-2,N
528345,SW-0500,60,40,Y,XX-0000,0,N
528354,MM-1900,32,32,N,RR-0130,0,Y
528365,SW-0500,49,29,Y,XX-0000,0,N
528369,MM-1900,51,38,N,RR-0130,13,N
528373,SW-0500,31,31,N,XX-0000,0,N
528489,BM-3600,41,41,N,XX-0000,0,N
528500,AP-1800,37,37,N,XX-0000,0,N
528505,BM-3600,38,30,N,DH-2700,8,N
528509,AP-1800,52,52,N,XX-0000,0,N
528516,BM-3600,32,32,N,XX-0000,0,N
528618,AP-1800,31,31,N,DH-1800,0,Y
528662,JH-3230,56,45,N,PP-0400,11,N
528667,DZ-0100,49,49,N,DA-0900,0,Y
528672,JH-3230,68,68,N,XX-0000,0,N
528676,DZ-0100,46,32,N,DA-0900,14,N
528689,DZ-0100,46,46,N,XX-0000,0,N
528693,JH-3230,60,41,N,PP-0400,19,N
528708,JH-3230,57,57,N,XX-0000,0,N
528716,DZ-0100,49,36,N,JJ-1550,13,N
528722,DZ-0100,48,44,N,JJ-1550,4,N
528728,JH-3230,58,56,N,PP-0400,2,N
528732,DZ-0100,51,46,N,JJ-1550,5,N
528752,DZ-0100,31,31,N,JJ-1550,0,Y
528783,JH-3230,55,29,N,PP-0400,26,N
528793,JH-3230,44,26,N,PP-0400,18,N
528802,BF-0300,45,45,N,XX-0000,0,N
528806,KH-2600,40,40,N,XX-0000,0,N
528839,BF-0300,59,49,N,AJ-1200,10,N
528847,KH-2600,25,25,N,XX-0000,0,N
528871,KH-2600,42,42,N,XX-0000,0,N
528889,KH-2600,41,37,N,MT-0550,4,N
528901,KH-2600,55,44,N,MT-0550,11,N
528923,BF-0300,46,31,N,AJ-1200,15,N
528929,KH-2600,39,39,N,XX-0000,0,N
528939,BF-0300,53,33,Y,XX-0000,0,N
528953,BF-0300,45,25,Y,XX-0000,0,N
528964,DC-3200,51,51,N,JJ-3900,0,Y
528970,SK-0600,47,46,N,JA-2000,1,N
528977,DC-3200,40,40,N,LW-0700,0,Y
528981,SK-0600,49,41,N,JA-2000,8,N
529011,SK-0600,36,11,N,TC-2500,25,N
529035,SK-0600,44,39,N,JA-2000,5,N
529044,DC-3200,34,34,N,XX-0000,0,N
529064,DC-3200,58,48,N,JJ-3900,10,N
529087,DC-3200,53,53,N,XX-0000,0,N
529091,SK-0600,56,52,N,JA-2000,4,N
529120,PM-0300,42,42,N,RC-1500,0,Y
529127,TM-0800,57,51,N,TH-1850,6,N
529150,PM-0300,44,36,N,RC-1500,8,N
529168,PM-0300,47,38,N,RC-1500,9,N
529172,TM-0800,36,36,N,TH-1850,0,Y
529203,TM-0800,36,36,N,TH-1850,0,Y
529210,PM-0300,45,46,N,RC-1500,-1,N
529227,TM-0800,58,58,N,TH-1850,0,Y
529260,TM-0800,43,36,N,TH-1850,7,N
529269,TM-0800,34,34,N,TH-1850,0,Y
529283,TM-0800,52,52,N,TH-1850,0,Y
529287,PM-0300,45,42,N,RC-1500,3,N
529327,SW-0500,57,37,Y,XX-0000,0,N
529400,RH-2500,49,41,N,RR-0130,8,N
529413,RH-2500,40,40,N,XX-0000,0,N
529438,SW-0500,43,31,N,JC-5600,12,N
529442,RH-2500,55,55,N,XX-0000,0,N
529494,MB-3000,40,33,N,BB-0600,7,N
529501,SR-0800,35,35,N,DF-1700,0,Y
529505,MB-3000,63,61,N,BB-0600,2,N
529509,SR-0800,56,56,N,DF-1700,0,N
529516,MB-3000,57,37,Y,XX-0000,0,N
529523,SR-0800,35,35,N,DF-1700,0,Y
529570,SR-0800,53,53,N,XX-0000,0,N
529574,MB-3000,44,31,N,BB-0600,13,N
529593,MB-3000,33,33,N,BB-0600,0,Y
529597,SR-0800,33,33,N,XX-0000,0,N
529625,SR-0800,42,40,N,DF-1700,2,N
529640,MB-3000,56,36,Y,XX-0000,0,N
529656,MM-1900,25,25,N,AB-3500,0,Y
529660,DB-6350,48,48,N,DJ-0950,0,Y
529678,DB-6350,36,36,N,XX-0000,0,N
529691,MM-1900,56,36,Y,XX-0000,0,N
529711,MM-1900,39,39,N,XX-0000,0,N
529737,DB-6350,57,44,N,DJ-0950,13,N
529751,DB-6350,44,44,N,XX-0000,0,N
529755,MM-1900,56,49,N,AB-3500,7,N
529808,BK-0700,37,37,N,MS-1300,0,Y
529812,CK-0900,52,38,N,DR-1200,14,N
529816,BK-0700,38,38,N,XX-0000,0,N
529839,CK-0900,35,35,N,DR-1200,0,Y
529857,BK-0700,49,49,N,MS-1300,0,N
529875,BK-0700,53,54,N,MS-1300,-1,N
529891,BK-0700,37,37,N,MS-1300,0,Y
529909,BK-0700,42,42,N,MS-1300,0,Y
529961,CK-0900,51,40,N,DR-1200,11,N
529974,BA-0850,49,45,N,DH-2700,4,N
529981,BA-0850,34,34,N,DH-2700,0,Y
530021,AP-1800,37,37,N,XX-0000,0,N
530025,BA-0850,65,61,N,DH-2700,4,N
530029,AP-1800,43,43,N,AR-1500,0,Y
530050,AP-1800,42,22,Y,XX-0000,0,N
530081,BA-0850,55,43,N,DH-2700,12,N
530099,BA-0850,38,40,N,DH-2700,-2,N
530118,BA-0850,50,50,N,XX-0000,0,N
530140,BN-0700,29,29,N,XX-0000,0,N
530153,BN-0700,63,46,N,LW-0500,17,N
530161,JR-3700,34,34,N,XX-0000,0,N
530169,BN-0700,38,26,N,LW-0500,12,N
530186,BN-0700,52,52,N,LW-0500,0,N
530194,JR-3700,34,34,N,XX-0000,0,N
530214,BN-0700,47,38,N,LW-0500,9,N
530232,BN-0700,53,52,N,LW-0500,1,N
530239,JR-3700,54,41,N,CM-3400,13,N
530251,BN-0700,36,36,N,XX-0000,0,N
530289,AL-0500,58,58,N,XX-0000,0,N
530293,SP-1620,59,39,Y,XX-0000,0,N
530306,SP-1620,24,24,N,XX-0000,0,N
530313,AL-0500,54,54,N,XX-0000,0,N
530338,SP-1620,58,58,N,XX-0000,0,N
530366,SP-1620,39,39,N,TG-0900,0,N
530401,SP-1620,56,45,N,TG-0900,11,N
530415,SP-1620,50,42,N,TG-0900,8,N
530444,ZM-0100,42,42,N,JL-1200,0,Y
530451,BC-2000,49,44,N,WW-0200,5,N
530503,BC-2000,37,37,N,XX-0000,0,N
530526,ZM-0100,50,50,N,JL-1200,0,Y
530531,BC-2000,51,31,Y,XX-0000,0,N
530580,ZM-0100,37,37,N,XX-0000,0,N
530623,MS-0600,47,47,N,DS-3300,0,Y
530631,TM-3300,60,55,N,ER-0500,5,N
530657,MS-0600,41,41,N,DS-3300,0,N
530661,TM-3300,50,50,N,XX-0000,0,N
530694,TM-3300,61,50,N,ER-0500,11,N
530725,TM-3300,36,36,N,XX-0000,0,N
530735,MS-0600,33,33,N,DS-3300,0,Y
530751,MS-0600,61,59,N,DS-3300,2,N
530810,RM-0400,42,42,N,XX-0000,0,N
530815,DJ-2800,38,38,N,JK-1000,0,Y
530819,RM-0400,34,34,N,XX-0000,0,N
530833,DJ-2800,30,30,N,XX-0000,0,N
530841,RM-0400,45,45,N,XX-0000,0,N
530856,RM-0400,61,41,Y,XX-0000,0,N
530866,DJ-2800,39,39,N,XX-0000,0,N
530885,RM-0400,58,55,N,TH-1900,3,N
530926,DJ-2800,48,48,N,JK-1000,0,Y
530933,RM-0400,25,25,N,TH-1900,0,Y
530939,DJ-2800,43,43,N,JK-1000,0,Y
530950,DJ-2800,43,43,N,XX-0000,0,N
530975,BK-0700,48,42,N,AB-3500,6,N
530992,DB-6350,-22,-22,N,XX-0000,0,N
531000,DB-6350,41,41,N,DR-1200,0,Y
531006,BK-0700,61,58,N,AB-3500,3,N
531015,DB-6350,46,37,N,DR-1200,9,N
531019,BK-0700,47,44,N,AB-3500,3,N
531023,DB-6350,36,36,N,DR-1200,0,Y
531030,BK-0700,58,51,N,CR-0250,7,N
531062,BK-0700,47,27,Y,XX-0000,0,N
531125,KH-2600,62,62,N,XX-0000,0,N
531146,RH-2500,38,38,N,XX-0000,0,N
531150,KH-2600,37,37,N,XX-0000,0,N
531168,KH-2600,65,45,Y,XX-0000,0,N
531172,RH-2500,57,51,N,BT-0300,6,N
531178,KH-2600,57,37,Y,XX-0000,0,N
531183,RH-2500,46,14,N,BT-0300,32,N
531192,RH-2500,47,47,N,XX-0000,0,N
531204,RH-2500,35,35,N,XX-0000,0,N
531208,KH-2600,44,44,N,XX-0000,0,N
531212,RH-2500,51,34,N,BT-0300,17,N
531218,KH-2600,45,-15,N,JC-5600,60,N
531235,KH-2600,44,44,N,XX-0000,0,N
531280,RH-2500,47,27,N,BT-0300,20,N
531291,RH-2500,33,33,N,XX-0000,0,N
531303,DC-3200,21,21,N,XX-0000,0,N
531324,MK-1200,52,51,N,JA-2000,1,N
531331,DC-3200,62,53,N,RP-0300,9,N
531368,DC-3200,38,38,N,XX-0000,0,N
531393,DC-3200,50,50,N,XX-0000,0,N
531400,MK-1200,54,44,N,JA-2000,10,N
531407,DC-3200,45,37,N,RP-0300,8,N
531425,DC-3200,60,49,N,RP-0300,11,N
531467,BF-0300,53,46,N,JJ-1550,7,N
531480,BF-0300,58,44,N,JJ-1550,14,N
531487,JH-3230,36,36,N,DB-1800,0,Y
531494,BF-0300,63,63,N,XX-0000,0,N
531557,JH-3230,56,36,Y,XX-0000,0,N
531561,BF-0300,54,49,N,JJ-1550,5,N
531569,JH-3230,43,43,N,XX-0000,0,N
531575,BF-0300,44,43,N,JJ-1550,1,N
531600,BF-0300,51,53,N,JJ-1550,-2,N
531614,NH-0700,38,38,N,MG-0700,0,Y
531619,MM-1900,47,-1,N,SL-0900,48,N
531629,MM-1900,62,42,Y,XX-0000,0,N
531658,MM-1900,64,54,N,SL-0900,10,N
531663,NH-0700,42,42,N,MG-0700,0,Y
531679,NH-0700,48,44,N,MG-0700,4,N
531695,NH-0700,50,53,N,DJ-0200,-3,N
531724,NH-0700,56,45,N,MG-0700,11,N
531741,NH-0700,39,39,N,MG-0700,0,Y
531774,NH-0700,26,26,N,XX-0000,0,N
531793,MM-1900,53,50,N,SL-0900,3,N
531812,MM-1900,57,47,N,SL-0900,10,N
531839,SL-0400,40,20,Y,XX-0000,0,N
531888,MB-3000,55,55,N,XX-0000,0,N
531894,SL-0400,55,55,N,XX-0000,0,N
531898,MB-3000,54,55,N,DM-3100,-1,N
531906,SL-0400,57,37,Y,XX-0000,0,N
531932,SL-0400,38,38,N,DF-1700,0,Y
531936,MB-3000,57,52,N,PA-0100,5,N
531945,SL-0400,51,31,Y,XX-0000,0,N
531951,MB-3000,45,45,N,PA-0100,0,Y
531987,PM-0300,37,37,N,XX-0000,0,N
531991,RM-0400,50,50,N,XX-0000,0,N
532061,RM-0400,52,52,N,TH-1850,0,Y
532069,PM-0300,55,35,Y,XX-0000,0,N
532073,RM-0400,49,49,N,TH-1850,0,Y
532082,PM-0300,39,39,N,JK-1000,0,Y
532110,RM-0400,57,37,Y,XX-0000,0,N
532125,RM-0400,52,52,N,TH-1850,0,Y
532171,SK-0600,52,52,N,DB-5300,0,Y
532255,SK-0600,46,46,N,DH-1800,0,N
532262,CJ-2100,32,32,N,ER-0100,0,Y
532266,SK-0600,37,27,N,DB-5300,10,N
532334,SP-1620,31,31,N,XX-0000,0,N
532357,DZ-0100,61,41,Y,XX-0000,0,N
532361,SP-1620,62,37,N,PP-0400,25,N
532365,DZ-0100,57,47,N,LM-1100,10,N
532369,SP-1620,46,46,N,XX-0000,0,N
532385,SP-1620,49,51,N,PP-0400,-2,N
532395,DZ-0100,42,22,Y,XX-0000,0,N
532405,DZ-0100,53,43,N,LM-1100,10,N
532414,SP-1620,55,35,N,PP-0400,20,N
532444,DZ-0100,46,46,N,XX-0000,0,N
532452,SP-1620,39,39,N,XX-0000,0,N
532477,SP-1620,30,30,N,XX-0000,0,N
532492,SP-1620,40,20,Y,XX-0000,0,N
532504,ZM-0100,46,46,N,LW-0500,0,Y
532587,JR-3700,66,49,N,WW-0200,17,N
532603,JR-3700,50,42,N,WW-0200,8,N
532613,JR-3700,66,39,N,WW-0200,27,N
532651,ZM-0100,48,44,N,LW-0500,4,N
532655,JR-3700,58,42,N,WW-0200,16,N
532659,ZM-0100,39,14,N,LW-0500,25,N
532688,SW-0500,51,43,N,TG-0900,8,N
532708,SW-0500,49,35,N,TG-0900,14,N
532723,AL-0500,46,46,N,RR-0130,0,Y
532738,AL-0500,58,56,N,RR-0130,2,N
532786,SW-0500,59,39,Y,XX-0000,0,N
532793,AL-0500,39,39,N,RR-0130,0,Y
532799,SW-0500,40,40,N,TG-0900,0,Y
532805,AL-0500,56,49,N,RR-0130,7,N
532844,SR-0800,33,33,N,XX-0000,0,N
532882,CK-0900,45,45,N,XX-0000,0,N
532908,CK-0900,56,48,N,BB-0600,8,N
532945,SR-0800,43,43,N,XX-0000,0,N
532969,SR-0800,39,41,N,MS-1300,-2,N
533008,DJ-2800,50,40,N,RC-1500,10,N
533023,DJ-2800,50,50,N,XX-0000,0,N
533032,TM-0800,39,39,N,XX-0000,0,N
533040,DJ-2800,55,39,N,RC-1500,16,N
533089,TM-0800,41,41,N,KM-0450,0,Y
533118,DJ-2800,51,54,N,RC-1500,-3,N
533122,TM-0800,55,36,N,KM-0450,19,N
533163,TM-0800,-14,-14,N,XX-0000,0,N
533169,TM-0800,36,36,N,KM-0450,0,Y
533188,MS-0600,51,51,N,XX-0000,0,N
533192,BC-2000,56,50,N,ER-0500,6,N
533196,MS-0600,47,47,N,XX-0000,0,N
533211,BC-2000,48,47,N,ER-0500,1,N
533223,MS-0600,33,33,N,XX-0000,0,N
533232,BC-2000,34,34,N,EW-0400,0,N
533250,BC-2000,50,43,N,ER-0500,7,N
533292,MS-0600,49,37,N,TH-1900,12,N
533331,BC-2000,35,35,N,ER-0500,0,Y
533359,AL-0500,37,37,N,XX-0000,0,N
533397,AL-0500,45,45,N,LW-0500,0,N
533408,AL-0500,37,37,N,LW-0500,0,Y
533416,JR-3700,45,7,N,TG-0900,38,N
533420,AL-0500,41,41,N,LW-0500,0,Y
533432,JR-3700,29,29,N,TG-0900,0,Y
533462,JR-3700,56,40,N,TG-0900,16,N
533478,JR-3700,64,48,N,TG-0900,16,N
533482,AL-0500,66,61,N,LW-0500,5,N
533555,BK-0700,31,31,N,LM-1100,0,Y
533594,BK-0700,57,37,Y,XX-0000,0,N
533616,BK-0700,36,36,N,LM-1100,0,Y
533623,SP-1620,22,22,N,XX-0000,0,N
533658,TM-3300,57,48,N,RP-0300,9,N
533706,MK-1200,54,33,N,DS-3300,21,N
533719,MK-1200,31,31,N,DS-3300,0,Y
533748,TM-3300,55,55,N,XX-0000,0,N
533774,MK-1200,41,41,N,XX-0000,0,N
533778,TM-3300,48,48,N,RP-0300,0,Y
533806,TM-3300,45,39,N,RP-0300,6,N
533876,RH-2500,51,51,N,TH-1850,0,Y
533887,PM-0300,39,39,N,XX-0000,0,N
533929,RH-2500,53,45,N,TH-1850,8,N
533933,PM-0300,59,42,N,JC-5600,17,N
533938,RH-2500,40,40,N,XX-0000,0,N
533942,PM-0300,57,37,Y,XX-0000,0,N
533948,RH-2500,42,42,N,TH-1850,0,Y
533958,RH-2500,21,21,N,XX-0000,0,N
533963,PM-0300,52,50,N,JC-5600,2,N
533975,PM-0300,35,15,Y,XX-0000,0,N
533986,SW-0500,36,36,N,XX-0000,0,N
534065,SR-0800,33,33,N,RR-0130,0,Y
534071,SW-0500,44,32,N,BB-0600,12,N
534121,SW-0500,40,39,N,JW-5300,1,N
534143,BN-0700,46,36,N,DB-5300,10,N
534147,BM-3600,47,45,N,CM-3400,2,N
534152,BN-0700,37,37,N,DH-1800,0,Y
534212,BM-3600,49,48,N,CM-3400,1,N
534217,BN-0700,29,29,N,XX-0000,0,N
534229,BN-0700,39,29,N,DB-5300,10,N
534242,BN-0700,55,58,N,DB-5300,-3,N
534246,BM-3600,59,55,N,CM-3400,4,N
534264,BM-3600,42,45,N,CM-3400,-3,N
534269,BN-0700,42,42,N,DB-5300,0,Y
534305,JH-3230,44,44,N,RC-1500,0,Y
534310,TM-0800,42,42,N,AP-0900,0,Y
534354,TM-0800,39,39,N,AP-0900,0,Y
534397,JH-3230,55,40,N,RC-1500,15,N
534403,TM-0800,35,35,N,AP-0900,0,Y
534465,DJ-2800,51,51,N,XX-0000,0,N
534478,DJ-2800,50,50,N,JJ-3900,0,Y
534482,SK-0600,46,46,N,XX-0000,0,N
534488,DJ-2800,62,62,N,XX-0000,0,N
534511,SK-0600,48,48,N,KM-0450,0,N
534518,DJ-2800,38,37,N,ER-0100,1,N
534522,SK-0600,51,49,N,KM-0450,2,N
534534,SK-0600,51,44,N,KM-0450,7,N
534567,SK-0600,57,55,N,KM-0450,2,N
534571,DJ-2800,39,39,N,XX-0000,0,N
534640,CK-0900,35,35,N,XX-0000,0,N
534644,DZ-0100,34,34,N,MS-1300,0,Y
534696,DZ-0100,46,46,N,MS-1300,0,N
534700,CK-0900,38,38,N,PP-0400,0,Y
534704,DZ-0100,34,34,N,MS-1300,0,Y
534733,CK-0900,46,41,N,PP-0400,5,N
534737,DZ-0100,52,52,N,XX-0000,0,N
534741,CK-0900,36,36,N,XX-0000,0,N
534749,DZ-0100,31,31,N,MS-1300,0,Y
534753,CK-0900,44,46,N,PP-0400,-2,N
534758,DZ-0100,37,37,N,MS-1300,0,Y
534762,CK-0900,51,53,N,PP-0400,-2,N
534774,CK-0900,30,24,N,PP-0400,6,N
534794,ZM-0100,44,31,N,JK-1000,13,N
534814,RM-0400,59,45,N,WW-0200,14,N
534828,RM-0400,51,31,Y,XX-0000,0,N
534840,ZM-0100,32,32,N,JK-1000,0,Y
534847,ZM-0100,54,48,N,JK-1000,6,N
534866,ZM-0100,40,40,N,JK-1000,0,Y
534917,RM-0400,60,53,N,WW-0200,7,N
534924,ZM-0100,46,46,N,JK-1000,0,Y
534946,ZM-0100,53,50,N,JK-1000,3,N
534992,BA-0850,55,50,N,PA-0100,5,N
534997,SL-0400,49,45,N,MS-3900,4,N
535001,BA-0850,40,40,N,DM-3100,0,N
535021,SL-0400,38,38,N,AR-1500,0,Y
535032,BA-0850,36,36,N,XX-0000,0,N
535041,SL-0400,45,43,N,MS-3900,2,N
535045,BA-0850,36,36,N,XX-0000,0,N
535074,SL-0400,46,18,N,MS-3900,28,N
535097,BA-0850,45,45,N,PA-0100,0,N
535103,SL-0400,45,25,Y,XX-0000,0,N
535107,BA-0850,44,43,N,PA-0100,1,N
535132,BA-0850,38,38,N,XX-0000,0,N
535152,BA-0850,48,28,Y,XX-0000,0,N
535157,SL-0400,41,31,N,MS-3900,10,N
535161,BA-0850,37,37,N,PA-0100,0,Y
535217,KH-2600,54,21,N,AB-3500,33,N
535269,KH-2600,53,44,N,AB-3500,9,N
535273,DB-6350,55,50,N,AJ-1200,5,N
535277,KH-2600,38,18,N,AB-3500,20,N
535293,KH-2600,61,41,Y,XX-0000,0,N
535300,DB-6350,39,39,N,BT-0300,0,Y
535304,KH-2600,48,48,N,XX-0000,0,N
535310,BR-1100,26,26,N,XX-0000,0,N
535314,KH-2600,57,57,N,XX-0000,0,N
535326,NH-0700,35,35,N,DH-2700,0,Y
535339,NH-0700,35,35,N,XX-0000,0,N
535346,AP-1800,34,34,N,SL-0900,0,Y
535350,NH-0700,36,31,N,DH-2700,5,N
535361,NH-0700,58,58,N,XX-0000,0,N
535365,AP-1800,42,42,N,XX-0000,0,N
535369,NH-0700,47,47,N,XX-0000,0,N
535388,NH-0700,36,34,N,EB-0600,2,N
535392,AP-1800,53,48,N,SL-0900,5,N
535409,AP-1800,43,43,N,XX-0000,0,N
535439,AP-1800,43,41,N,SL-0900,2,N
535445,NH-0700,39,39,N,EW-0500,0,Y
535457,AP-1800,28,28,N,XX-0000,0,N
535461,NH-0700,35,35,N,DH-2700,0,Y
535465,AP-1800,32,32,N,SL-0900,0,N
535482,AP-1800,47,47,N,SL-0900,0,N
535498,CK-0900,35,35,N,XX-0000,0,N
535502,MK-1200,43,43,N,XX-0000,0,N
535506,CK-0900,20,20,N,XX-0000,0,N
535519,CK-0900,39,39,N,RP-0300,0,N
535557,MK-1200,53,53,N,MS-1300,0,N
535585,MK-1200,51,35,N,MS-1300,16,N
535598,CK-0900,40,40,N,RP-0300,0,Y
535615,MK-1200,57,42,N,MS-1300,15,N
535619,CK-0900,38,37,N,RP-0300,1,N
535623,MK-1200,47,47,N,XX-0000,0,N
535627,CK-0900,55,55,N,RP-0300,0,N
535661,MK-1200,30,30,N,XX-0000,0,N
535677,BN-0700,36,25,N,DH-2700,11,N
535689,BN-0700,35,35,N,DH-2700,0,N
535714,AP-1800,49,49,N,XX-0000,0,N
535742,AP-1800,44,44,N,CM-3400,0,Y
535761,AP-1800,43,43,N,XX-0000,0,N
535779,AP-1800,43,43,N,XX-0000,0,N
535801,BN-0700,6,6,N,XX-0000,0,N
535864,MS-0600,47,40,N,JC-5600,7,N
535868,RH-2500,31,20,N,EW-0400,11,N
535873,RH-2500,34,34,N,EW-0400,0,Y
535877,MS-0600,34,34,N,XX-0000,0,N
535883,RH-2500,30,30,N,XX-0000,0,N
535892,MS-0600,40,25,N,JC-5600,15,N
535904,RH-2500,38,18,Y,XX-0000,0,N
535922,RH-2500,50,45,N,EW-0400,5,N
535926,MS-0600,60,60,N,XX-0000,0,N
535930,RH-2500,51,41,N,EW-0400,10,N
535934,MS-0600,43,43,N,XX-0000,0,N
535938,RH-2500,48,28,N,EW-0400,20,N
535957,RH-2500,40,40,N,XX-0000,0,N
535971,MS-0600,55,55,N,XX-0000,0,N
535981,RH-2500,34,34,N,EW-0400,0,N
536017,MM-1900,48,37,N,DF-1700,11,N
536059,MM-1900,40,40,N,DF-1700,0,Y
536103,MM-1900,56,56,N,DF-1700,0,Y
536136,MB-3000,52,45,N,BB-2530,7,N
536174,BF-0300,53,33,Y,XX-0000,0,N
536178,RM-0400,59,45,N,MT-0550,14,N
536182,BF-0300,55,55,N,XX-0000,0,N
536189,RM-0400,-20,-20,N,XX-0000,0,N
536207,RM-0400,39,39,N,DB-1800,0,Y
536213,BF-0300,55,35,Y,XX-0000,0,N
536218,RM-0400,48,48,N,XX-0000,0,N
536231,RM-0400,54,42,N,MT-0550,12,N
536235,BF-0300,41,41,N,JK-1000,0,Y
536269,RM-0400,33,33,N,DB-1800,0,Y
536285,BF-0300,58,58,N,JK-1000,0,Y
536293,RM-0400,41,41,N,DB-1800,0,Y
536297,BF-0300,58,58,N,XX-0000,0,N
536344,NH-0700,42,39,N,LW-0500,3,N
536380,NH-0700,46,38,N,LW-0500,8,N
536398,JR-3700,64,58,N,SL-0900,6,N
536402,NH-0700,47,29,N,LW-0500,18,N
536406,JR-3700,42,42,N,XX-0000,0,N
536415,NH-0700,41,41,N,LW-0500,0,Y
536430,JR-3700,39,39,N,SL-0900,0,Y
536501,BA-0850,46,46,N,RC-1500,0,Y
536505,TM-0800,42,42,N,XX-0000,0,N
536542,TM-0800,65,45,Y,XX-0000,0,N
536548,BA-0850,-42,-42,N,XX-0000,0,N
536558,BA-0850,28,28,N,RC-1500,0,Y
536568,TM-0800,36,36,N,XX-0000,0,N
536594,TM-0800,33,33,N,MS-3900,0,Y
536598,BA-0850,45,45,N,RC-1500,0,N
536609,BA-0850,57,37,Y,XX-0000,0,N
536624,BA-0850,27,27,N,XX-0000,0,N
536650,TM-0800,49,49,N,MS-3900,0,Y
536698,JH-3230,50,48,N,JE-0100,2,N
536717,JH-3230,49,49,N,XX-0000,0,N
536767,JH-3230,48,48,N,JE-0100,0,N
536786,JH-3230,48,34,N,JE-0100,14,N
536790,ZM-0100,62,42,Y,XX-0000,0,N
536823,ZM-0100,51,39,N,AP-0900,12,N
536852,SR-0800,52,47,N,AB-3500,5,N
536893,SR-0800,12,12,N,XX-0000,0,N
536904,SR-0800,41,23,N,AB-3500,18,N
536908,DB-6350,39,39,N,XX-0000,0,N
536939,SR-0800,46,46,N,XX-0000,0,N
536943,DB-6350,58,31,N,BB-0600,27,N
536958,DB-6350,55,48,N,BB-0600,7,N
537020,BK-0700,61,48,N,TH-1850,13,N
537034,PM-0300,39,20,N,DR-1200,19,N
537075,BK-0700,34,34,N,XX-0000,0,N
537091,PM-0300,48,28,Y,XX-0000,0,N
537128,BK-0700,35,35,N,XX-0000,0,N
537149,DC-3200,33,33,N,PA-0100,0,Y
537165,DC-3200,49,44,N,PA-0100,5,N
537169,SL-0400,43,30,N,JA-2000,13,N
537194,SL-0400,54,27,N,JA-2000,27,N
537210,SL-0400,36,36,N,XX-0000,0,N
537252,DC-3200,57,30,N,PA-0100,27,N
537256,SL-0400,45,25,Y,XX-0000,0,N
537261,DC-3200,45,45,N,PA-0100,0,Y
537265,SL-0400,41,36,N,JA-2000,5,N
537269,DC-3200,52,46,N,PA-0100,6,N
537291,SL-0400,37,23,N,JA-2000,14,N
537337,BM-3600,39,39,N,RR-0130,0,Y
537341,SW-0500,53,54,N,DB-5300,-1,N
537356,BM-3600,37,37,N,XX-0000,0,N
537361,BM-3600,39,39,N,RR-0130,0,Y
537367,SW-0500,41,41,N,XX-0000,0,N
537384,SW-0500,40,40,N,DH-1800,0,Y
537396,SW-0500,52,52,N,XX-0000,0,N
537416,SW-0500,51,37,N,DH-1800,14,N
537436,BM-3600,50,49,N,RR-0130,1,N
537476,SW-0500,44,44,N,XX-0000,0,N
537490,TM-3300,41,41,N,TH-1900,0,Y
537495,BC-2000,42,42,N,DS-3300,0,Y
537503,TM-3300,52,52,N,XX-0000,0,N
537520,TM-3300,43,37,N,TH-1900,6,N
537534,BC-2000,55,35,Y,XX-0000,0,N
537556,TM-3300,53,53,N,XX-0000,0,N
537590,TM-3300,42,42,N,JL-1200,0,Y
537596,BC-2000,51,52,N,DS-3300,-1,N
537600,TM-3300,56,34,N,TH-1900,22,N
537610,TM-3300,63,63,N,TH-1900,0,N
537618,BC-2000,46,46,N,XX-0000,0,N
537622,TM-3300,63,48,N,TH-1900,15,N
537651,BC-2000,38,38,N,DS-3300,0,Y
537662,AL-0500,55,50,N,PP-0400,5,N
537667,DZ-0100,41,36,N,TG-0900,5,N
537685,DZ-0100,52,43,N,TG-0900,9,N
537689,AL-0500,40,40,N,PP-0400,0,Y
537696,DZ-0100,53,18,N,TG-0900,35,N
537709,DZ-0100,54,45,N,TG-0900,9,N
537735,DZ-0100,37,17,Y,XX-0000,0,N
537763,AL-0500,45,44,N,PP-0400,1,N
537767,DZ-0100,42,42,N,TG-0900,0,Y
537771,AL-0500,54,48,N,PP-0400,6,N
537780,DZ-0100,52,43,N,TG-0900,9,N
537788,AL-0500,50,44,N,PP-0400,6,N
