UID,GID,PLAYER,PA,PC,PY,INT,RA,SRA,RY,TRG,REC,RECY,FUML,PENY
1,3189,AB-2600,0,0,0,0,4,2,11,0,0,0,0,0
2,3189,EM-0200,3,2,14,0,0,0,0,0,0,0,0,0
3,3189,VC-0300,0,0,0,0,0,0,0,2,1,5,0,0
4,3189,TR-0800,3,2,15,0,1,1,9,0,0,0,0,0
5,3189,KO-0300,0,0,0,0,0,0,0,3,2,15,0,0
6,3189,DM-4300,0,0,0,0,1,1,4,0,0,0,0,0
7,3189,MB-1800,0,0,0,0,0,0,0,1,1,9,0,0
8,3190,JC-6200,4,2,11,0,0,0,0,0,0,0,0,0
9,3190,AJ-0430,0,0,0,0,0,0,0,1,0,0,0,0
10,3190,MF-1300,0,0,0,0,3,3,27,1,1,8,0,0
11,3190,MB-5200,0,0,0,0,3,2,2,0,0,0,0,0
12,3190,BM-0300,0,0,0,0,0,0,0,2,1,3,0,0
13,3190,DB-4800,0,0,0,0,2,2,25,0,0,0,0,0
14,3190,AL-1100,7,3,18,1,0,0,0,0,0,0,0,0
15,3190,DA-2100,0,0,0,0,0,0,0,3,2,11,0,0
16,3190,DH-2700,0,0,0,0,1,0,-4,0,0,0,0,0
17,3190,RW-1100,0,0,0,0,0,0,0,4,1,7,0,0
18,3191,BW-0850,4,1,6,1,0,0,0,0,0,0,0,0
19,3191,TR-0350,0,0,0,0,2,1,2,1,0,0,0,0
20,3191,GL-0400,0,0,0,0,0,0,0,1,0,0,0,0
21,3191,MV-0300,5,3,39,0,0,0,0,0,0,0,0,0
22,3191,JM-0200,0,0,0,0,0,0,0,3,1,18,0,0
23,3191,BW-0700,0,0,0,0,0,0,0,1,1,6,0,0
24,3191,JC-0400,0,0,0,0,0,0,0,1,0,0,0,0
25,3191,BC-0700,0,0,0,0,0,0,0,1,1,17,0,0
26,3191,BB-3350,0,0,0,0,1,0,-1,0,0,0,0,0
27,3191,CH-1200,0,0,0,0,0,0,0,1,1,4,0,0
28,3192,MT-2400,0,0,0,0,5,1,17,0,0,0,0,0
29,3192,MR-2500,9,6,48,0,1,1,5,0,0,0,0,5
30,3192,MP-0100,0,0,0,0,0,0,0,1,1,6,0,0
31,3192,JJ-4700,0,0,0,0,0,0,0,3,2,22,0,0
32,3192,JC-2300,0,0,0,0,2,2,11,0,0,0,0,0
33,3192,PH-0500,0,0,0,0,1,0,3,0,0,0,0,0
34,3192,MC-0700,3,2,11,0,1,1,5,0,0,0,0,0
35,3192,RW-2200,0,0,0,0,0,0,0,3,1,7,0,0
36,3192,TG-1300,0,0,0,0,0,0,0,1,1,7,0,0
37,3192,HD-0300,0,0,0,0,0,0,0,1,1,6,0,0
38,3192,SD-0800,0,0,0,0,1,1,4,1,1,3,0,0
39,3192,DM-1200,0,0,0,0,0,0,0,1,0,0,0,0
40,3192,TM-3000,0,0,0,0,0,0,0,1,1,8,0,0
41,3193,TT-0700,0,0,0,0,3,1,5,0,0,0,0,5
42,3193,MS-0100,4,3,33,0,0,0,0,0,0,0,0,5
43,3193,JK-1000,0,0,0,0,0,0,0,2,2,17,0,0
44,3193,SG-1300,0,0,0,0,6,4,28,0,0,0,0,0
45,3193,SH-1150,0,0,0,0,0,0,0,1,1,17,0,0
46,3193,TC-1300,0,0,0,0,2,1,1,0,0,0,0,0
47,3193,RF-0500,2,2,11,0,0,0,0,0,0,0,0,0
48,3193,SC-0400,0,0,0,0,0,0,0,1,1,5,0,0
49,3193,CS-3400,0,0,0,0,1,0,3,0,0,0,0,0
50,3193,DJ-2700,0,0,0,0,0,0,0,1,1,6,0,0
51,3194,MS-4100,8,4,32,2,0,0,0,0,0,0,0,0
52,3194,BP-0600,0,0,0,0,0,0,0,2,0,0,0,0
53,3194,WH-0500,0,0,0,0,0,0,0,1,1,14,0,0
54,3194,TS-0700,0,0,0,0,0,0,0,2,1,4,0,0
55,3194,KW-1200,0,0,0,0,1,0,2,0,0,0,0,0
56,3194,CJ-1100,0,0,0,0,0,0,0,1,1,10,0,0
57,3194,KS-1700,0,0,0,0,2,1,5,1,1,5,0,0
58,3194,JB-2700,0,0,0,0,1,1,1,0,0,0,0,0
59,3194,SJ-0200,0,0,0,0,1,0,1,1,1,4,0,0
60,3194,SB-1100,1,1,4,0,0,0,0,0,0,0,0,0
61,3195,RG-1850,4,2,6,0,1,1,7,0,0,0,0,0
62,3195,DB-3800,9,4,44,0,0,0,0,0,0,0,0,0
63,3195,JG-2900,0,0,0,0,0,0,0,3,1,20,0,0
64,3195,AM-2850,0,0,0,0,4,4,10,0,0,0,0,0
65,3195,SM-3600,0,0,0,0,0,0,0,1,0,0,0,0
66,3195,RH-1600,0,0,0,0,0,0,0,1,1,1,0,0
67,3195,AR-1200,0,0,0,0,0,0,0,1,1,5,0,0
68,3195,FD-0200,0,0,0,0,0,0,0,1,0,0,0,0
69,3195,DT-0800,0,0,0,0,0,0,0,1,1,5,0,0
70,3195,DS-3300,0,0,0,0,1,1,0,4,2,19,0,0
71,3195,MC-2400,0,0,0,0,0,0,0,1,0,0,0,0
72,3196,RT-0150,9,4,14,0,0,0,0,0,0,0,0,0
73,3196,DB-1800,0,0,0,0,0,0,0,2,1,6,0,0
74,3196,RB-4900,0,0,0,0,1,0,-7,1,1,2,0,0
75,3196,OD-0100,0,0,0,0,0,0,0,1,0,0,0,5
76,3196,MS-0200,3,1,14,0,0,0,0,0,0,0,0,0
77,3196,JC-1600,0,0,0,0,0,0,0,1,0,0,0,0
78,3196,AF-0900,0,0,0,0,7,3,16,0,0,0,0,0
79,3196,AJ-0900,0,0,0,0,0,0,0,1,1,14,0,0
80,3196,BH-0800,0,0,0,0,0,0,0,2,0,0,0,0
81,3196,AF-0200,0,0,0,0,0,0,0,3,1,3,0,0
82,3196,AA-1600,0,0,0,0,0,0,0,1,1,3,0,0
83,3197,JL-2300,2,1,1,0,0,0,0,0,0,0,0,0
84,3197,DW-3100,0,0,0,0,0,0,0,2,1,1,0,0
85,3197,CJ-1700,0,0,0,0,2,0,-3,0,0,0,0,0
86,3197,TB-2300,3,2,7,0,0,0,0,0,0,0,0,0
87,3197,WW-0200,0,0,0,0,0,0,0,1,1,5,0,0
88,3197,DW-4300,0,0,0,0,1,0,1,0,0,0,0,0
89,3197,SR-0700,0,0,0,0,6,4,31,0,0,0,0,0
90,3197,RG-2200,0,0,0,0,0,0,0,1,1,2,0,0
91,3197,MH-1600,4,2,12,0,0,0,0,0,0,0,0,0
92,3197,CS-3900,0,0,0,0,0,0,0,1,1,5,0,0
93,3197,KW-2550,0,0,0,0,0,0,0,1,1,7,0,0
94,3197,LH-1100,0,0,0,0,0,0,0,1,0,0,0,0
95,3197,JC-4300,0,0,0,0,0,0,0,1,0,0,0,0
96,3197,AH-2800,0,0,0,0,0,0,0,1,0,0,0,0
97,3197,BB-2250,0,0,0,0,4,1,2,0,0,0,0,0
98,3198,RJ-0800,0,0,0,0,3,2,14,0,0,0,0,0
99,3198,BG-0100,4,2,1,0,1,1,4,0,0,0,0,0
100,3198,JB-3650,0,0,0,0,0,0,0,2,1,0,0,0
101,3198,MJ-2500,0,0,0,0,2,2,15,1,0,0,0,0
102,3198,ML-1500,0,0,0,0,0,0,0,1,1,1,0,0
103,3198,CP-2000,4,2,16,0,0,0,0,0,0,0,0,0
104,3198,MJ-0800,0,0,0,0,0,0,0,1,1,14,0,0
105,3198,AP-0700,0,0,0,0,4,4,11,0,0,0,0,0
106,3198,PH-0400,0,0,0,0,2,1,6,1,0,0,0,0
107,3198,MA-1150,0,0,0,0,0,0,0,1,1,2,0,0
108,3198,JC-0700,0,0,0,0,0,0,0,1,0,0,0,0
109,3199,DM-0450,0,0,0,0,6,2,13,0,0,0,0,0
110,3199,JF-3100,4,3,20,0,0,0,0,0,0,0,0,0
111,3199,MW-2800,0,0,0,0,0,0,0,1,1,6,0,0
112,3199,VJ-0100,0,0,0,0,0,0,0,2,1,15,0,0
113,3199,EL-0600,0,0,0,0,0,0,0,1,1,-1,0,0
114,3199,CN-0500,3,2,11,0,2,1,4,0,0,0,0,0
115,3199,SS-2100,0,0,0,0,0,0,0,2,2,11,0,0
116,3199,LM-1800,0,0,0,0,0,0,0,1,0,0,0,0
117,3200,RW-3850,10,2,11,0,1,0,4,0,0,0,0,12
118,3200,SR-0500,0,0,0,0,0,0,0,4,1,10,0,0
119,3200,RT-1950,0,0,0,0,1,0,4,0,0,0,0,0
120,3200,RW-3400,0,0,0,0,3,0,0,2,1,12,0,0
121,3200,JS-3700,8,2,25,0,0,0,0,0,0,0,0,0
122,3200,LF-0200,0,0,0,0,0,0,0,2,0,0,0,0
123,3200,CW-1400,0,0,0,0,2,1,2,0,0,0,0,0
124,3200,TH-1100,0,0,0,0,0,0,0,3,2,21,0,0
125,3200,JK-1200,0,0,0,0,0,0,0,1,0,0,0,0
126,3200,LS-1700,0,0,0,0,1,1,1,1,1,4,0,0
127,3200,AR-1100,0,0,0,0,0,0,0,2,1,6,0,0
128,3200,ML-2500,0,0,0,0,3,1,10,0,0,0,0,0
129,3200,DB-0500,0,0,0,0,0,0,0,2,1,1,0,0
130,3200,BE-0200,0,0,0,0,0,0,0,3,0,0,0,0
131,3200,KK-1200,3,3,18,0,0,0,0,0,0,0,0,0
132,3200,CM-0500,0,0,0,0,0,0,0,1,0,0,0,0
133,3201,KH-2900,0,0,0,0,2,1,9,0,0,0,0,0
134,3201,AS-1600,3,3,20,0,0,0,0,0,0,0,0,0
135,3201,RM-5000,0,0,0,0,0,0,0,2,2,16,0,0
136,3201,AR-1300,4,4,20,0,0,0,0,0,0,0,0,5
137,3201,JF-1600,0,0,0,0,0,0,0,1,1,1,0,0
138,3201,VD-0100,0,0,0,0,0,0,0,1,1,4,0,0
139,3201,JN-0900,0,0,0,0,0,0,0,1,1,0,0,0
140,3201,JJ-4200,0,0,0,0,0,0,0,2,2,19,0,0
141,3202,JD-3400,0,0,0,0,4,2,14,0,0,0,0,0
142,3202,BR-1100,11,4,19,0,0,0,0,0,0,0,0,0
143,3202,AB-3500,0,0,0,0,0,0,0,3,1,5,0,0
144,3202,HM-0200,0,0,0,0,0,0,0,4,2,12,0,0
145,3202,PM-0200,6,4,27,0,2,0,-2,0,0,0,0,0
146,3202,JT-0300,0,0,0,0,0,0,0,2,2,10,0,0
147,3202,WM-0300,0,0,0,0,5,2,12,1,1,0,0,0
148,3202,KM-2900,0,0,0,0,1,1,7,0,0,0,0,0
149,3202,MW-0500,0,0,0,0,0,0,0,2,1,3,0,0
150,3202,IR-0100,0,0,0,0,1,0,-1,0,0,0,0,0
151,3202,LP-0700,0,0,0,0,0,0,0,1,0,0,0,0
152,3202,ED-0200,0,0,0,0,0,0,0,2,1,17,0,0
153,3202,BS-4100,0,0,0,0,0,0,0,1,0,0,0,0
154,3203,JF-1900,5,3,23,0,0,0,0,0,0,0,0,0
155,3203,RR-0400,0,0,0,0,2,2,8,2,1,1,0,0
156,3203,DP-1300,0,0,0,0,0,0,0,3,2,22,0,0
157,3203,AD-0100,5,2,10,0,1,0,6,0,0,0,0,0
158,3203,AB-1700,0,0,0,0,0,0,0,1,1,4,0,0
159,3203,JG-3700,0,0,0,0,0,0,0,3,1,6,0,0
160,3203,BG-1800,0,0,0,0,3,1,10,0,0,0,0,0
161,3203,AG-1500,0,0,0,0,0,0,0,1,0,0,0,0
162,3203,BP-0650,0,0,0,0,1,0,2,0,0,0,0,0
163,3203,TT-0500,1,0,0,0,0,0,0,0,0,0,0,0
164,3203,DT-1250,0,0,0,0,0,0,0,1,0,0,0,0
165,3204,PR-0300,9,4,26,0,0,0,0,0,0,0,0,0
166,3204,CB-3000,0,0,0,0,4,2,7,2,1,12,0,0
167,3204,LM-0700,0,0,0,0,0,0,0,1,1,3,0,0
168,3204,MF-0800,0,0,0,0,0,0,0,3,1,6,0,0
169,3204,AG-0500,0,0,0,0,0,0,0,1,0,0,0,0
170,3204,DR-3200,0,0,0,0,0,0,0,1,0,0,0,0
171,3204,CP-0500,6,4,27,0,0,0,0,0,0,0,0,5
172,3204,RS-3250,0,0,0,0,0,0,0,3,2,2,0,0
173,3204,DH-0300,0,0,0,0,0,0,0,1,0,0,0,0
174,3204,DM-1600,0,0,0,0,0,0,0,1,1,14,0,0
175,3204,RM-3100,0,0,0,0,0,0,0,0,0,0,0,5
176,3204,RB-3900,0,0,0,0,1,0,2,1,1,5,0,0
177,3204,BM-3800,0,0,0,0,0,0,0,1,1,11,0,0
178,3205,AR-1300,0,0,0,0,2,0,-2,0,0,0,0,0
179,3206,AD-0100,1,1,10,0,0,0,0,0,0,0,0,0
180,3206,AG-1500,0,0,0,0,0,0,0,1,1,10,0,0
181,3206,BG-1800,0,0,0,0,1,0,1,0,0,0,0,0
182,3206,BW-0850,3,1,4,0,0,0,0,0,0,0,0,0
183,3206,JG-2450,0,0,0,0,0,0,0,1,0,0,0,0
184,3206,JC-5600,0,0,0,0,0,0,0,2,1,4,0,0
185,3207,RF-0500,3,1,10,0,1,1,7,0,0,0,0,0
186,3207,SJ-0600,0,0,0,0,0,0,0,2,0,0,0,0
187,3207,CS-3400,0,0,0,0,2,2,22,0,0,0,0,0
188,3207,DD-1200,0,0,0,0,1,0,-8,0,0,0,0,0
189,3207,SC-0400,0,0,0,0,0,0,0,1,1,10,0,0
190,3207,MC-0700,3,2,8,0,0,0,0,0,0,0,0,0
191,3207,DB-3200,0,0,0,0,0,0,0,2,1,2,0,0
192,3207,PH-0500,0,0,0,0,1,0,0,0,0,0,1,0
193,3207,DM-1200,0,0,0,0,0,0,0,1,1,6,0,0
194,3207,JC-2300,0,0,0,0,1,0,0,0,0,0,0,0
195,3208,DB-4800,0,0,0,0,2,0,2,0,0,0,0,0
196,3208,AL-1100,3,2,12,0,0,0,0,0,0,0,0,0
197,3208,CF-0650,0,0,0,0,0,0,0,2,1,9,0,0
198,3208,DA-0850,0,0,0,0,1,0,0,1,1,3,0,0
199,3208,TG-0600,0,0,0,0,1,0,-2,0,0,0,0,0
200,3208,CP-2000,6,5,23,0,0,0,0,0,0,0,0,0
201,3208,PH-0400,0,0,0,0,0,0,0,2,2,11,0,0
202,3208,VB-0050,0,0,0,0,1,0,0,0,0,0,0,0
203,3208,AP-0700,0,0,0,0,3,1,3,1,1,-1,0,0
204,3208,SB-2100,0,0,0,0,0,0,0,1,1,7,0,0
205,3208,DA-1700,0,0,0,0,0,0,0,1,0,0,0,0
206,3208,KR-1200,0,0,0,0,0,0,0,1,1,6,0,0
207,3209,DJ-0950,0,0,0,0,1,1,6,0,0,0,0,0
208,3209,SH-0450,0,0,0,0,1,0,1,0,0,0,0,0
209,3209,MV-0300,3,0,0,1,4,2,-1,0,0,0,1,0
210,3209,CH-1200,0,0,0,0,0,0,0,1,0,0,0,0
211,3209,LM-1000,0,0,0,0,4,2,1,0,0,0,1,0
212,3209,BB-3350,0,0,0,0,2,0,4,0,0,0,0,0
213,3209,RR-0400,0,0,0,0,2,1,5,0,0,0,0,0
214,3209,JF-1900,2,1,7,0,0,0,0,0,0,0,0,5
215,3209,AB-2000,0,0,0,0,0,0,0,1,1,7,0,0
216,3209,VL-0100,0,0,0,0,1,1,5,0,0,0,0,0
217,3209,BC-0700,0,0,0,0,0,0,0,1,0,0,0,0
218,3209,DP-1300,0,0,0,0,0,0,0,1,0,0,0,0
219,3210,EM-0200,11,2,26,0,0,0,0,0,0,0,0,0
220,3210,DW-4050,0,0,0,0,1,0,1,2,0,0,0,0
221,3210,HN-0500,0,0,0,0,0,0,0,2,1,14,0,0
222,3210,DH-3200,0,0,0,0,0,0,0,1,1,12,0,0
223,3210,WB-0400,0,0,0,0,0,0,0,1,0,0,0,0
224,3210,AB-2600,0,0,0,0,1,0,1,0,0,0,0,0
225,3210,MB-1800,0,0,0,0,0,0,0,4,0,0,0,0
226,3210,DM-0450,0,0,0,0,2,2,13,0,0,0,0,0
227,3210,AB-3400,0,0,0,0,6,3,5,0,0,0,0,0
228,3210,VC-0300,0,0,0,0,0,0,0,1,0,0,0,0
229,3211,BT-0200,0,0,0,0,4,2,12,0,0,0,0,0
230,3211,MS-0200,2,0,0,0,2,0,-2,0,0,0,0,0
231,3211,AF-0900,0,0,0,0,6,4,14,1,0,0,0,0
232,3211,KW-0300,0,0,0,0,0,0,0,1,0,0,0,0
233,3211,BG-0100,1,1,5,0,0,0,0,0,0,0,0,0
234,3211,MJ-2500,0,0,0,0,0,0,0,1,1,5,0,0
235,3211,JF-2800,0,0,0,0,4,2,11,0,0,0,0,0
236,3212,MI-0100,0,0,0,0,4,3,17,0,0,0,0,0
237,3212,DB-3800,7,4,22,0,1,1,1,0,0,0,0,0
238,3212,DS-3300,0,0,0,0,0,0,0,1,1,3,0,0
239,3212,JG-2900,0,0,0,0,0,0,0,2,1,1,0,0
240,3212,LM-1500,0,0,0,0,0,0,0,1,0,0,0,0
241,3212,JS-6700,0,0,0,0,4,3,18,1,1,17,0,0
242,3212,CN-0500,3,3,24,0,4,2,6,0,0,0,1,0
243,3212,BL-0100,0,0,0,0,0,0,0,1,1,1,0,0
244,3212,MT-1300,0,0,0,0,1,1,2,0,0,0,0,0
245,3212,DW-3600,0,0,0,0,4,2,4,0,0,0,0,0
246,3212,PT-0400,0,0,0,0,1,1,11,1,1,8,0,0
247,3212,KP-0700,0,0,0,0,0,0,0,1,1,6,0,0
248,3212,JM-6200,0,0,0,0,0,0,0,1,0,0,0,0
249,3212,MC-2400,0,0,0,0,0,0,0,1,1,10,0,0
250,3213,KK-1200,4,2,9,0,1,1,5,0,0,0,0,0
251,3213,TH-1100,0,0,0,0,0,0,0,1,0,0,0,0
252,3213,SR-0700,0,0,0,0,1,0,3,0,0,0,0,0
253,3213,TB-2300,5,3,23,0,0,0,0,0,0,0,0,0
254,3213,BL-1200,0,0,0,0,0,0,0,1,1,5,0,0
255,3213,DW-4300,0,0,0,0,1,0,0,0,0,0,0,0
256,3213,RW-3400,0,0,0,0,1,0,0,0,0,0,0,0
257,3213,LF-0200,0,0,0,0,0,0,0,1,0,0,0,0
258,3213,AR-1100,0,0,0,0,0,0,0,1,1,2,0,0
259,3213,RH-3000,0,0,0,0,0,0,0,1,1,7,0,0
260,3213,LS-1700,0,0,0,0,1,1,4,0,0,0,0,0
261,3213,RG-2200,0,0,0,0,0,0,0,3,1,5,0,5
262,3213,JE-0100,0,0,0,0,0,0,0,1,1,13,0,0
263,3214,SB-1100,8,5,32,1,0,0,0,0,0,0,0,0
264,3214,BG-0600,0,0,0,0,0,0,0,1,0,0,0,0
265,3214,SJ-0200,0,0,0,0,4,1,4,0,0,0,0,14
266,3214,RG-1850,2,1,8,0,3,3,16,0,0,0,0,0
267,3214,AM-2850,0,0,0,0,4,2,11,0,0,0,0,0
268,3214,LH-0600,0,0,0,0,0,0,0,1,0,0,0,0
269,3214,BQ-1500,0,0,0,0,0,0,0,1,0,0,0,0
270,3214,DR-1450,0,0,0,0,4,4,15,1,1,18,0,0
271,3214,DA-0900,0,0,0,0,0,0,0,2,2,7,0,0
272,3214,SS-2200,0,0,0,0,0,0,0,2,1,6,0,0
273,3214,FD-0200,0,0,0,0,0,0,0,1,1,8,0,0
274,3214,NP-0100,0,0,0,0,0,0,0,0,0,0,0,5
275,3214,MM-5700,0,0,0,0,0,0,0,1,1,1,0,0
276,3215,ML-2500,0,0,0,0,6,2,12,0,0,0,0,0
277,3215,RW-3850,5,4,32,0,0,0,0,0,0,0,0,5
278,3215,SR-0500,0,0,0,0,0,0,0,2,1,9,0,0
279,3215,ZM-0200,0,0,0,0,0,0,0,1,1,7,0,0
280,3215,DB-0500,0,0,0,0,0,0,0,1,1,8,0,0
281,3215,GT-0100,0,0,0,0,0,0,0,1,1,8,0,0
282,3216,CB-3000,0,0,0,0,6,2,12,1,1,-4,0,0
283,3216,PR-0300,6,5,31,0,0,0,0,0,0,0,0,0
284,3216,MF-0800,0,0,0,0,0,0,0,1,0,0,0,0
285,3216,DR-3200,0,0,0,0,0,0,0,3,3,30,0,0
286,3216,RB-3900,0,0,0,0,1,0,1,1,1,5,0,0
287,3216,JL-2300,4,2,21,0,0,0,0,0,0,0,0,0
288,3216,KB-1900,0,0,0,0,0,0,0,1,0,0,0,0
289,3216,CJ-1700,0,0,0,0,1,1,4,1,0,0,0,0
290,3216,DW-3100,0,0,0,0,0,0,0,1,1,6,0,0
291,3216,KW-2550,0,0,0,0,0,0,0,1,1,15,0,0
292,3216,JB-1700,0,0,0,0,7,4,21,0,0,0,0,0
293,3217,RT-0150,2,1,14,0,1,1,2,0,0,0,0,0
294,3217,BH-0800,0,0,0,0,0,0,0,1,0,0,0,0
295,3217,RB-4900,0,0,0,0,2,1,4,0,0,0,0,0
296,3217,CP-0500,5,1,6,0,0,0,0,0,0,0,0,0
297,3217,DM-1600,0,0,0,0,1,0,0,2,1,6,0,0
298,3217,DH-2800,0,0,0,0,0,0,0,2,0,0,0,0
299,3217,RG-1400,0,0,0,0,0,0,0,1,0,0,0,0
300,3217,AF-0200,0,0,0,0,0,0,0,1,1,14,0,0
301,3217,LM-1150,0,0,0,0,1,1,15,0,0,0,0,0
302,3218,IR-0100,0,0,0,0,2,1,-1,0,0,0,0,0
303,3218,MS-0100,2,1,14,0,0,0,0,0,0,0,0,0
304,3218,SH-1300,0,0,0,0,0,0,0,1,1,14,0,0
305,3218,JC-5900,0,0,0,0,0,0,0,1,0,0,0,0
306,3218,JD-3400,0,0,0,0,4,3,18,0,0,0,0,0
307,3218,BR-1100,2,2,7,0,0,0,0,0,0,0,0,0
308,3218,JC-5400,0,0,0,0,0,0,0,1,1,6,0,0
309,3218,HM-0200,0,0,0,0,0,0,0,1,1,1,0,0
310,3219,FG-0200,0,0,0,0,3,2,8,0,0,0,0,0
311,3219,AS-1600,1,0,0,0,0,0,0,0,0,0,0,0
312,3219,KW-1800,0,0,0,0,0,0,0,1,0,0,0,0
313,3219,MS-4100,3,1,9,0,0,0,0,0,0,0,0,0
314,3219,JB-2700,0,0,0,0,0,0,0,1,0,0,0,0
315,3219,TS-0700,0,0,0,0,0,0,0,1,0,0,0,0
316,3219,BP-0600,0,0,0,0,0,0,0,1,1,9,0,0
317,3220,MT-2400,0,0,0,0,5,1,4,0,0,0,0,0
318,3220,MR-2500,6,4,13,0,1,1,4,0,0,0,0,0
319,3220,JJ-4700,0,0,0,0,0,0,0,2,1,-2,0,0
320,3220,RW-2200,0,0,0,0,0,0,0,2,1,4,0,0
321,3220,HD-0300,0,0,0,0,0,0,0,1,1,10,0,0
322,3220,TG-1300,0,0,0,0,0,0,0,1,1,1,0,0
323,3220,LB-0100,0,0,0,0,1,1,4,0,0,0,0,0
324,3220,PM-0200,5,2,29,0,0,0,0,0,0,0,0,0
325,3220,BS-4100,0,0,0,0,0,0,0,1,0,0,0,0
326,3220,DT-0900,0,0,0,0,0,0,0,2,1,17,0,4
327,3220,WM-0300,0,0,0,0,7,6,22,0,0,0,0,0
328,3220,KM-2900,0,0,0,0,0,0,0,1,1,12,0,0
329,3220,ED-0200,0,0,0,0,0,0,0,1,0,0,0,0
330,3221,EM-0200,3,2,19,0,1,0,4,0,0,0,0,0
331,3221,MB-1800,0,0,0,0,0,0,0,1,1,14,0,0
332,3221,AB-3400,0,0,0,0,6,3,13,1,1,5,0,0
333,3221,CN-0500,5,1,11,1,2,1,1,0,0,0,0,0
334,3221,GO-0100,0,0,0,0,0,0,0,4,1,11,0,0
335,3221,DW-3600,0,0,0,0,1,1,8,0,0,0,0,0
336,3221,RB-0800,0,0,0,0,0,0,0,1,0,0,0,0
337,3221,BL-0100,0,0,0,0,0,0,0,1,0,0,0,0
338,3221,DS-0900,0,0,0,0,5,3,10,0,0,0,0,0
339,3221,DC-0700,1,0,0,0,0,0,0,0,0,0,0,0
340,3221,RR-0130,0,0,0,0,0,0,0,1,0,0,0,0
341,3222,MB-5200,0,0,0,0,4,2,7,0,0,0,0,0
342,3222,JC-6200,3,1,12,0,0,0,0,0,0,0,0,0
343,3222,BM-0300,0,0,0,0,0,0,0,2,1,12,0,0
344,3222,DH-2700,0,0,0,0,0,0,0,1,0,0,0,0
345,3222,KB-0800,0,0,0,0,1,0,-4,0,0,0,0,0
346,3223,CS-3400,0,0,0,0,1,0,2,0,0,0,0,0
347,3223,RF-0500,8,4,29,0,3,0,-3,0,0,0,1,0
348,3223,DJ-2700,0,0,0,0,0,0,0,1,1,9,0,0
349,3223,TG-1550,0,0,0,0,0,0,0,2,2,18,0,0
350,3223,BW-0850,2,1,14,0,0,0,0,0,0,0,0,0
351,3223,MM-1300,0,0,0,0,0,0,0,1,1,14,0,0
352,3223,JC-0400,0,0,0,0,0,0,0,1,0,0,0,0
353,3223,TR-0350,0,0,0,0,1,1,6,0,0,0,0,0
354,3223,TC-1300,0,0,0,0,2,0,3,1,0,0,0,0
355,3223,SJ-0600,0,0,0,0,0,0,0,3,1,9,0,0
356,3224,BG-0100,2,0,0,0,0,0,0,0,0,0,0,0
357,3224,AL-1100,6,3,23,0,0,0,0,0,0,0,0,0
358,3224,TH-1850,0,0,0,0,0,0,0,2,0,0,0,0
359,3224,RW-1100,0,0,0,0,0,0,0,1,1,16,0,0
360,3224,MM-4800,0,0,0,0,0,0,0,1,1,4,0,0
361,3224,MJ-2500,0,0,0,0,2,0,1,0,0,0,0,0
362,3224,JB-3650,0,0,0,0,0,0,0,1,0,0,0,0
363,3224,KE-0250,0,0,0,0,0,0,0,1,0,0,0,0
364,3224,DB-4800,0,0,0,0,1,0,2,0,0,0,0,0
365,3224,DA-0850,0,0,0,0,0,0,0,1,1,4,0,0
366,3225,JF-3100,5,2,8,0,0,0,0,0,0,0,0,0
367,3225,VJ-0100,0,0,0,0,0,0,0,1,0,0,0,0
368,3225,DM-0450,0,0,0,0,3,2,6,0,0,0,0,0
369,3225,LS-1900,0,0,0,0,0,0,0,1,1,1,0,0
370,3225,TR-0800,6,3,2,0,0,0,0,1,1,-1,1,0
371,3225,DM-4300,0,0,0,0,4,2,23,2,2,3,0,0
372,3225,MA-1400,0,0,0,0,0,0,0,2,0,0,0,0
373,3225,KO-0300,0,0,0,0,0,0,0,1,0,0,0,0
374,3225,LV-0200,0,0,0,0,0,0,0,0,0,0,0,10
375,3225,TU-0200,0,0,0,0,0,0,0,1,1,7,0,0
376,3225,MW-2800,0,0,0,0,0,0,0,1,0,0,0,0
377,3225,DC-1600,0,0,0,0,0,0,0,1,0,0,0,0
378,3226,RB-4900,0,0,0,0,2,2,9,0,0,0,0,0
379,3226,DT-0600,0,0,0,0,4,3,15,0,0,0,0,0
380,3226,RT-0150,3,1,12,0,1,1,1,0,0,0,0,0
381,3226,BH-0800,0,0,0,0,0,0,0,2,0,0,0,0
382,3226,SG-1300,0,0,0,0,9,2,15,0,0,0,0,0
383,3226,MS-0100,5,2,17,1,1,0,4,0,0,0,0,0
384,3226,SH-1150,0,0,0,0,0,0,0,2,0,0,0,0
385,3226,SH-1300,0,0,0,0,0,0,0,1,1,10,0,0
386,3226,TT-0700,0,0,0,0,1,0,-5,0,0,0,0,0
387,3226,AF-0200,0,0,0,0,0,0,0,1,1,12,0,0
388,3226,JL-0260,0,0,0,0,1,1,1,0,0,0,0,0
389,3226,JC-5900,0,0,0,0,0,0,0,1,0,0,0,0
390,3226,JK-1000,0,0,0,0,0,0,0,1,1,7,0,0
391,3227,AD-0100,4,3,21,0,0,0,0,0,0,0,0,0
392,3227,AB-1700,0,0,0,0,0,0,0,1,1,6,0,0
393,3227,BL-0900,0,0,0,0,1,1,7,1,0,0,0,0
394,3227,BS-1400,0,0,0,0,1,0,1,0,0,0,0,0
395,3227,JG-3700,0,0,0,0,0,0,0,2,2,15,0,0
396,3227,KH-2600,0,0,0,0,1,0,-1,0,0,0,0,0
397,3227,AG-1500,0,0,0,0,1,1,11,0,0,0,0,0
398,3227,BG-1800,0,0,0,0,1,1,1,0,0,0,0,0
399,3227,AM-2850,0,0,0,0,3,3,19,0,0,0,0,0
400,3227,RG-1850,2,2,12,0,3,3,12,0,0,0,0,0
401,3227,BB-0600,0,0,0,0,1,0,-1,0,0,0,0,0
402,3227,SM-3600,0,0,0,0,0,0,0,1,1,3,0,0
403,3227,RH-1600,0,0,0,0,0,0,0,1,1,9,0,0
404,3228,DB-3800,8,4,29,0,0,0,0,0,0,0,0,0
405,3228,MC-2400,0,0,0,0,0,0,0,2,1,13,0,0
406,3228,LM-1500,0,0,0,0,0,0,0,2,1,9,0,0
407,3228,JC-2300,0,0,0,0,4,2,9,2,1,5,0,0
408,3228,MC-0700,5,2,12,0,0,0,0,0,0,0,0,0
409,3228,TM-3000,0,0,0,0,0,0,0,2,1,7,0,0
410,3228,JB-0900,0,0,0,0,0,0,0,1,0,0,0,0
411,3228,PT-0400,0,0,0,0,2,1,8,2,0,0,0,0
412,3228,JG-2900,0,0,0,0,0,0,0,1,1,1,0,0
413,3228,MI-0100,0,0,0,0,1,0,1,0,0,0,0,0
414,3228,JC-3700,0,0,0,0,0,0,0,1,1,6,0,0
415,3228,SD-0800,0,0,0,0,3,0,3,0,0,0,0,0
416,3229,JL-2300,5,2,8,0,1,0,-5,0,0,0,0,0
417,3229,KW-2550,0,0,0,0,0,0,0,2,1,1,0,0
418,3229,DR-1200,0,0,0,0,1,0,0,0,0,0,0,0
419,3229,KB-1900,0,0,0,0,0,0,0,1,0,0,0,0
420,3229,MS-4100,7,6,27,0,0,0,0,0,0,0,0,0
421,3229,NB-0800,0,0,0,0,1,0,3,4,4,12,0,0
422,3229,ML-1300,0,0,0,0,3,2,2,1,1,7,0,0
423,3229,CJ-1100,0,0,0,0,0,0,0,2,2,12,0,0
424,3229,TY-0300,0,0,0,0,0,0,0,2,1,6,0,0
425,3229,JB-2700,0,0,0,0,2,1,4,2,1,10,0,0
426,3229,SH-1100,5,3,19,0,1,0,-1,0,0,0,0,0
427,3229,DW-3100,0,0,0,0,0,0,0,2,1,7,0,0
428,3230,CP-2000,5,3,14,0,0,0,0,0,0,0,0,0
429,3230,TG-0600,0,0,0,0,0,0,0,1,0,0,0,0
430,3230,SB-2100,0,0,0,0,0,0,0,1,0,0,0,0
431,3230,KR-1200,0,0,0,0,0,0,0,3,3,14,0,0
432,3230,AP-0700,0,0,0,0,5,2,7,0,0,0,0,0
433,3230,FG-0200,0,0,0,0,2,0,6,0,0,0,0,0
434,3230,AS-1600,3,2,8,0,1,0,1,0,0,0,0,5
435,3230,RM-5000,0,0,0,0,0,0,0,1,0,0,0,0
436,3230,KW-1800,0,0,0,0,0,0,0,1,1,7,0,0
437,3230,KH-2900,0,0,0,0,1,0,3,0,0,0,0,0
438,3230,VD-0100,0,0,0,0,0,0,0,1,1,1,0,0
439,3230,PH-0400,0,0,0,0,1,1,9,0,0,0,0,0
440,3231,PP-0400,0,0,0,0,1,0,-4,0,0,0,0,0
441,3231,CW-1400,0,0,0,0,1,1,5,0,0,0,0,0
442,3231,KK-1200,2,1,8,0,0,0,0,0,0,0,0,0
443,3231,ED-0700,0,0,0,0,0,0,0,1,0,0,0,0
444,3231,MF-0950,0,0,0,0,0,0,0,1,1,8,0,0
445,3231,MV-0300,3,1,14,0,0,0,0,0,0,0,1,0
446,3231,DJ-0200,0,0,0,0,0,0,0,3,1,14,0,0
447,3231,LS-1700,0,0,0,0,5,1,-3,0,0,0,0,0
448,3232,MR-2500,6,4,30,1,0,0,0,0,0,0,0,0
449,3232,JR-2800,0,0,0,0,2,1,5,1,1,8,0,0
450,3232,MB-3000,0,0,0,0,1,0,0,0,0,0,0,0
451,3232,RM-1200,0,0,0,0,3,1,13,0,0,0,1,0
452,3232,TG-1300,0,0,0,0,0,0,0,2,1,7,0,0
453,3232,JJ-4700,0,0,0,0,0,0,0,2,2,15,0,0
454,3232,MT-2400,0,0,0,0,2,1,8,0,0,0,0,0
455,3232,JS-4800,0,0,0,0,1,1,3,0,0,0,0,0
456,3232,CB-3000,0,0,0,0,1,1,5,0,0,0,0,0
457,3232,PR-0300,1,1,0,0,0,0,0,0,0,0,0,0
458,3232,DR-3200,0,0,0,0,0,0,0,1,1,0,1,0
459,3233,LB-0100,0,0,0,0,3,0,-5,0,0,0,0,0
460,3233,PM-0200,5,2,12,0,0,0,0,0,0,0,0,0
461,3233,JD-2700,0,0,0,0,0,0,0,2,1,6,0,0
462,3233,WM-0300,0,0,0,0,1,0,3,1,1,6,0,0
463,3233,MS-0200,3,2,17,0,0,0,0,0,0,0,0,0
464,3233,AF-0900,0,0,0,0,3,1,6,1,1,3,0,0
465,3233,MW-3100,0,0,0,0,0,0,0,1,0,0,0,0
466,3233,DT-0900,0,0,0,0,0,0,0,1,0,0,0,0
467,3233,OD-0100,0,0,0,0,0,0,0,1,1,14,0,0
468,3234,IR-0100,0,0,0,0,2,0,1,0,0,0,0,0
469,3234,MW-0500,0,0,0,0,1,0,1,1,1,14,0,0
470,3234,BR-1100,6,5,40,0,0,0,0,0,0,0,0,0
471,3234,HM-0200,0,0,0,0,0,0,0,3,3,17,0,0
472,3234,JD-3400,0,0,0,0,1,0,0,0,0,0,0,0
473,3234,DM-1600,0,0,0,0,8,3,16,0,0,0,0,0
474,3234,CP-0500,8,7,34,0,1,1,6,0,0,0,0,0
475,3234,MG-1000,0,0,0,0,1,0,1,0,0,0,0,0
476,3234,DH-2800,0,0,0,0,0,0,0,2,1,3,0,0
477,3234,RS-3250,0,0,0,0,0,0,0,1,1,5,0,0
478,3234,DM-3100,0,0,0,0,0,0,0,3,3,15,0,0
479,3234,RG-1400,0,0,0,0,0,0,0,1,1,1,0,0
480,3234,AB-3500,0,0,0,0,0,0,0,1,1,10,0,0
481,3234,MR-0500,0,0,0,0,0,0,0,1,1,10,0,0
482,3235,SR-0700,0,0,0,0,4,1,11,0,0,0,0,0
483,3235,TB-2300,7,4,26,0,0,0,0,0,0,0,0,0
484,3235,JE-0100,0,0,0,0,0,0,0,3,1,7,0,0
485,3235,BL-1200,0,0,0,0,0,0,0,2,1,9,0,0
486,3235,MH-3300,0,0,0,0,0,0,0,1,1,4,0,0
487,3235,BB-2250,0,0,0,0,1,1,2,0,0,0,0,0
488,3235,JF-1900,4,2,25,0,1,0,-1,0,0,0,0,0
489,3235,AB-2000,0,0,0,0,0,0,0,1,0,0,0,0
490,3235,DP-1300,0,0,0,0,0,0,0,2,1,20,0,0
491,3235,RR-0400,0,0,0,0,1,1,7,0,0,0,0,0
492,3235,DW-4300,0,0,0,0,3,2,9,0,0,0,0,0
493,3235,WW-0200,0,0,0,0,0,0,0,1,1,6,0,0
494,3235,TS-2300,0,0,0,0,0,0,0,1,1,5,0,0
495,3236,CB-1400,0,0,0,0,2,1,0,0,0,0,0,0
496,3236,AR-1300,5,2,15,0,1,1,1,0,0,0,0,0
497,3236,JK-2200,0,0,0,0,0,0,0,1,1,6,0,0
498,3236,DD-2600,0,0,0,0,0,0,0,1,0,0,0,0
499,3236,GJ-0400,0,0,0,0,0,0,0,2,1,9,0,0
500,3236,JJ-4200,0,0,0,0,0,0,0,1,0,0,0,0
501,3236,ML-2500,0,0,0,0,3,1,4,0,0,0,0,0
502,3236,RW-3850,3,2,7,0,1,0,-1,0,0,0,0,0
503,3236,ZM-0200,0,0,0,0,0,0,0,1,1,4,0,0
504,3236,GT-0100,0,0,0,0,0,0,0,2,1,3,0,0
505,3237,JF-1900,4,3,21,1,1,1,1,0,0,0,0,0
506,3237,RR-0400,0,0,0,0,2,0,1,2,2,3,0,0
507,3237,AB-2000,0,0,0,0,0,0,0,1,0,0,0,0
508,3237,DP-1300,0,0,0,0,0,0,0,0,0,0,0,5
509,3237,TS-2300,0,0,0,0,0,0,0,1,1,18,0,0
510,3237,BW-0850,3,2,19,0,0,0,0,0,0,0,0,0
511,3237,CO-0300,0,0,0,0,0,0,0,1,1,5,0,0
512,3237,TB-1060,0,0,0,0,0,0,0,1,1,14,0,0
513,3237,TR-0350,0,0,0,0,1,1,1,0,0,0,0,0
514,3237,GL-0400,0,0,0,0,0,0,0,1,0,0,0,0
515,3238,SR-0700,0,0,0,0,5,3,11,0,0,0,0,0
516,3238,TB-2300,5,3,34,0,1,1,4,0,0,0,0,0
517,3238,WW-0200,0,0,0,0,0,0,0,1,1,9,0,0
518,3238,RF-0500,1,1,20,0,0,0,0,0,0,0,0,0
519,3238,SC-0400,0,0,0,0,0,0,0,1,1,20,0,0
520,3238,CS-3400,0,0,0,0,2,1,5,0,0,0,1,0
521,3238,RG-2200,0,0,0,0,0,0,0,2,0,0,0,0
522,3238,DW-4300,0,0,0,0,0,0,0,1,1,17,0,0
523,3238,BB-2250,0,0,0,0,4,3,28,0,0,0,0,0
524,3238,BL-1200,0,0,0,0,0,0,0,1,1,8,0,0
525,3239,JB-1700,0,0,0,0,5,3,16,1,1,4,0,0
526,3239,PR-0300,5,4,37,0,0,0,0,0,0,0,0,0
527,3239,ER-0500,0,0,0,0,0,0,0,2,1,4,0,0
528,3239,RM-1200,0,0,0,0,1,0,-4,0,0,0,0,0
529,3239,AG-0500,0,0,0,0,0,0,0,1,1,13,0,0
530,3239,MC-0700,2,1,13,0,0,0,0,0,0,0,0,0
531,3239,SM-0400,0,0,0,0,0,0,0,1,0,0,0,0
532,3239,SD-0800,0,0,0,0,1,0,-1,0,0,0,0,0
533,3239,JC-2300,0,0,0,0,0,0,0,1,1,13,0,0
534,3239,RB-3900,0,0,0,0,0,0,0,1,1,16,0,0
535,3240,JS-6700,0,0,0,0,1,0,-1,0,0,0,0,0
536,3240,CN-0500,3,2,19,0,2,2,19,0,0,0,0,0
537,3240,DW-3600,0,0,0,0,1,1,13,1,1,2,0,0
538,3240,GO-0100,0,0,0,0,0,0,0,1,1,17,0,0
539,3240,JR-2800,0,0,0,0,1,1,4,0,0,0,0,0
540,3240,MT-2400,0,0,0,0,3,2,10,0,0,0,0,0
541,3240,TG-0150,0,0,0,0,0,0,0,0,0,0,0,10
542,3240,MR-2500,5,3,16,1,0,0,0,0,0,0,0,0
543,3240,RW-2200,0,0,0,0,0,0,0,2,1,14,0,0
544,3240,JJ-4700,0,0,0,0,0,0,0,1,0,0,0,0
545,3240,JS-4800,0,0,0,0,0,0,0,2,2,2,0,0
546,3240,BL-0100,0,0,0,0,0,0,0,1,0,0,0,0
547,3241,AS-1600,1,0,0,0,0,0,0,0,0,0,0,0
548,3241,MC-2900,0,0,0,0,0,0,0,1,0,0,0,0
549,3241,KW-1800,0,0,0,0,1,1,9,0,0,0,0,0
550,3241,CK-0100,0,0,0,0,3,1,5,0,0,0,0,0
551,3241,BM-2600,0,0,0,0,1,1,5,0,0,0,0,0
552,3241,FG-0200,0,0,0,0,3,2,6,0,0,0,0,0
553,3241,KH-2900,0,0,0,0,3,2,3,0,0,0,0,0
554,3242,CP-2000,1,0,0,0,0,0,0,0,0,0,0,0
555,3242,PH-0400,0,0,0,0,1,0,1,1,0,0,0,0
556,3242,MS-4100,5,1,5,0,2,1,4,0,0,0,0,0
557,3242,CJ-1100,0,0,0,0,0,0,0,1,0,0,0,0
558,3242,BP-0600,0,0,0,0,0,0,0,1,0,0,0,0
559,3242,JB-2700,0,0,0,0,1,0,2,1,0,0,0,0
560,3242,TY-0300,0,0,0,0,0,0,0,1,0,0,0,0
561,3242,NB-0800,0,0,0,0,0,0,0,1,1,5,0,0
562,3243,ML-2500,0,0,0,0,4,3,28,0,0,0,0,0
563,3243,SJ-0200,0,0,0,0,3,1,6,2,1,12,0,0
564,3243,SB-1100,5,2,23,0,0,0,0,0,0,0,0,0
565,3243,DA-0900,0,0,0,0,0,0,0,4,2,13,0,0
566,3243,JH-3230,1,1,2,0,0,0,0,0,0,0,0,0
567,3243,RW-3850,1,0,0,0,3,1,4,0,0,0,0,0
568,3243,SR-0500,0,0,0,0,0,0,0,1,0,0,0,0
569,3244,AF-0900,0,0,0,0,8,4,25,0,0,0,0,0
570,3244,MS-0200,2,2,13,0,0,0,0,0,0,0,0,0
571,3244,JC-1600,0,0,0,0,0,0,0,1,1,11,0,0
572,3244,KM-0450,0,0,0,0,0,0,0,1,1,2,0,0
573,3244,MH-1600,2,2,30,0,0,0,0,0,0,0,0,0
574,3244,CS-3900,0,0,0,0,0,0,0,1,1,19,0,0
575,3244,CJ-1700,0,0,0,0,1,1,7,0,0,0,0,0
576,3244,KW-2550,0,0,0,0,0,0,0,1,1,11,0,0
577,3245,CP-0500,3,0,0,0,0,0,0,0,0,0,0,0
578,3245,DM-3100,0,0,0,0,0,0,0,1,0,0,0,0
579,3245,WM-0300,0,0,0,0,5,4,26,1,1,1,0,0
580,3245,PM-0200,7,4,27,0,0,0,0,0,0,0,0,0
581,3245,ED-0200,0,0,0,0,0,0,0,3,1,17,0,0
582,3245,JT-0300,0,0,0,0,0,0,0,1,0,0,0,0
583,3245,DM-1600,0,0,0,0,2,1,7,0,0,0,0,0
584,3245,DA-1900,0,0,0,0,0,0,0,1,0,0,0,0
585,3245,LB-0100,0,0,0,0,2,0,2,1,1,14,0,0
586,3245,JD-2700,0,0,0,0,0,0,0,1,1,-5,0,0
587,3245,JC-5660,0,0,0,0,0,0,0,1,0,0,0,0
588,3246,DT-0600,0,0,0,0,2,0,1,0,0,0,0,0
589,3246,RT-0150,4,2,19,0,0,0,0,0,0,0,0,0
590,3246,RB-4900,0,0,0,0,0,0,0,1,0,0,0,0
591,3246,BH-0800,0,0,0,0,0,0,0,2,1,19,0,0
592,3246,JL-0260,0,0,0,0,1,1,1,1,1,0,0,0
593,3246,KK-1200,8,3,22,1,0,0,0,0,0,0,0,0
594,3246,LF-0200,0,0,0,0,0,0,0,4,2,7,0,0
595,3246,RW-3400,0,0,0,0,1,1,1,0,0,0,0,0
596,3246,MF-0950,0,0,0,0,0,0,0,2,0,0,0,0
597,3246,ED-0700,0,0,0,0,0,0,0,1,0,0,0,0
598,3246,AR-1100,0,0,0,0,0,0,0,1,1,15,0,0
599,3247,AD-0100,10,5,39,0,3,1,-1,0,0,0,0,0
600,3247,BG-1800,0,0,0,0,8,4,13,1,0,0,1,0
601,3247,AH-1900,0,0,0,0,0,0,0,1,1,1,0,0
602,3247,MJ-2500,0,0,0,0,4,4,14,1,1,4,0,0
603,3247,BG-0100,4,3,11,0,0,0,0,0,0,0,0,0
604,3247,ML-1500,0,0,0,0,0,0,0,1,1,2,0,0
605,3247,AB-1700,0,0,0,0,0,0,0,3,0,0,0,0
606,3247,CP-2300,0,0,0,0,0,0,0,1,1,1,0,0
607,3247,AG-1500,0,0,0,0,0,0,0,4,3,37,0,0
608,3247,CS-1500,0,0,0,0,0,0,0,1,0,0,0,0
609,3247,KE-0250,0,0,0,0,0,0,0,1,1,5,0,0
610,3248,RG-1850,1,1,2,0,3,2,13,0,0,0,0,0
611,3248,LH-0600,0,0,0,0,0,0,0,1,1,2,0,0
612,3248,AM-2850,0,0,0,0,4,2,18,0,0,0,0,0
613,3248,LB-0500,0,0,0,0,3,2,10,0,0,0,0,0
614,3248,JF-3100,4,1,7,0,0,0,0,0,0,0,0,0
615,3248,MW-2800,0,0,0,0,0,0,0,3,0,0,0,0
616,3248,VJ-0100,0,0,0,0,0,0,0,1,1,7,0,0
617,3249,AR-1300,10,7,63,0,0,0,0,0,0,0,0,0
618,3249,JF-1600,0,0,0,0,0,0,0,2,1,8,0,0
619,3249,JJ-4200,0,0,0,0,0,0,0,2,2,26,0,0
620,3249,PT-0400,0,0,0,0,2,1,5,1,0,0,0,0
621,3249,DB-3800,12,6,47,0,0,0,0,0,0,0,0,0
622,3249,MC-2400,0,0,0,0,0,0,0,3,2,25,0,0
623,3249,GJ-0400,0,0,0,0,0,0,0,1,1,9,0,0
624,3249,CB-1400,0,0,0,0,1,0,3,1,1,5,0,0
625,3249,JN-0900,0,0,0,0,0,0,0,3,2,15,0,0
626,3249,LM-1500,0,0,0,0,0,0,0,2,1,9,0,0
627,3249,DS-3300,0,0,0,0,0,0,0,2,2,14,0,0
628,3249,DT-0800,0,0,0,0,0,0,0,1,0,0,0,0
629,3249,MI-0100,0,0,0,0,0,0,0,1,1,-1,0,0
630,3249,JG-2900,0,0,0,0,0,0,0,1,0,0,0,0
631,3249,GH-0400,0,0,0,0,1,0,-6,0,0,0,1,0
632,3249,DH-2400,0,0,0,0,0,0,0,1,0,0,0,0
633,3249,DD-2600,0,0,0,0,0,0,0,1,0,0,0,0
634,3250,LM-1000,0,0,0,0,6,2,12,1,1,-1,0,0
635,3250,MV-0300,2,2,18,0,0,0,0,0,0,0,0,0
636,3250,DJ-0200,0,0,0,0,0,0,0,1,1,19,0,0
637,3250,EM-0200,6,4,27,1,0,0,0,0,0,0,0,0
638,3250,VC-0300,0,0,0,0,0,0,0,2,2,19,0,0
639,3250,MB-1800,0,0,0,0,0,0,0,2,1,2,0,0
640,3250,DH-3200,0,0,0,0,0,0,0,1,0,0,0,0
641,3250,AB-3400,0,0,0,0,1,0,3,0,0,0,0,0
642,3250,AB-2600,0,0,0,0,1,0,2,0,0,0,0,0
643,3250,BP-0200,0,0,0,0,0,0,0,1,1,6,0,0
644,3250,BB-3350,0,0,0,0,1,0,2,0,0,0,0,0
645,3251,TR-0800,3,2,17,1,0,0,0,0,0,0,0,0
646,3251,DB-5300,0,0,0,0,0,0,0,2,2,7,0,0
647,3251,MA-1400,0,0,0,0,0,0,0,1,1,10,0,0
648,3251,DM-4300,0,0,0,0,1,0,-2,0,0,0,0,0
649,3251,KO-0300,0,0,0,0,0,0,0,1,0,0,0,0
650,3251,MB-5200,0,0,0,0,1,1,5,0,0,0,0,0
651,3251,MF-1300,0,0,0,0,1,0,-1,0,0,0,0,0
652,3251,JC-6200,1,0,0,0,0,0,0,0,0,0,0,0
653,3251,BM-0300,0,0,0,0,0,0,0,1,0,0,0,0
654,3251,KO-0700,3,3,12,0,0,0,0,0,0,0,0,0
655,3251,CB-1130,0,0,0,0,0,0,0,1,1,7,0,0
656,3251,JW-6000,0,0,0,0,0,0,0,1,1,5,0,0
657,3252,SB-1100,4,1,7,1,1,0,4,0,0,0,0,0
658,3252,AP-0900,0,0,0,0,0,0,0,1,0,0,0,0
659,3252,LK-0200,0,0,0,0,0,0,0,1,1,7,0,0
660,3252,RW-3400,0,0,0,0,1,0,2,0,0,0,0,0
661,3252,KK-1200,7,3,16,0,0,0,0,0,0,0,0,0
662,3252,LF-0200,0,0,0,0,0,0,0,3,2,10,0,0
663,3252,ED-0700,0,0,0,0,0,0,0,3,0,0,0,0
664,3252,DR-1450,0,0,0,0,1,1,4,1,0,0,0,0
665,3252,BQ-1500,0,0,0,0,0,0,0,1,0,0,0,0
666,3252,AS-0900,0,0,0,0,0,0,0,1,1,6,0,0
667,3252,MF-0950,0,0,0,0,0,0,0,0,0,0,0,10
668,3253,RT-0150,2,2,19,0,0,0,0,0,0,0,0,0
669,3253,CC-2100,0,0,0,0,0,0,0,1,1,6,0,0
670,3253,JL-0260,0,0,0,0,1,0,-5,0,0,0,1,0
671,3253,AD-0100,4,2,7,0,2,2,7,0,0,0,0,0
672,3253,AH-1900,0,0,0,0,0,0,0,2,1,5,0,0
673,3253,BS-1400,0,0,0,0,2,1,3,0,0,0,0,0
674,3253,AB-1700,0,0,0,0,0,0,0,1,0,0,0,0
675,3253,DT-0600,0,0,0,0,3,2,6,0,0,0,0,0
676,3253,AF-0200,0,0,0,0,0,0,0,1,1,13,0,0
677,3253,RB-4900,0,0,0,0,1,1,13,0,0,0,0,0
678,3253,BG-1800,0,0,0,0,1,1,3,0,0,0,0,0
679,3253,AG-1500,0,0,0,0,0,0,0,1,1,2,0,0
680,3254,RR-0400,0,0,0,0,3,0,6,1,0,0,0,0
681,3254,JF-1900,4,0,0,0,0,0,0,0,0,0,0,0
682,3254,AB-2000,0,0,0,0,0,0,0,1,0,0,0,0
683,3254,TD-1800,0,0,0,0,0,0,0,1,0,0,0,0
684,3254,SD-0800,0,0,0,0,4,3,10,0,0,0,0,0
685,3254,MC-0700,1,1,7,0,1,1,2,0,0,0,0,0
686,3254,JC-2300,0,0,0,0,3,1,-9,1,1,0,0,0
687,3254,DB-3200,0,0,0,0,0,0,0,1,1,7,0,0
688,3254,VL-0100,0,0,0,0,0,0,0,1,0,0,0,0
689,3254,CG-2150,0,0,0,0,1,0,-1,0,0,0,0,0
690,3254,BQ-0100,1,1,0,0,0,0,0,0,0,0,0,0
691,3254,DM-1200,0,0,0,0,0,0,0,0,0,0,0,10
692,3255,AR-1300,5,3,32,0,0,0,0,0,0,0,0,0
693,3255,CB-1400,0,0,0,0,0,0,0,1,1,18,0,0
694,3255,JK-2200,0,0,0,0,1,1,2,0,0,0,0,0
695,3255,JF-1600,0,0,0,0,0,0,0,1,0,0,0,0
696,3255,AG-1700,0,0,0,0,1,1,9,0,0,0,0,0
697,3255,JJ-4200,0,0,0,0,0,0,0,3,2,14,0,0
698,3255,AL-1100,11,4,26,0,3,3,16,0,0,0,0,0
699,3255,RW-1100,0,0,0,0,0,0,0,3,1,4,0,0
700,3255,TH-1850,0,0,0,0,1,0,0,1,0,0,0,0
701,3255,NP-0050,0,0,0,0,0,0,0,1,0,0,0,0
702,3255,DA-0850,0,0,0,0,0,0,0,3,2,19,0,0
703,3255,VB-0050,0,0,0,0,1,1,3,0,0,0,0,0
704,3255,DB-4800,0,0,0,0,2,1,1,1,1,3,0,0
705,3255,CF-0650,0,0,0,0,0,0,0,2,0,0,0,0
706,3256,TR-0350,0,0,0,0,3,1,18,2,1,10,0,0
707,3256,AB-2600,0,0,0,0,3,2,17,0,0,0,0,0
708,3256,EM-0200,6,3,15,0,2,0,-2,0,0,0,0,0
709,3256,RR-0130,0,0,0,0,0,0,0,2,1,5,0,0
710,3256,VC-0300,0,0,0,0,0,0,0,3,2,10,0,0
711,3256,BW-0850,5,2,30,1,0,0,0,0,0,0,0,5
712,3256,JG-2450,0,0,0,0,0,0,0,2,1,20,0,0
713,3256,DH-3200,0,0,0,0,0,0,0,1,0,0,0,0
714,3256,BW-0700,0,0,0,0,0,0,0,1,0,0,0,0
715,3257,RG-1600,0,0,0,0,1,1,5,0,0,0,0,0
716,3257,RG-1850,2,2,7,0,0,0,0,0,0,0,0,0
717,3257,LH-0600,0,0,0,0,0,0,0,1,1,3,0,0
718,3257,AM-2850,0,0,0,0,2,0,0,0,0,0,0,0
719,3257,MR-2500,3,3,16,0,0,0,0,0,0,0,0,0
720,3257,TG-1300,0,0,0,0,0,0,0,1,1,1,0,0
721,3257,PG-0100,0,0,0,0,0,0,0,1,1,4,0,0
722,3257,MT-2400,0,0,0,0,1,1,13,1,1,-3,0,0
723,3257,JJ-4700,0,0,0,0,0,0,0,1,1,18,0,0
724,3258,MV-0300,5,4,35,0,1,0,2,0,0,0,1,0
725,3258,JM-0200,0,0,0,0,0,0,0,1,1,10,0,0
726,3258,RM-3900,0,0,0,0,3,2,19,0,0,0,0,0
727,3258,BR-1100,4,1,6,0,0,0,0,0,0,0,0,0
728,3258,JC-5400,0,0,0,0,0,0,0,1,1,7,0,0
729,3258,MW-0500,0,0,0,0,0,0,0,1,0,0,0,0
730,3258,LM-1000,0,0,0,0,0,0,0,2,1,15,0,0
731,3258,IR-0100,0,0,0,0,4,0,6,0,0,0,0,0
732,3258,HM-0200,0,0,0,0,0,0,0,1,0,0,0,0
733,3258,CH-1200,0,0,0,0,0,0,0,1,1,8,0,0
734,3258,BC-0700,0,0,0,0,0,0,0,1,1,2,0,0
735,3259,AP-0700,0,0,0,0,3,0,-1,0,0,0,0,0
736,3259,CP-2000,8,6,48,0,1,0,7,0,0,0,0,0
737,3259,MJ-0800,0,0,0,0,0,0,0,1,1,12,0,0
738,3259,PH-0400,0,0,0,0,1,1,4,2,2,10,0,0
739,3259,KR-1200,0,0,0,0,0,0,0,3,2,20,0,0
740,3259,DA-1700,0,0,0,0,0,0,0,1,0,0,0,0
741,3259,SB-2100,0,0,0,0,0,0,0,1,1,6,0,0
742,3259,MH-1600,4,2,15,0,0,0,0,0,0,0,0,0
743,3259,KW-2550,0,0,0,0,0,0,0,2,1,5,0,0
744,3259,JC-4300,0,0,0,0,0,0,0,2,1,10,0,0
745,3259,CJ-1700,0,0,0,0,2,1,5,0,0,0,0,0
746,3260,JC-6200,5,2,14,0,1,1,9,0,0,0,0,5
747,3260,AJ-0430,0,0,0,0,0,0,0,2,1,10,0,0
748,3260,BG-0100,3,1,4,0,0,0,0,0,0,0,0,0
749,3260,ML-1500,0,0,0,0,0,0,0,2,0,0,0,0
750,3260,MT-0900,0,0,0,0,0,0,0,1,1,4,0,0
751,3260,MJ-2500,0,0,0,0,1,0,-1,0,0,0,0,0
752,3260,MF-1300,0,0,0,0,2,1,2,0,0,0,0,0
753,3260,MB-5200,0,0,0,0,0,0,0,1,0,0,0,0
754,3260,BM-0300,0,0,0,0,0,0,0,2,1,4,0,0
755,3261,ML-2500,0,0,0,0,4,1,6,0,0,0,0,0
756,3261,RW-3850,3,2,19,0,0,0,0,0,0,0,0,0
757,3261,ZM-0200,0,0,0,0,0,0,0,1,1,6,0,0
758,3261,GT-0100,0,0,0,0,0,0,0,2,1,13,0,0
759,3261,BL-0100,0,0,0,0,0,0,0,0,0,0,0,5
760,3261,CN-0500,2,1,5,0,1,1,3,0,0,0,0,0
761,3261,DW-3600,0,0,0,0,1,0,-3,0,0,0,0,0
762,3261,LM-1800,0,0,0,0,0,0,0,1,1,5,0,0
763,3261,BH-1000,0,0,0,0,0,0,0,1,0,0,0,0
764,3262,FG-0200,0,0,0,0,5,3,15,0,0,0,0,0
765,3262,RF-0500,4,1,8,1,0,0,0,0,0,0,0,0
766,3262,SJ-0600,0,0,0,0,0,0,0,2,1,8,0,0
767,3262,DJ-2700,0,0,0,0,0,0,0,2,0,0,0,0
768,3262,CK-0100,0,0,0,0,2,2,31,0,0,0,0,0
769,3262,AS-1600,1,1,10,0,0,0,0,0,0,0,0,0
770,3262,MM-0700,0,0,0,0,0,0,0,1,1,10,0,0
771,3262,KH-2900,0,0,0,0,2,2,8,0,0,0,0,0
772,3262,AD-1300,0,0,0,0,3,3,12,0,0,0,0,0
773,3263,BB-2250,0,0,0,0,4,1,-1,0,0,0,0,0
774,3263,TB-2300,4,3,27,0,1,1,1,0,0,0,0,0
775,3263,BL-1200,0,0,0,0,0,0,0,3,2,19,0,0
776,3263,WW-0200,0,0,0,0,0,0,0,1,1,8,0,0
777,3263,PM-0200,5,4,19,0,0,0,0,0,0,0,0,0
778,3263,JD-2700,0,0,0,0,0,0,0,1,1,1,0,0
779,3263,SR-0700,0,0,0,0,9,8,39,0,0,0,0,0
780,3263,SV-0200,0,0,0,0,1,1,1,0,0,0,0,0
781,3263,WM-0300,0,0,0,0,2,0,2,1,1,11,1,0
782,3263,ED-0200,0,0,0,0,0,0,0,2,1,2,0,0
783,3263,BS-4100,0,0,0,0,0,0,0,1,1,5,0,0
784,3264,PR-0300,4,2,18,0,0,0,0,0,0,0,0,0
785,3264,JB-1700,0,0,0,0,2,1,5,1,1,3,0,0
786,3264,RM-3500,0,0,0,0,0,0,0,2,1,15,0,0
787,3264,AG-0500,0,0,0,0,0,0,0,1,0,0,0,0
788,3264,DB-3800,7,5,63,0,0,0,0,0,0,0,0,0
789,3264,MC-2400,0,0,0,0,0,0,0,6,5,63,0,0
790,3264,RM-1200,0,0,0,0,1,1,13,0,0,0,0,0
791,3264,MI-0100,0,0,0,0,1,0,3,0,0,0,0,0
792,3264,DS-3300,0,0,0,0,2,1,2,1,0,0,0,0
793,3264,PT-0400,0,0,0,0,1,0,1,0,0,0,0,0
794,3264,DT-0800,0,0,0,0,0,0,0,0,0,0,0,5
795,3265,AF-0900,0,0,0,0,6,3,25,1,0,0,0,0
796,3265,BP-1200,0,0,0,0,1,1,5,1,0,0,0,0
797,3265,MS-0100,3,0,0,1,0,0,0,0,0,0,0,0
798,3265,JK-1000,0,0,0,0,0,0,0,1,0,0,0,0
799,3265,MS-0200,3,0,0,0,0,0,0,0,0,0,0,0
800,3265,OD-0100,0,0,0,0,0,0,0,1,0,0,0,0
801,3265,AJ-0900,0,0,0,0,0,0,0,1,0,0,0,0
802,3265,TT-0700,0,0,0,0,2,1,13,0,0,0,0,0
803,3265,CS-0600,0,0,0,0,0,0,0,1,0,0,0,0
804,3266,MH-1600,6,2,11,0,0,0,0,0,0,0,0,0
805,3266,JC-4300,0,0,0,0,0,0,0,1,1,6,0,0
806,3266,KW-2550,0,0,0,0,0,0,0,1,0,0,0,0
807,3266,RM-3900,0,0,0,0,1,0,3,0,0,0,0,0
808,3266,BR-1100,5,1,4,0,0,0,0,0,0,0,0,0
809,3266,MW-0500,0,0,0,0,0,0,0,2,0,0,0,0
810,3266,IR-0100,0,0,0,0,1,1,4,1,1,4,0,0
811,3266,CJ-1700,0,0,0,0,2,1,5,0,0,0,0,0
812,3266,JH-1400,0,0,0,0,1,1,1,0,0,0,0,0
813,3266,WJ-0300,0,0,0,0,0,0,0,1,0,0,0,0
814,3266,BB-1300,0,0,0,0,2,1,1,0,0,0,0,0
815,3266,HM-0200,0,0,0,0,0,0,0,1,0,0,0,0
816,3266,NW-0100,0,0,0,0,0,0,0,1,0,0,0,0
817,3266,KB-1900,0,0,0,0,0,0,0,3,1,5,0,0
818,3267,BG-1800,0,0,0,0,1,1,3,0,0,0,0,0
819,3267,AD-0100,3,1,3,0,0,0,0,0,0,0,1,0
820,3267,AG-1500,0,0,0,0,0,0,0,2,1,4,0,0
821,3267,BW-0850,1,1,3,0,0,0,0,0,0,0,0,0
822,3267,MH-0800,0,0,0,0,4,3,13,0,0,0,0,0
823,3267,BW-0700,0,0,0,0,0,0,0,1,1,3,0,0
824,3268,DM-0450,0,0,0,0,2,0,3,0,0,0,0,0
825,3268,JF-3100,5,3,43,1,0,0,0,0,0,0,0,0
826,3268,DC-1600,0,0,0,0,0,0,0,1,0,0,0,0
827,3268,JC-2300,0,0,0,0,1,0,1,0,0,0,0,0
828,3268,BQ-0100,1,0,0,1,0,0,0,0,0,0,0,0
829,3268,SM-0400,0,0,0,0,0,0,0,1,0,0,0,0
830,3268,SD-0800,0,0,0,0,1,0,-5,0,0,0,0,0
831,3268,VJ-0100,0,0,0,0,0,0,0,2,2,36,0,0
832,3268,EL-0600,0,0,0,0,0,0,0,1,0,0,0,0
833,3268,DW-1000,0,0,0,0,0,0,0,1,1,7,0,0
834,3268,LB-0500,0,0,0,0,3,2,16,0,0,0,0,0
835,3269,SB-1100,7,3,-2,0,2,2,5,0,0,0,0,0
836,3269,SJ-0200,0,0,0,0,0,0,0,2,1,0,0,0
837,3269,DR-1450,0,0,0,0,1,0,1,1,1,-3,0,0
838,3269,AP-0900,0,0,0,0,0,0,0,1,0,0,0,0
839,3269,BG-0600,0,0,0,0,0,0,0,1,0,0,0,0
840,3269,CG-1060,0,0,0,0,0,0,0,1,0,0,0,0
841,3269,RT-0150,3,2,15,0,0,0,0,0,0,0,0,0
842,3269,DB-1800,0,0,0,0,0,0,0,1,0,0,0,0
843,3269,RB-4900,0,0,0,0,0,0,0,1,1,14,0,0
844,3269,AF-0200,0,0,0,0,0,0,0,1,1,1,0,0
845,3269,BQ-1500,0,0,0,0,0,0,0,1,1,1,0,0
846,3270,ML-1300,0,0,0,0,3,3,20,0,0,0,0,0
847,3270,MS-4100,6,1,17,0,2,1,4,0,0,0,0,0
848,3270,TS-0700,0,0,0,0,0,0,0,1,0,0,0,0
849,3270,LM-1000,0,0,0,0,2,0,-4,2,1,2,0,0
850,3270,MV-0300,7,4,18,0,1,1,9,0,0,0,0,0
851,3270,BC-0700,0,0,0,0,0,0,0,2,1,6,0,10
852,3270,BB-3350,0,0,0,0,1,0,5,0,0,0,0,0
853,3270,JM-0200,0,0,0,0,0,0,0,1,1,7,0,0
854,3270,CH-1200,0,0,0,0,0,0,0,1,1,3,0,0
855,3270,CJ-1100,0,0,0,0,0,0,0,1,0,0,0,10
856,3270,NB-0800,0,0,0,0,0,0,0,3,1,17,0,0
857,3270,JB-2700,0,0,0,0,0,0,0,1,0,0,0,0
858,3271,MT-2400,0,0,0,0,2,0,-1,0,0,0,0,0
859,3271,MR-2500,2,1,4,0,0,0,0,0,0,0,0,0
860,3271,RW-2200,0,0,0,0,0,0,0,1,1,4,0,0
861,3271,CP-0500,2,1,11,0,0,0,0,0,0,0,0,0
862,3271,DM-3100,0,0,0,0,0,0,0,1,1,11,0,0
863,3271,DM-1600,0,0,0,0,4,3,9,0,0,0,0,0
864,3271,BM-3800,0,0,0,0,0,0,0,1,0,0,0,0
865,3271,JJ-4700,0,0,0,0,0,0,0,1,0,0,0,0
866,3271,JS-4800,0,0,0,0,1,0,-1,0,0,0,0,0
867,3272,VB-0050,0,0,0,0,1,0,1,0,0,0,0,0
868,3272,AL-1100,3,1,8,1,0,0,0,0,0,0,0,0
869,3272,TH-1850,0,0,0,0,0,0,0,1,1,8,0,0
870,3272,CF-0650,0,0,0,0,0,0,0,1,0,0,0,0
871,3272,BP-1200,0,0,0,0,1,1,4,1,0,0,0,0
872,3272,SG-1300,0,0,0,0,9,6,38,0,0,0,0,0
873,3272,MS-0100,5,4,20,0,0,0,0,0,0,0,0,0
874,3272,SH-1150,0,0,0,0,0,0,0,1,1,5,0,0
875,3272,JK-1000,0,0,0,0,0,0,0,1,1,4,0,0
876,3272,DK-0400,0,0,0,0,0,0,0,1,1,6,0,0
877,3272,TT-0700,0,0,0,0,2,1,4,0,0,0,0,0
878,3272,JH-4000,0,0,0,0,0,0,0,1,1,5,0,0
879,3272,DA-2100,0,0,0,0,0,0,0,1,0,0,0,0
880,3273,BP-0650,0,0,0,0,1,0,-1,0,0,0,0,0
881,3273,DM-4300,0,0,0,0,1,1,6,0,0,0,0,0
882,3273,TR-0800,8,5,18,0,0,0,0,0,0,0,0,0
883,3273,JW-6000,0,0,0,0,0,0,0,2,1,9,0,0
884,3273,DB-5300,0,0,0,0,0,0,0,6,4,9,0,0
885,3273,RR-0400,0,0,0,0,3,3,6,1,0,0,0,0
886,3273,JF-1900,4,2,26,0,0,0,0,0,0,0,0,0
887,3273,ED-0400,0,0,0,0,0,0,0,1,0,0,0,0
888,3273,TS-2300,0,0,0,0,0,0,0,1,1,19,0,0
889,3273,PT-0100,0,0,0,0,3,1,4,0,0,0,0,0
890,3273,FJ-0300,0,0,0,0,2,2,6,0,0,0,0,0
891,3273,VL-0100,0,0,0,0,0,0,0,1,1,7,0,0
892,3274,CS-3400,0,0,0,0,1,1,10,0,0,0,0,0
893,3274,WP-0700,0,0,0,0,1,1,5,0,0,0,0,0
894,3274,KK-1200,1,1,9,0,0,0,0,0,0,0,0,0
895,3274,LF-0200,0,0,0,0,0,0,0,1,1,9,0,0
896,3274,BS-2400,0,0,0,0,1,1,16,0,0,0,0,0
897,3274,FJ-0100,0,0,0,0,1,1,1,0,0,0,0,0
898,3274,JS-3700,1,0,-1,0,0,0,0,0,0,0,0,0
899,3274,RF-0500,0,0,0,0,1,0,-1,0,0,0,0,0
900,3275,ML-2500,0,0,0,0,3,2,7,0,0,0,0,0
901,3275,TB-2300,11,6,24,1,0,0,0,0,0,0,0,0
902,3275,DB-3600,0,0,0,0,0,0,0,1,1,5,0,0
903,3275,RG-2200,0,0,0,0,0,0,0,2,1,4,0,0
904,3275,BB-2250,0,0,0,0,3,3,9,0,0,0,0,0
905,3275,AH-2800,0,0,0,0,0,0,0,3,2,0,0,0
906,3275,DF-0500,0,0,0,0,0,0,0,1,0,0,0,0
907,3275,WW-0200,0,0,0,0,0,0,0,2,1,9,0,0
908,3275,DW-4300,0,0,0,0,2,2,9,1,1,6,0,0
909,3275,SR-0700,0,0,0,0,3,1,3,0,0,0,0,0
910,3275,RW-3850,3,2,12,0,0,0,0,0,0,0,0,0
911,3275,AM-1400,0,0,0,0,0,0,0,1,0,0,0,0
912,3275,RT-1950,0,0,0,0,1,0,5,0,0,0,0,0
913,3275,GT-0100,0,0,0,0,0,0,0,1,1,2,0,0
914,3275,BE-0200,0,0,0,0,0,0,0,1,1,10,0,0
915,3276,EM-0200,6,1,6,0,1,0,1,0,0,0,0,0
916,3276,VC-0300,0,0,0,0,0,0,0,3,1,6,0,0
917,3276,AB-2600,0,0,0,0,9,5,23,0,0,0,0,0
918,3276,HN-0500,0,0,0,0,0,0,0,1,0,0,0,0
919,3276,DH-3200,0,0,0,0,0,0,0,2,0,0,0,0
920,3276,DW-4050,0,0,0,0,3,0,-4,0,0,0,0,0
921,3277,AP-0700,0,0,0,0,3,1,2,3,2,10,0,0
922,3277,CP-2000,16,10,48,1,0,0,0,0,0,0,0,0
923,3277,DA-1700,0,0,0,0,0,0,0,1,0,0,0,0
924,3277,TG-0600,0,0,0,0,1,0,1,1,1,3,0,0
925,3277,RE-0400,0,0,0,0,0,0,0,1,0,0,0,0
926,3277,JC-0700,0,0,0,0,0,0,0,1,1,7,0,0
927,3277,RG-1850,1,1,6,0,3,2,17,0,0,0,0,0
928,3277,AM-2850,0,0,0,0,2,2,7,0,0,0,0,0
929,3277,ER-0600,0,0,0,0,1,0,0,0,0,0,0,0
930,3277,DY-0200,0,0,0,0,0,0,0,1,1,6,0,0
931,3277,PH-0400,0,0,0,0,0,0,0,4,2,13,0,0
932,3277,MJ-0800,0,0,0,0,0,0,0,2,1,9,0,0
933,3277,KR-1200,0,0,0,0,0,0,0,3,3,6,0,5
934,3278,AR-1300,8,5,50,0,0,0,0,0,0,0,0,0
935,3278,JN-0900,0,0,0,0,0,0,0,3,1,1,0,0
936,3278,TC-2900,0,0,0,0,0,0,0,1,1,14,0,0
937,3278,JJ-4200,0,0,0,0,0,0,0,2,2,24,0,0
938,3278,AF-0900,0,0,0,0,4,3,5,0,0,0,0,0
939,3278,RC-1500,0,0,0,0,0,0,0,2,1,11,0,0
940,3278,AG-1700,0,0,0,0,2,1,0,0,0,0,0,0
941,3278,MS-0200,5,1,12,1,0,0,0,0,0,0,0,0
942,3278,AJ-0900,0,0,0,0,0,0,0,1,0,0,0,0
943,3278,KM-0450,0,0,0,0,0,0,0,4,1,12,0,0
944,3279,RM-1200,0,0,0,0,2,2,8,0,0,0,0,0
945,3279,PR-0300,4,2,26,0,0,0,0,0,0,0,0,0
946,3279,AG-0500,0,0,0,0,0,0,0,3,2,26,0,0
947,3279,RB-3900,0,0,0,0,0,0,0,1,0,0,0,0
948,3279,WM-0300,0,0,0,0,1,1,2,0,0,0,0,0
949,3279,PM-0200,2,2,14,0,0,0,0,0,0,0,0,0
950,3279,ED-0200,0,0,0,0,0,0,0,2,2,14,0,0
951,3280,AS-1600,3,1,12,1,2,0,2,0,0,0,0,0
952,3280,RM-5000,0,0,0,0,0,0,0,2,0,0,0,0
953,3280,FG-0200,0,0,0,0,2,0,4,0,0,0,0,0
954,3280,RW-3850,1,0,0,0,0,0,0,0,0,0,0,0
955,3280,BE-0200,0,0,0,0,0,0,0,1,0,0,0,0
956,3280,DW-0500,0,0,0,0,0,0,0,1,1,12,0,0
957,3280,KH-2900,0,0,0,0,2,1,5,0,0,0,0,0
958,3280,CK-0100,0,0,0,0,1,0,-1,0,0,0,0,0
959,3281,MH-1600,6,4,22,0,0,0,0,0,0,0,0,0
960,3281,KB-1900,0,0,0,0,0,0,0,1,1,1,0,0
961,3281,CJ-1700,0,0,0,0,6,4,34,0,0,0,0,0
962,3281,FJ-0100,0,0,0,0,1,0,1,1,1,3,0,0
963,3281,RF-0500,3,3,23,0,0,0,0,0,0,0,0,0
964,3281,KW-2550,0,0,0,0,0,0,0,1,1,4,0,0
965,3281,JH-1400,0,0,0,0,3,2,1,0,0,0,0,0
966,3281,CS-3400,0,0,0,0,1,0,-3,0,0,0,0,0
967,3281,BS-2400,0,0,0,0,0,0,0,1,1,5,0,0
968,3281,JC-4300,0,0,0,0,0,0,0,1,0,0,0,0
969,3281,DJ-2700,0,0,0,0,0,0,0,1,1,15,0,0
970,3281,NW-0100,0,0,0,0,0,0,0,3,2,17,0,0
971,3282,JF-3100,11,5,55,0,1,0,-4,0,0,0,0,0
972,3282,TU-0200,0,0,0,0,0,0,0,2,1,13,0,0
973,3282,MI-0100,0,0,0,0,2,0,2,0,0,0,0,0
974,3282,DB-3800,6,5,58,0,0,0,0,0,0,0,0,0
975,3282,LM-1500,0,0,0,0,0,0,0,1,1,2,0,0
976,3282,MC-2400,0,0,0,0,0,0,0,2,2,27,0,0
977,3282,VJ-0100,0,0,0,0,0,0,0,5,2,25,0,5
978,3282,DS-3300,0,0,0,0,0,0,0,1,1,9,0,0
979,3282,DT-0800,0,0,0,0,0,0,0,2,1,20,0,5
980,3282,LB-0500,0,0,0,0,3,0,0,0,0,0,0,0
981,3282,PT-0400,0,0,0,0,1,1,5,0,0,0,0,0
982,3282,DC-1600,0,0,0,0,0,0,0,2,2,18,0,0
983,3282,DM-0450,0,0,0,0,1,0,-1,0,0,0,0,0
984,3282,MW-2800,0,0,0,0,0,0,0,1,0,0,0,5
985,3283,MM-4800,0,0,0,0,2,2,6,0,0,0,0,0
986,3283,AL-1100,1,1,9,0,2,2,8,0,0,0,0,0
987,3283,TR-0350,0,0,0,0,3,1,0,0,0,0,0,0
988,3283,BW-0850,3,2,32,0,0,0,0,0,0,0,0,0
989,3283,JC-4650,0,0,0,0,0,0,0,1,0,0,0,0
990,3283,JG-2450,0,0,0,0,0,0,0,1,1,18,0,0
991,3283,JC-5600,0,0,0,0,0,0,0,0,0,0,0,10
992,3283,GL-0400,0,0,0,0,0,0,0,1,1,14,0,0
993,3283,RW-1100,0,0,0,0,0,0,0,1,1,9,0,0
994,3284,AM-2850,0,0,0,0,3,2,18,0,0,0,0,0
995,3284,RG-1850,2,0,0,0,0,0,0,0,0,0,0,0
996,3284,NP-0100,0,0,0,0,0,0,0,1,0,0,0,0
997,3284,EM-0200,6,3,13,0,0,0,0,0,0,0,0,0
998,3284,HN-0500,0,0,0,0,0,0,0,2,1,7,0,0
999,3284,AB-2600,0,0,0,0,6,4,21,0,0,0,0,0
1000,3284,BP-0200,0,0,0,0,0,0,0,1,0,0,0,0
1001,3284,AB-3400,0,0,0,0,1,1,1,0,0,0,0,0
1002,3284,VC-0300,0,0,0,0,0,0,0,2,1,3,0,0
1003,3284,DY-0200,0,0,0,0,1,0,2,0,0,0,0,0
1004,3284,HH-0400,0,0,0,0,0,0,0,1,1,3,0,0
1005,3285,TR-0800,3,1,6,0,0,0,0,0,0,0,0,0
1006,3285,MA-1400,0,0,0,0,0,0,0,2,1,6,0,0
1007,3285,PT-0100,0,0,0,0,3,0,5,0,0,0,0,0
1008,3285,JS-6700,0,0,0,0,2,0,1,1,0,0,0,0
1009,3285,CN-0500,8,3,25,1,1,0,2,0,0,0,0,0
1010,3285,LM-1800,0,0,0,0,0,0,0,3,1,11,0,0
1011,3285,BL-0100,0,0,0,0,0,0,0,1,1,5,0,0
1012,3285,SS-2100,0,0,0,0,0,0,0,1,0,0,0,0
1013,3285,GO-0100,0,0,0,0,0,0,0,2,1,9,0,0
1014,3285,MT-1300,0,0,0,0,1,1,2,0,0,0,0,0
1015,3285,FJ-0300,0,0,0,0,1,0,1,0,0,0,0,0
1016,3285,DB-5300,0,0,0,0,0,0,0,1,0,0,0,0
1017,3286,AR-1300,6,5,22,0,0,0,0,0,0,0,0,0
1018,3286,JN-0900,0,0,0,0,0,0,0,2,2,12,0,0
1019,3286,SB-1100,7,3,18,0,0,0,0,0,0,0,0,0
1020,3286,BG-0600,0,0,0,0,0,0,0,1,0,0,0,0
1021,3286,JJ-4200,0,0,0,0,0,0,0,2,1,2,0,0
1022,3286,AG-1700,0,0,0,0,2,0,1,1,1,3,0,0
1023,3286,RC-1500,0,0,0,0,0,0,0,1,1,5,0,0
1024,3286,DR-1450,0,0,0,0,1,1,3,0,0,0,0,0
1025,3286,SJ-0200,0,0,0,0,2,2,9,0,0,0,0,0
1026,3286,SS-2200,0,0,0,0,0,0,0,3,2,16,0,0
1027,3286,BQ-1500,0,0,0,0,0,0,0,1,0,0,0,0
1028,3286,AP-0900,0,0,0,0,0,0,0,1,1,3,0,0
1029,3287,AF-0900,0,0,0,0,6,5,31,1,0,0,0,0
1030,3287,MS-0200,3,1,1,0,0,0,0,0,0,0,0,0
1031,3287,OD-0100,0,0,0,0,0,0,0,1,1,1,0,0
1032,3287,KM-0450,0,0,0,0,0,0,0,1,0,0,0,0
1033,3287,JF-1900,2,1,15,0,0,0,0,0,0,0,0,0
1034,3287,DP-1300,0,0,0,0,0,0,0,1,0,0,0,0
1035,3287,TD-1800,0,0,0,0,0,0,0,1,1,15,0,0
1036,3287,BT-0200,0,0,0,0,3,2,16,0,0,0,0,0
1037,3288,AP-0700,0,0,0,0,3,1,17,0,0,0,0,0
1038,3288,LS-1700,0,0,0,0,4,2,8,0,0,0,0,0
1039,3288,JS-3700,2,2,14,0,0,0,0,0,0,0,1,0
1040,3288,ED-0700,0,0,0,0,0,0,0,1,1,8,0,0
1041,3288,SB-2100,0,0,0,0,0,0,0,0,0,0,0,5
1042,3288,PH-0400,0,0,0,0,1,1,5,1,1,3,0,0
1043,3288,CP-2000,1,1,3,0,0,0,0,0,0,0,0,0
1044,3288,AR-1100,0,0,0,0,0,0,0,1,1,6,0,0
1045,3289,JK-1000,0,0,0,0,1,0,2,1,1,7,0,0
1046,3289,MS-0100,4,2,14,0,0,0,0,0,0,0,0,0
1047,3289,CS-0600,0,0,0,0,0,0,0,2,0,0,0,0
1048,3289,LH-1500,0,0,0,0,1,1,4,0,0,0,0,0
1049,3289,SG-1300,0,0,0,0,4,3,13,0,0,0,0,0
1050,3289,TT-0700,0,0,0,0,2,1,5,0,0,0,0,0
1051,3289,TB-2300,4,3,35,0,0,0,0,0,0,0,0,0
1052,3289,RG-2200,0,0,0,0,0,0,0,2,2,19,0,0
1053,3289,SR-0700,0,0,0,0,2,0,-1,0,0,0,0,0
1054,3289,AH-2800,0,0,0,0,0,0,0,2,1,16,0,0
1055,3289,JM-3600,0,0,0,0,2,0,5,0,0,0,0,0
1056,3289,DK-0400,0,0,0,0,0,0,0,1,1,7,0,0
1057,3290,DM-1600,0,0,0,0,4,1,7,0,0,0,0,0
1058,3290,CP-0500,9,4,29,0,1,1,1,0,0,0,0,5
1059,3290,BM-3800,0,0,0,0,0,0,0,3,1,5,0,0
1060,3290,DH-2800,0,0,0,0,0,0,0,1,1,5,0,0
1061,3290,BG-0100,2,1,11,0,0,0,0,0,0,0,0,0
1062,3290,MT-0900,0,0,0,0,0,0,0,1,1,11,0,0
1063,3290,RJ-0800,0,0,0,0,1,1,5,1,0,0,0,0
1064,3290,DM-3100,0,0,0,0,0,0,0,2,1,8,0,0
1065,3290,JC-5660,0,0,0,0,0,0,0,1,0,0,0,0
1066,3290,MR-0500,0,0,0,0,0,0,0,1,1,11,0,0
1067,3290,OS-0300,0,0,0,0,0,0,0,0,0,0,0,10
1068,3290,RS-3250,0,0,0,0,0,0,0,1,0,0,0,0
1069,3291,BG-1800,0,0,0,0,3,3,15,0,0,0,0,0
1070,3291,CP-0800,0,0,0,0,1,1,5,0,0,0,0,0
1071,3291,AD-0100,1,1,8,0,0,0,0,0,0,0,0,0
1072,3291,AG-1500,0,0,0,0,0,0,0,1,1,8,0,0
1073,3291,BR-1100,6,5,20,0,1,0,-1,0,0,0,0,0
1074,3291,ES-0200,0,0,0,0,0,0,0,1,1,9,0,0
1075,3291,HM-0200,0,0,0,0,0,0,0,4,3,12,0,0
1076,3291,JD-3400,0,0,0,0,1,1,1,0,0,0,0,0
1077,3291,MW-0500,0,0,0,0,0,0,0,1,1,-1,0,0
1078,3291,CR-0250,0,0,0,0,1,1,11,0,0,0,0,0
1079,3292,JC-6200,7,3,13,0,0,0,0,0,0,0,0,0
1080,3292,BM-0300,0,0,0,0,0,0,0,4,2,16,0,0
1081,3292,MS-3400,0,0,0,0,0,0,0,1,0,0,0,0
1082,3292,MB-5200,0,0,0,0,1,0,3,1,1,-3,0,0
1083,3292,MF-1300,0,0,0,0,1,0,0,0,0,0,0,0
1084,3292,ML-1300,0,0,0,0,1,0,1,0,0,0,1,0
1085,3292,EB-0600,0,0,0,0,0,0,0,1,0,0,0,0
1086,3292,JB-2700,0,0,0,0,2,1,8,1,1,3,1,0
1087,3292,MS-4100,9,3,21,1,0,0,0,0,0,0,0,0
1088,3292,TY-0300,0,0,0,0,0,0,0,1,0,0,0,0
1089,3292,CJ-1100,0,0,0,0,0,0,0,3,1,6,0,0
1090,3292,TS-0700,0,0,0,0,0,0,0,1,0,0,0,0
1091,3292,RB-4150,0,0,0,0,0,0,0,2,1,12,0,0
1092,3292,BP-0600,0,0,0,0,0,0,0,1,0,0,0,0
1093,3293,JF-3100,10,6,41,0,0,0,0,0,0,0,0,0
1094,3293,TU-0200,0,0,0,0,0,0,0,1,1,7,0,0
1095,3293,VJ-0100,0,0,0,0,0,0,0,2,0,0,0,0
1096,3293,MW-2800,0,0,0,0,0,0,0,4,2,14,0,0
1097,3293,DM-0450,0,0,0,0,8,4,11,1,1,9,0,5
1098,3293,DC-1600,0,0,0,0,0,0,0,1,1,10,0,0
1099,3293,EL-0600,0,0,0,0,0,0,0,1,1,1,0,0
1100,3293,AP-0700,0,0,0,0,1,0,-1,0,0,0,0,0
1101,3293,CP-2000,4,1,18,1,1,1,5,0,0,0,0,0
1102,3293,PH-0400,0,0,0,0,0,0,0,1,1,18,0,0
1103,3293,MJ-0800,0,0,0,0,0,0,0,3,0,0,0,0
1104,3294,JC-6200,4,3,11,0,0,0,0,0,0,0,0,0
1105,3294,MF-1300,0,0,0,0,2,1,14,2,2,-1,0,0
1106,3294,DW-3600,0,0,0,0,4,1,8,0,0,0,0,0
1107,3294,CN-0500,4,0,0,0,1,1,8,0,0,0,0,0
1108,3294,LM-1800,0,0,0,0,0,0,0,2,0,0,0,0
1109,3294,JS-6700,0,0,0,0,1,1,5,0,0,0,0,0
1110,3294,SS-2100,0,0,0,0,0,0,0,2,0,0,0,0
1111,3294,MB-5200,0,0,0,0,1,0,2,0,0,0,0,0
1112,3294,KD-0400,0,0,0,0,0,0,0,1,1,12,0,0
1113,3294,BM-0300,0,0,0,0,0,0,0,1,0,0,0,0
1114,3295,PR-0300,2,1,-9,0,0,0,0,0,0,0,0,0
1115,3295,JC-3000,0,0,0,0,0,0,0,1,1,-8,0,0
1116,3295,RM-3500,0,0,0,0,1,0,-6,0,0,0,0,0
1117,3296,JR-2800,0,0,0,0,1,0,-2,3,3,13,0,0
1118,3296,MR-2500,9,7,44,0,1,1,7,0,0,0,0,0
1119,3296,JS-4800,0,0,0,0,0,0,0,3,3,16,0,0
1120,3296,DD-0650,0,0,0,0,0,0,0,1,1,15,0,0
1121,3296,MT-2400,0,0,0,0,4,1,3,0,0,0,0,0
1122,3296,LM-1000,0,0,0,0,5,3,8,1,1,7,0,0
1123,3296,BB-3350,0,0,0,0,1,1,5,0,0,0,0,0
1124,3296,MV-0300,5,2,17,0,1,1,4,0,0,0,0,0
1125,3296,BC-0700,0,0,0,0,0,0,0,1,0,0,0,0
1126,3296,DJ-0200,0,0,0,0,0,0,0,1,0,0,0,0
1127,3296,LP-0600,0,0,0,0,0,0,0,2,0,0,0,0
1128,3296,JJ-4700,0,0,0,0,0,0,0,0,0,0,0,5
1129,3296,JM-0200,0,0,0,0,0,0,0,1,1,10,0,0
1130,3296,JA-2900,0,0,0,0,0,0,0,1,0,0,0,0
1131,3297,RB-4900,0,0,0,0,1,0,1,0,0,0,0,0
1132,3297,RT-0150,1,0,0,0,0,0,0,0,0,0,0,0
1133,3297,BH-0800,0,0,0,0,0,0,0,2,1,17,0,0
1134,3297,MM-4700,4,3,24,0,0,0,0,0,0,0,0,0
1135,3297,DT-0600,0,0,0,0,3,1,5,1,1,3,0,0
1136,3297,AF-0200,0,0,0,0,0,0,0,2,1,4,0,0
1137,3297,MS-0100,10,1,5,1,0,0,0,0,0,0,0,0
1138,3297,SH-1150,0,0,0,0,0,0,0,3,0,0,0,0
1139,3297,SG-1300,0,0,0,0,2,0,-1,1,0,0,0,0
1140,3297,DK-0400,0,0,0,0,0,0,0,2,0,0,0,0
1141,3297,CS-0600,0,0,0,0,0,0,0,1,1,5,0,0
1142,3297,EG-0100,0,0,0,0,0,0,0,1,0,0,0,0
1143,3297,LH-1500,0,0,0,0,0,0,0,1,0,0,0,0
1144,3297,JK-1000,0,0,0,0,0,0,0,1,0,0,0,0
1145,3298,ML-2500,0,0,0,0,2,1,3,0,0,0,0,0
1146,3298,RW-3850,4,3,30,0,0,0,0,0,0,0,0,0
1147,3298,GT-0100,0,0,0,0,0,0,0,1,1,5,0,0
1148,3298,ML-1300,0,0,0,0,1,0,3,0,0,0,0,0
1149,3298,MS-4100,9,5,35,0,2,1,1,0,0,0,0,0
1150,3298,RB-4150,0,0,0,0,0,0,0,1,1,6,0,0
1151,3298,RT-1950,0,0,0,0,1,1,6,0,0,0,0,0
1152,3298,EM-1600,0,0,0,0,0,0,0,1,0,0,0,0
1153,3298,SR-0500,0,0,0,0,0,0,0,1,1,9,0,0
1154,3298,JB-2700,0,0,0,0,2,0,6,2,2,19,0,0
1155,3298,BP-0600,0,0,0,0,0,0,0,2,1,9,0,0
1156,3298,KS-1700,0,0,0,0,1,1,1,0,0,0,0,0
1157,3298,ZM-0200,0,0,0,0,0,0,0,1,1,16,0,0
1158,3298,TS-0700,0,0,0,0,0,0,0,2,0,0,0,0
1159,3298,CJ-1100,0,0,0,0,0,0,0,1,0,0,0,0
1160,3298,TY-0300,0,0,0,0,0,0,0,1,1,1,0,0
1161,3299,AR-1300,6,5,14,0,1,0,-1,0,0,0,0,0
1162,3299,RC-1500,0,0,0,0,0,0,0,3,3,8,0,0
1163,3299,BG-0100,9,4,11,0,1,0,0,0,0,0,0,0
1164,3299,MS-3900,0,0,0,0,0,0,0,2,1,7,0,0
1165,3299,RJ-0800,0,0,0,0,2,1,8,1,1,-2,0,0
1166,3299,ML-1500,0,0,0,0,0,0,0,3,1,5,0,0
1167,3299,MT-0900,0,0,0,0,0,0,0,1,0,0,0,0
1168,3299,GW-0700,0,0,0,0,0,0,0,1,1,1,0,0
1169,3299,JB-3650,0,0,0,0,0,0,0,1,0,0,0,0
1170,3299,AG-1700,0,0,0,0,3,1,6,1,1,2,0,0
1171,3299,JJ-4200,0,0,0,0,0,0,0,1,0,0,0,0
1172,3299,DD-2600,0,0,0,0,0,0,0,1,1,4,0,0
1173,3300,SR-0700,0,0,0,0,4,1,-4,0,0,0,0,0
1174,3300,TB-2300,13,7,71,0,1,1,3,0,0,0,0,0
1175,3300,BL-1200,0,0,0,0,0,0,0,4,2,28,0,0
1176,3300,RG-2200,0,0,0,0,0,0,0,5,2,21,0,0
1177,3300,DW-4300,0,0,0,0,2,0,3,2,1,2,0,0
1178,3300,SV-0200,0,0,0,0,1,1,1,0,0,0,0,0
1179,3300,WW-0200,0,0,0,0,0,0,0,2,2,20,0,0
1180,3300,DF-0500,0,0,0,0,0,0,0,0,0,0,0,5
1181,3300,KC-1400,1,0,0,1,0,0,0,0,0,0,0,0
1182,3300,BQ-1500,0,0,0,0,0,0,0,1,0,0,0,0
1183,3301,BR-1100,10,7,35,0,0,0,0,0,0,0,0,0
1184,3301,MW-0500,0,0,0,0,0,0,0,4,3,24,0,0
1185,3301,JD-3400,0,0,0,0,4,2,6,0,0,0,0,0
1186,3301,HM-0200,0,0,0,0,0,0,0,3,2,9,0,0
1187,3301,LP-0700,0,0,0,0,0,0,0,1,1,1,0,0
1188,3301,RG-1850,7,3,0,0,1,0,3,0,0,0,0,0
1189,3301,DB-4100,0,0,0,0,0,0,0,1,0,0,0,0
1190,3301,AM-2850,0,0,0,0,3,1,8,0,0,0,0,0
1191,3301,JM-6300,0,0,0,0,0,0,0,2,1,5,0,0
1192,3301,LP-0200,0,0,0,0,0,0,0,1,1,-7,0,5
1193,3301,SM-3600,0,0,0,0,0,0,0,2,1,2,0,0
1194,3301,CR-0250,0,0,0,0,0,0,0,1,0,0,0,0
1195,3301,WJ-0300,0,0,0,0,0,0,0,1,1,1,0,0
1196,3301,LH-0600,0,0,0,0,0,0,0,1,0,0,0,0
1197,3301,BB-1300,0,0,0,0,1,0,-1,0,0,0,0,0
1198,3302,JH-1400,0,0,0,0,1,0,-1,0,0,0,0,0
1199,3302,VB-0050,0,0,0,0,3,2,11,1,1,16,0,0
1200,3302,AL-1100,6,2,25,0,1,0,2,0,0,0,0,0
1201,3302,RW-1100,0,0,0,0,0,0,0,1,0,0,0,0
1202,3302,DA-2100,0,0,0,0,0,0,0,2,0,0,0,0
1203,3302,CJ-1700,0,0,0,0,1,0,2,0,0,0,0,0
1204,3302,MH-1600,0,0,0,0,1,0,-4,0,0,0,0,0
1205,3302,DB-4800,0,0,0,0,0,0,0,1,0,0,0,0
1206,3302,LB-0850,0,0,0,0,0,0,0,1,1,9,0,0
1207,3302,DC-1100,0,0,0,0,2,2,8,0,0,0,0,0
1208,3303,DM-1600,0,0,0,0,5,2,8,0,0,0,0,0
1209,3303,CP-0500,8,2,16,0,1,0,-1,0,0,0,0,0
1210,3303,DM-3100,0,0,0,0,0,0,0,4,2,16,0,0
1211,3303,DH-0300,0,0,0,0,0,0,0,1,0,0,0,0
1212,3303,JC-2300,0,0,0,0,2,1,4,0,0,0,0,0
1213,3303,MC-0700,2,1,10,0,1,0,1,0,0,0,0,0
1214,3303,TM-3000,0,0,0,0,0,0,0,1,0,0,0,0
1215,3303,PH-0500,0,0,0,0,1,0,3,0,0,0,0,0
1216,3303,JC-5660,0,0,0,0,0,0,0,1,0,0,0,0
1217,3303,RS-3250,0,0,0,0,0,0,0,2,0,0,0,0
1218,3303,MG-1000,0,0,0,0,1,0,-2,0,0,0,0,0
1219,3303,DM-1200,0,0,0,0,0,0,0,1,1,10,0,0
1220,3304,AB-2600,0,0,0,0,5,2,20,0,0,0,0,0
1221,3304,AB-3400,0,0,0,0,1,1,1,0,0,0,0,0
1222,3304,EM-0200,1,0,0,0,0,0,0,0,0,0,0,0
1223,3304,MB-1800,0,0,0,0,0,0,0,1,0,0,0,0
1224,3304,TR-0800,10,4,35,1,1,1,1,0,0,0,0,0
1225,3304,MA-1400,0,0,0,0,0,0,0,2,1,15,0,0
1226,3304,FJ-0300,0,0,0,0,4,2,8,0,0,0,0,0
1227,3304,JW-6000,0,0,0,0,0,0,0,4,2,19,0,0
1228,3304,PT-0100,0,0,0,0,2,0,0,0,0,0,0,0
1229,3304,JH-0860,0,0,0,0,0,0,0,1,0,0,0,0
1230,3304,JP-2800,0,0,0,0,0,0,0,1,1,1,0,0
1231,3304,KO-0300,0,0,0,0,0,0,0,1,0,0,0,0
1232,3305,PM-0200,9,7,39,0,0,0,0,0,0,0,0,0
1233,3305,WM-0300,0,0,0,0,5,4,12,1,1,14,0,0
1234,3305,RH-2350,0,0,0,0,3,1,9,1,1,-4,0,0
1235,3305,ED-0200,0,0,0,0,0,0,0,2,2,15,0,0
1236,3305,DT-0900,0,0,0,0,0,0,0,3,2,12,0,0
1237,3305,BS-4100,0,0,0,0,0,0,0,1,1,2,0,0
1238,3305,JD-2700,0,0,0,0,0,0,0,1,0,0,0,0
1239,3305,DB-3800,1,1,18,0,0,0,0,0,0,0,0,0
1240,3305,JG-2900,0,0,0,0,0,0,0,1,1,18,0,0
1241,3306,FG-0200,0,0,0,0,1,0,-3,0,0,0,0,0
1242,3306,KH-2900,0,0,0,0,1,1,7,0,0,0,0,0
1243,3306,AS-1600,3,3,19,0,0,0,0,0,0,0,0,0
1244,3306,MC-2900,0,0,0,0,0,0,0,2,2,12,0,0
1245,3306,MM-0700,0,0,0,0,0,0,0,1,1,7,0,0
1246,3306,JS-3700,6,2,13,0,1,0,1,0,0,0,0,0
1247,3306,LF-0200,0,0,0,0,0,0,0,2,1,6,0,0
1248,3306,AS-0900,0,0,0,0,0,0,0,1,1,7,0,0
1249,3306,ED-0700,0,0,0,0,0,0,0,1,0,0,0,0
1250,3306,MF-0950,0,0,0,0,0,0,0,1,0,0,0,0
1251,3306,LS-1700,0,0,0,0,0,0,0,1,0,0,0,0
