TID,GID,TNAME,PTS,1QP,2QP,3QP,4QP,RFD,PFD,IFD,RY,RA,PY,PA,PC,SK,INT,FUM,PU,GPY,PR,PRY,KR,KRY,IR,IRY,PEN,TOP,TD,TDR,TDP,TDT,FGM,FGAT,FGY,RZA,RZC,BRY,BPY,SRP,S1RP,S2RP,S3RP,SPP,S1PP,S2PP,S3PP,LEA,LEY,LTA,LTY,LGA,LGY,MDA,MDY,RGA,RGY,RTA,RTY,REA,REY,R1A,R1Y,R2A,R2Y,R3A,R3Y,QBA,QBY,SLA,SLY,SMA,SMY,SRA,SRY,DLA,DLY,DMA,DMY,DRA,DRY,WR1A,WR1Y,WR3A,WR3Y,TEA,TEY,RBA,RBY,SGA,SGY,P1A,P1Y,P2A,P2Y,P3A,P3Y,SPC,MPC,LPC,Q1RA,Q1RY,Q1PA,Q1PY,LCRA,LCRY,LCPA,LCPY,RZRA,RZRY,RZPA,RZPY,SKY,LBS,DBS,SFPY,DRV,NPY,TB,I20,RTD,LNR,LNP,LBR,LBP,DBR,DBP,NHA,S3A,S3C,L3A,L3C,STF,DP,FSP,OHP,PBEP,DLP,DSP,DMP,PFN
1,3189,DAL,24,0,7,10,7,5,12,1,146,23,290,29,22,2,1,0,2,108,3,3,3,61,0,0,86,34,3,0,3,0,1,1,33,3,2,63,132,14,5,7,2,19,8,8,3,2,6,5,40,6,16,4,26,0,0,4,13,2,39,12,47,8,87,3,6,2,17,10,71,8,50,6,54,2,34,0,0,3,98,9,158,11,114,5,26,4,9,15,118,11,102,12,105,8,83,3,13,6,4,10,6,24,7,44,5,91,2,13,4,6,17,0,0,209,9,103,0,1,0,6.5,1.5,7.5,7,9,9.5,0,4,3,6,1,3,0,5,3,3,1,1,1,0
2,3189,NYG,17,0,3,7,7,3,11,1,82,19,187,32,21,3,0,1,4,201,1,5,5,100,1,51,33,26,2,1,1,0,1,1,22,3,2,43,65,6,3,1,2,15,6,5,4,3,9,6,23,2,2,1,5,2,38,3,5,2,0,11,30,5,10,3,42,0,0,4,24,9,50,13,74,4,65,1,0,1,0,17,96,5,55,7,46,3,16,26,171,11,46,13,57,11,84,5,14,2,7,19,9,72,1,0,3,1,4,11,3,14,26,2,0,261,9,178,1,1,0,6.5,0.5,10.5,10.5,1,9,5,4,4,5,0,6,0,1,0,0,1,0,0,2
3,3190,IND,21,7,7,0,7,4,16,2,63,15,293,45,23,3,3,2,5,257,2,12,4,73,1,4,19,24.5,3,1,1,1,0,1,0,4,2,49,158,6,3,2,1,22,10,9,3,3,1,2,21,4,19,0,0,2,4,2,11,2,7,9,42,5,18,1,3,2,9,14,69,9,47,12,60,5,87,2,46,3,0,8,37,23,171,10,82,4,19,32,163,22,145,15,106,11,42,3,11,9,5,1,7,26,0,0,0,0,2,25,7,18,16,0,0,347,12,214,1,2,0,8,0,2,5,4,17,3,2,1,5,1,5,7,0,0,0,0,5,0,0
4,3190,CHI,41,7,17,10,7,8,15,3,118,29,314,35,21,2,1,0,5,208,1,23,2,49,3,63,48,35.5,5,3,2,0,2,2,61,6,4,67,196,12,5,6,1,16,7,6,3,3,25,5,12,9,26,0,0,2,8,8,24,2,23,16,31,10,71,3,16,0,0,10,50,4,30,8,78,6,55,4,91,3,29,17,146,9,130,2,17,7,40,18,166,16,104,13,167,8,43,3,7,11,8,57,13,9,0,0,0,0,7,25,4,11,19,2,0,433,15,176,1,0,0,2,0,14.5,2,9.5,17,3,1,1,9,2,9,0,1,3,0,1,2,0,0
5,3191,PHI,17,0,10,0,7,10,14,1,153,27,306,56,29,2,4,1,6,330,1,6,3,64,4,13,110,36,2,0,2,0,1,2,42,2,2,87,109,17,8,6,3,20,9,5,6,2,3,7,51,1,-5,2,11,7,40,7,44,1,5,14,72,9,48,4,29,0,0,25,102,8,27,11,43,4,64,3,46,5,35,25,173,8,37,14,81,9,26,40,251,25,116,18,115,15,75,8,14,7,7,39,12,96,11,67,16,62,1,-1,5,39,11,1,1,365,16,252,0,1,0,8.5,2.5,8.5,6.5,9,17,5,4,4,13,4,5,0,1,7,0,2,1,2,1
6,3191,CLE,16,3,0,3,10,3,7,2,99,22,111,35,12,2,4,0,7,308,6,78,4,98,4,88,35,24,1,0,0,1,3,3,107,2,0,60,44,7,3,4,0,10,2,6,2,2,60,2,0,10,29,2,-3,5,8,1,2,0,0,12,36,9,61,1,-1,2,22,7,44,3,12,18,62,1,0,0,0,6,0,16,73,6,12,4,8,9,25,18,79,13,-5,12,86,12,23,4,6,2,3,4,5,26,3,5,6,20,2,2,4,6,7,0,0,559,15,282,1,3,0,10.5,0,6.5,4,4,8,0,3,1,6,0,6,7,0,0,0,1,2,2,0
7,3192,ATL,40,10,10,14,6,4,17,0,84,23,292,31,23,1,0,0,1,52,0,0,3,112,2,5,12,28,4,1,3,0,4,4,126,7,4,22,107,9,7,1,1,21,6,11,4,1,1,2,1,0,0,12,49,3,11,2,9,3,13,14,66,6,13,3,5,3,25,8,86,4,39,15,117,4,57,0,0,0,0,17,195,4,32,7,59,3,13,15,135,12,85,13,147,7,60,2,12,9,6,18,9,75,0,0,0,0,6,22,10,41,7,1,0,400,9,38,0,0,0,8.5,1,11,5,2.5,13,12,3,2,3,2,5,0,1,1,0,0,0,1,0
8,3192,KC,24,3,14,0,7,9,13,0,153,32,241,33,21,3,2,1,1,47,1,14,5,95,0,0,25,32,3,2,1,0,1,2,39,2,2,84,111,16,7,6,3,15,2,5,8,6,22,1,2,1,1,16,52,1,11,4,15,3,44,18,84,11,55,3,8,3,21,12,51,8,75,7,42,0,0,2,43,4,47,14,112,6,53,8,73,5,20,32,252,10,26,13,89,13,126,4,9,8,6,14,7,59,0,0,0,0,5,23,3,11,17,1,0,210,10,47,0,1,0,8,0,9.5,7.5,12.5,12.5,28,5,4,8,5,7,0,0,0,0,0,0,2,1
9,3193,BUF,28,0,7,7,14,6,13,1,196,25,195,32,18,0,3,1,2,81,1,27,3,71,1,0,34,28.5,4,1,3,0,0,0,0,2,2,119,80,13,8,5,0,15,2,6,7,4,5,4,53,2,9,8,71,2,11,3,10,2,12,15,95,10,76,0,0,0,0,11,28,3,52,12,64,1,30,2,21,3,0,22,127,0,0,7,43,3,25,34,285,11,54,11,46,10,95,3,12,3,5,15,6,24,0,0,0,0,3,4,2,11,0,0,0,290,12,13,0,0,0,4.5,0,12,2,7.5,13,1,1,1,5,2,4,0,3,2,1,0,1,0,0
10,3193,NYJ,48,7,20,14,7,5,15,1,118,36,266,26,19,0,1,0,2,103,1,68,1,24,3,46,34,31.5,6,1,3,1,2,2,64,5,3,26,106,14,7,4,3,18,4,7,7,6,10,5,12,1,3,13,41,3,13,7,36,1,3,20,59,12,39,4,20,0,0,6,38,4,61,11,86,3,60,1,0,1,21,14,157,5,53,5,40,2,16,21,133,6,58,10,118,10,90,2,9,8,10,36,9,67,0,0,0,0,9,33,3,34,0,0,0,316,9,76,0,1,1,8.5,0,17,3,7.5,11,2,3,3,8,4,8,7,1,1,2,0,0,2,0
11,3194,STL,23,3,10,0,10,4,10,0,78,25,173,25,17,4,0,0,5,241,1,6,1,25,3,107,65,30,2,0,1,1,3,3,123,1,0,11,23,9,5,3,1,14,4,7,3,5,24,8,23,0,0,5,14,0,0,5,5,2,12,15,44,8,18,2,16,1,3,4,28,7,79,9,64,2,23,0,0,3,0,14,121,4,16,3,26,4,31,20,125,8,42,11,77,10,50,2,10,5,4,9,5,52,11,25,11,91,1,1,2,-1,25,0,0,284,11,188,0,1,0,9.5,0,11.5,6.5,4,8.5,0,1,1,7,1,5,7,1,2,0,2,0,1,0
12,3194,DET,27,0,10,3,14,5,23,0,83,18,346,47,32,1,3,0,3,121,5,53,2,19,0,0,27,30,3,2,1,0,2,2,86,5,3,43,156,9,8,1,0,28,12,12,4,2,17,9,40,0,0,2,3,0,0,3,16,2,7,14,78,4,5,0,0,0,0,12,73,7,63,16,85,1,0,7,134,4,0,18,194,0,0,20,126,8,32,47,334,21,183,18,111,9,52,11,13,8,6,35,11,58,2,18,14,142,4,8,7,33,9,0,0,332,11,115,0,2,0,3,0,7,7,6,24,12,0,0,5,1,4,0,0,1,1,0,0,1,0
13,3195,WAS,40,10,10,10,10,7,13,2,154,42,306,26,19,2,0,0,4,139,4,34,2,49,2,50,127,39,4,2,2,0,4,4,160,5,3,63,234,15,6,7,2,15,6,6,3,9,48,3,7,6,19,0,0,8,14,6,16,10,50,18,41,16,85,8,28,8,43,11,97,3,35,7,47,3,87,0,0,2,26,11,149,7,58,5,60,3,25,40,271,12,124,8,107,8,47,5,7,7,9,31,8,90,7,18,3,26,5,17,5,1,14,0.5,1,414,13,105,1,0,0,20.5,0,12,3.5,7.5,13.5,0,4,2,6,1,9,0,1,4,2,0,3,2,1
14,3195,NO,32,7,7,3,15,2,17,5,32,10,326,51,24,2,2,1,5,278,2,14,3,103,0,0,107,21,4,0,3,0,1,1,21,2,1,0,147,5,3,1,1,23,12,7,4,1,1,2,5,4,15,0,0,2,2,1,9,0,0,7,24,2,6,1,2,0,0,16,36,4,43,16,139,3,33,6,46,5,42,23,202,2,0,12,90,12,47,38,272,24,161,17,104,12,61,5,8,11,3,8,10,57,0,0,4,41,0,0,9,44,13,1,1,276,12,244,0,0,0,2,0,4,6,4,12,0,3,2,7,1,2,7,3,4,2,2,1,0,0
15,3196,MIA,10,3,0,7,0,6,7,2,80,18,196,36,20,3,3,1,3,133,2,76,6,155,0,0,78,25.5,1,0,0,0,1,1,39,3,0,34,90,10,5,5,0,15,8,5,2,1,-2,3,19,5,28,6,25,1,10,2,3,0,0,10,50,6,38,2,-5,0,0,17,128,9,15,8,42,1,0,0,0,1,34,9,45,11,53,5,19,11,102,34,167,16,75,12,91,11,30,6,10,4,10,46,6,36,0,0,0,0,1,-7,9,14,23,0,0,367,12,119,0,2,1,3.5,0,6,5,7.5,15,0,4,1,6,1,2,0,1,4,0,0,1,1,0
16,3196,HOU,30,0,24,3,3,3,15,1,86,32,254,31,20,2,0,0,5,218,1,14,3,47,3,40,35,34.5,3,2,1,0,3,4,94,6,3,26,129,13,8,5,0,18,5,6,7,6,17,6,-1,6,4,2,9,7,40,2,10,3,8,16,52,11,28,5,7,1,2,5,21,12,113,7,50,3,29,1,24,3,29,12,135,3,9,8,87,8,35,8,93,11,61,11,68,11,125,1,12,7,6,26,8,39,0,0,0,0,7,16,4,6,12,0,0,437,13,142,0,1,0,12,0,14,6,4,13,0,6,1,5,1,13,0,1,1,0,1,0,1,0
17,3197,NE,34,7,14,7,6,13,12,0,163,34,228,31,23,1,0,0,4,154,3,27,2,47,1,0,20,31,4,1,2,1,2,2,56,4,2,94,98,19,8,7,4,21,12,7,2,7,43,7,62,3,8,6,18,2,16,4,11,5,5,15,72,14,47,5,44,0,0,15,120,4,23,7,43,3,27,2,23,0,0,13,83,2,7,13,119,3,27,14,55,16,114,9,106,7,8,5,13,5,6,36,5,59,0,0,0,0,11,34,3,7,8,0,0,309,10,134,1,3,0,10.5,1,10,5.5,12.5,10.5,17,3,2,6,2,10,7,0,0,0,1,3,0,0
18,3197,TEN,13,3,0,7,3,1,13,2,20,16,264,43,29,2,1,1,4,209,0,0,4,98,0,0,30,29,1,0,1,0,2,2,52,2,0,0,88,3,1,1,1,21,10,6,5,1,9,3,2,3,9,5,1,0,0,3,-3,1,2,9,4,5,6,2,10,2,11,12,34,9,62,15,69,2,24,3,19,2,64,6,33,18,98,7,69,12,72,39,235,17,104,14,60,14,100,11,12,6,8,14,10,81,0,0,0,0,2,-3,6,13,8,1,0,193,11,182,0,2,0,4,2.5,8.5,9.5,3.5,16,6,3,2,11,4,9,0,0,2,0,0,0,1,0
19,3198,JAC,23,3,6,3,11,7,12,3,114,33,242,39,23,2,0,1,4,214,4,20,3,63,0,0,25,38,2,0,2,0,3,3,92,3,1,42,85,15,6,6,3,19,9,3,7,4,24,3,21,5,21,8,18,4,9,5,23,4,-2,17,52,12,41,4,21,0,0,12,65,4,25,18,86,0,0,2,19,3,65,15,90,8,74,5,52,11,44,31,189,14,107,11,51,16,84,3,15,5,10,34,8,52,6,14,19,109,6,33,3,1,18,1,1,309,12,172,1,1,0,7.5,0,16.5,6.5,6,13.5,0,7,3,8,4,7,0,2,1,1,0,0,0,0
20,3198,MIN,26,0,7,7,9,6,14,0,123,29,266,27,20,2,0,1,5,242,2,22,5,128,0,0,47,27,2,2,0,0,4,4,155,4,2,49,75,16,10,6,0,16,10,4,2,6,19,1,0,4,-3,12,61,2,14,2,10,2,22,16,78,10,46,3,-1,1,1,9,80,4,22,10,80,1,29,0,0,3,59,13,129,3,61,8,67,3,13,14,125,14,151,8,63,7,52,4,5,11,5,13,2,15,10,43,12,116,6,17,4,16,4,0,0,326,12,222,0,1,0,9,1,6.5,4.5,10.5,11.5,0,2,0,6,2,6,0,0,1,0,2,1,1,1
21,3199,CAR,10,0,0,7,3,1,14,1,10,13,291,33,23,3,2,0,6,199,3,28,1,31,0,0,65,22.5,1,0,1,0,1,1,21,1,0,0,200,3,2,1,0,17,11,4,2,1,5,2,-7,1,-3,3,7,1,2,1,4,4,2,8,5,4,5,1,0,5,4,7,16,4,57,12,98,5,40,2,41,3,51,21,234,1,0,7,56,4,13,39,296,16,186,11,77,9,28,8,6,9,3,-5,7,39,1,-2,3,27,2,4,3,11,12,0,1,234,10,199,0,2,0,2,1.5,9,5,2,11.5,0,0,0,7,1,7,0,2,1,0,0,2,1,0
22,3199,TB,16,10,3,0,3,8,8,2,134,32,128,24,16,2,0,0,5,230,1,0,3,55,2,24,35,37.5,1,0,1,0,3,3,96,3,1,50,54,19,13,4,2,10,4,3,3,3,22,8,20,7,17,6,37,3,11,3,11,2,20,19,92,10,30,3,16,3,21,9,45,4,10,9,29,0,0,1,21,1,33,13,59,1,0,5,54,5,25,14,49,7,62,9,43,10,23,7,5,4,8,27,9,85,7,49,6,8,6,13,4,20,10,0,0,319,11,182,1,2,0,14.5,2,10,8,7.5,5,0,4,3,7,1,7,0,2,1,0,0,0,1,0
23,3200,SEA,16,3,0,10,3,5,9,4,115,33,139,34,18,3,1,1,4,185,4,50,3,133,1,0,90,33.5,1,0,1,0,3,4,113,4,1,21,27,10,4,4,2,14,6,5,3,1,4,11,39,0,0,13,38,0,0,3,15,5,11,15,29,12,50,6,28,0,0,10,42,3,17,17,67,2,0,2,27,0,0,18,79,9,20,4,40,3,14,19,69,14,41,12,64,11,34,6,9,3,8,30,5,15,6,21,19,64,5,18,10,11,14,3,0,451,12,148,0,1,0,9,0,18.5,4.5,4.5,12.5,0,2,2,8,2,4,0,3,2,3,1,3,3,0
24,3200,ARI,20,3,7,3,7,2,13,3,44,19,210,36,20,1,1,1,5,238,4,37,1,22,1,16,102,26.5,2,1,1,0,2,2,52,4,2,15,46,5,3,1,1,16,5,9,2,1,2,6,24,0,0,10,14,0,0,2,4,0,0,13,24,4,19,2,1,1,2,12,74,4,37,16,63,1,0,0,0,3,41,20,117,4,37,7,40,5,21,20,136,12,60,17,123,8,27,7,8,5,7,24,7,41,1,3,13,83,6,3,11,43,5,0,0,332,12,188,0,2,0,9,0.5,8.5,3,0.5,14.5,0,2,1,6,1,7,0,1,3,1,2,4,2,0
25,3201,SF,30,3,13,7,7,6,13,3,188,30,191,26,20,4,0,0,5,256,1,20,1,31,1,11,66,33,3,1,2,0,3,3,146,2,2,87,69,19,15,4,0,15,5,8,2,5,37,5,32,1,5,2,11,2,10,6,16,9,77,20,142,7,35,3,11,0,0,7,28,8,89,9,74,1,20,0,0,1,0,9,76,8,76,7,43,2,16,20,105,10,46,14,122,6,23,6,9,5,7,33,6,36,6,41,3,9,2,9,3,20,20,2.5,1.5,304,12,176,0,3,0,4,0,18.5,6.5,6.5,11.5,0,3,0,3,1,3,0,1,1,0,2,2,1,1
26,3201,GB,22,0,7,0,15,2,16,3,45,14,279,44,30,3,1,0,6,289,3,80,3,73,0,0,77,27,3,0,2,0,0,0,0,2,2,0,77,5,2,3,0,25,11,8,6,1,8,1,2,2,4,1,3,3,7,1,4,5,17,10,27,4,18,0,0,5,27,11,62,15,92,11,72,2,28,1,0,2,49,22,179,9,77,11,47,0,0,51,312,17,99,16,80,14,100,8,18,4,7,23,10,23,2,10,9,24,0,0,3,20,24,2,1,217,10,249,1,4,1,3,1,7.5,9,3.5,18,28,4,2,8,3,1,0,3,3,1,0,2,1,0
27,3202,PIT,19,0,10,3,6,2,15,2,75,26,209,39,22,5,1,0,3,142,2,23,1,27,0,0,52,35,2,0,2,0,2,2,56,4,2,11,73,9,5,2,2,18,2,6,10,7,19,3,18,3,4,7,18,3,9,1,0,2,7,13,41,10,24,3,10,2,4,16,74,7,71,6,33,5,44,3,0,1,23,14,111,9,55,7,50,8,29,43,207,12,24,14,77,18,108,7,8,7,6,1,3,18,2,6,6,22,5,13,9,20,36,3.5,0.5,247,9,120,0,1,0,9.5,1,11,4,5.5,15,0,3,3,9,6,6,0,4,2,2,0,1,0,0
28,3202,DEN,31,0,7,7,17,8,11,1,97,24,240,26,19,2,0,1,2,90,2,22,0,0,1,43,49,25,4,1,2,1,1,1,26,4,2,23,91,16,7,7,2,19,9,7,3,0,0,4,8,4,15,8,47,2,5,2,-1,4,24,12,49,9,42,3,7,1,7,7,98,5,10,12,114,1,20,0,0,1,0,14,153,4,40,7,49,1,0,36,283,12,72,10,130,6,27,3,11,5,8,16,9,31,11,56,10,75,5,19,5,27,13,2,0,269,9,67,0,1,0,7,0,11,5.5,4,11.5,0,4,3,5,2,5,6,0,0,3,3,0,2,0
29,3203,CIN,13,0,10,3,0,9,10,1,129,28,193,37,22,4,1,1,4,183,2,19,3,64,0,0,41,32.5,1,1,0,0,2,2,53,3,1,52,27,12,2,4,6,18,11,7,0,1,12,5,12,4,18,7,19,7,53,4,10,0,0,12,43,8,22,8,59,0,0,12,103,9,39,9,38,2,0,3,19,1,17,16,98,11,89,8,30,2,4,27,130,17,109,14,85,10,-1,4,14,4,6,29,8,40,0,0,0,0,4,16,5,10,28,1.5,0,215,11,165,0,1,0,7.5,0,11,9,8.5,13,1,11,6,5,0,2,0,0,0,0,0,2,1,0
30,3203,BAL,44,10,7,17,10,8,15,3,123,22,308,32,23,3,0,0,2,87,2,18,4,88,1,34,50,27.5,5,2,2,1,3,3,125,3,3,63,184,14,11,3,0,16,8,4,4,4,30,1,0,8,50,2,-4,3,16,2,7,2,14,18,88,4,25,0,0,1,7,11,91,5,21,7,64,3,19,6,134,0,0,11,166,2,25,12,95,7,43,17,124,14,173,11,99,10,36,8,6,9,6,20,10,94,0,0,0,0,3,10,6,23,21,1,0,283,10,68,0,1,0,8,0,5,5.5,7,14.5,21,1,1,5,2,4,7,1,1,1,1,0,1,1
31,3204,SD,22,3,7,6,6,1,11,3,33,19,226,33,24,1,0,0,3,163,2,18,4,76,0,0,78,30.5,1,0,1,0,5,5,156,5,1,11,94,4,4,0,0,15,6,4,5,3,2,5,4,2,1,5,12,1,2,1,2,2,11,11,27,7,9,1,-2,0,0,7,13,8,44,13,63,3,42,0,0,2,69,6,66,4,53,9,43,14,69,24,154,11,57,12,59,11,110,10,10,4,3,13,8,60,2,5,0,0,5,9,9,26,5,0,0,387,9,148,0,2,0,7,4,8.5,7.5,2.5,11.5,0,0,0,9,4,10,0,1,0,1,2,2,1,2
32,3204,OAK,14,3,3,0,8,3,15,3,45,20,276,46,32,3,0,1,3,114,1,15,1,6,0,0,35,29.5,1,0,1,0,2,2,70,2,1,11,67,10,4,5,1,20,11,5,4,4,1,3,14,0,0,5,-35,1,5,6,17,1,5,7,-8,10,29,3,-14,0,0,10,53,17,156,13,51,2,21,1,0,3,17,15,71,5,44,6,77,20,106,31,164,22,79,13,97,14,101,12,14,6,8,29,10,65,0,0,0,0,0,0,5,27,21,3,0,165,9,96,0,0,0,5,0,7,11.5,6,19.5,8,2,1,10,3,8,0,0,0,2,2,1,1,0
33,3205,CHI,10,0,0,3,7,3,7,1,94,23,74,27,11,7,4,0,6,281,2,8,2,57,1,20,65,28,1,0,1,0,1,1,45,0,0,12,43,12,6,4,2,7,0,3,4,1,12,4,6,0,0,9,47,2,1,4,15,3,13,11,51,8,21,4,22,1,12,10,64,6,41,2,0,3,0,5,21,1,0,6,24,8,28,8,25,5,49,29,117,10,-34,11,33,13,75,2,6,3,4,25,5,-25,0,0,0,0,0,0,0,0,52,5,0,331,12,245,1,1,0,7,1,9,1.5,7,7.5,1,3,3,10,1,4,0,2,1,2,0,1,2,0
34,3205,GB,23,0,13,0,10,6,11,2,109,25,215,33,23,5,1,1,5,238,2,16,1,21,4,38,54,32,2,0,2,0,3,3,137,3,1,39,120,14,6,6,2,17,8,6,3,2,5,2,14,3,17,8,25,4,13,1,0,5,38,14,50,7,33,4,29,0,0,5,28,10,111,11,60,0,0,3,47,2,0,14,83,3,46,7,59,7,58,29,181,13,77,15,61,10,77,9,5,9,9,39,10,48,0,0,0,0,0,0,2,-16,31,0,0,477,13,210,1,3,0,9.5,2,9.5,6,6,13,16,4,1,8,2,6,0,0,1,1,0,1,1,0
35,3206,CLE,27,3,7,7,10,4,16,1,130,23,309,37,26,2,0,1,4,186,1,9,6,165,1,4,103,27,3,1,2,0,2,2,75,1,0,55,117,11,7,3,1,20,10,4,6,3,19,4,9,1,10,5,18,5,53,3,16,2,5,13,93,8,31,2,6,0,0,5,39,12,143,12,79,1,0,3,43,3,18,14,147,5,9,5,57,12,109,20,167,15,147,11,50,13,112,5,11,10,9,43,9,43,0,0,0,0,0,0,3,4,13,1,0,238,11,96,0,0,0,6.5,0,7,6.5,8.5,17.5,0,4,4,8,0,4,0,2,3,0,3,1,1,1
36,3206,CIN,34,7,10,7,10,3,14,4,81,24,295,31,24,6,1,0,3,126,3,90,4,103,0,0,54,33,4,0,3,0,2,2,76,3,1,19,158,10,7,1,2,18,5,10,3,2,0,7,17,3,26,1,4,5,14,4,15,2,5,15,55,5,13,4,13,2,5,8,94,3,27,12,113,1,22,3,18,4,44,17,124,6,127,5,37,3,30,22,217,11,48,17,126,9,121,4,14,6,5,13,7,19,9,25,9,105,1,1,1,10,23,3,0,293,10,117,0,3,1,11,0,3,4.5,9,15.5,0,3,2,10,3,4,0,2,3,0,1,0,1,0
37,3207,KC,17,0,0,3,14,8,15,2,150,24,272,41,23,5,1,2,7,313,4,61,2,40,0,0,33,30.5,2,0,2,0,1,1,33,3,1,99,137,12,5,4,3,18,11,5,2,0,0,3,3,4,22,9,57,6,48,2,22,0,0,13,50,8,61,3,41,0,0,9,47,10,79,8,61,6,52,4,29,4,33,16,102,11,94,5,38,9,67,32,289,20,160,15,70,11,44,4,12,7,5,4,7,35,0,0,0,0,2,2,4,5,29,1,0,369,13,195,1,2,0,7,0,7,3.5,10,16.5,9,1,1,11,3,5,0,1,1,2,0,0,1,1
38,3207,BUF,35,7,14,14,0,9,6,0,203,34,178,19,10,0,0,0,7,349,3,98,1,5,1,0,50,29.5,5,2,2,0,0,0,0,3,3,95,119,19,7,9,3,8,3,3,2,1,-8,3,8,3,20,16,104,4,13,5,36,2,15,15,22,13,124,6,42,3,35,8,44,2,18,8,100,0,0,0,0,1,16,8,55,2,23,5,53,4,47,25,204,6,87,7,36,6,55,2,3,5,10,72,5,35,0,0,0,0,4,21,3,10,0,0,0,269,12,268,1,1,1,8,0,13,2,11,5,0,1,0,5,1,7,0,0,3,1,0,1,1,1
39,3208,MIN,20,3,3,0,14,4,14,1,96,25,232,35,27,4,0,1,4,192,5,51,4,111,0,0,105,30.5,2,0,2,0,2,2,80,3,2,20,40,11,7,3,1,21,7,7,7,4,36,0,0,0,0,16,58,1,5,0,0,4,-3,13,47,10,44,2,5,2,8,8,70,6,42,18,114,1,19,0,0,2,0,13,104,11,69,5,35,6,37,27,145,13,82,12,70,14,80,8,13,6,8,45,5,37,0,0,11,76,4,1,6,23,13,4,0,345,11,181,0,2,0,7,0,11.5,7,6.5,16,4,3,3,10,4,4,0,0,3,1,3,0,3,1
40,3208,IND,23,7,10,3,3,5,10,2,84,30,194,29,20,2,0,0,5,268,1,11,1,19,0,0,51,29.5,2,0,2,0,3,3,124,3,1,15,111,10,4,4,2,15,5,5,5,9,51,3,3,1,-2,14,23,0,0,1,2,2,7,14,29,10,42,6,13,4,21,8,35,3,16,12,62,2,20,1,30,3,61,17,182,4,15,5,19,3,8,32,171,10,64,11,96,10,34,7,8,5,7,22,6,68,2,0,6,36,4,2,4,4,30,1,0,235,10,217,0,0,0,8,0.5,12,3.5,10,14,1,2,1,5,1,14,0,2,3,1,0,1,1,0
41,3209,BAL,23,7,10,0,6,5,9,3,111,21,214,42,22,2,1,1,5,251,3,34,3,100,2,9,45,25.5,2,1,1,0,3,3,155,2,1,59,121,9,5,4,0,16,7,5,4,2,-6,3,9,1,2,7,71,1,3,5,23,2,6,10,72,10,33,1,3,0,0,19,44,3,8,11,96,3,0,1,0,5,84,11,79,1,6,19,88,11,59,33,119,18,99,11,43,15,72,7,10,5,4,20,5,33,8,2,14,63,3,10,3,-6,18,1,0,413,14,221,1,2,0,8,0,6,6.5,5,12.5,6,6,0,7,3,4,0,0,2,1,0,0,5,0
42,3209,PHI,24,7,0,10,7,7,17,2,131,39,357,32,23,2,2,2,5,196,3,10,3,49,1,0,58,34.5,3,2,1,0,1,1,23,5,2,31,192,18,11,5,2,18,9,3,6,9,22,1,-2,1,1,11,1,0,0,0,0,17,99,23,75,11,49,5,-3,8,26,10,106,4,20,6,77,2,44,2,0,5,124,9,137,3,46,13,176,4,12,33,205,12,160,11,97,11,100,5,5,13,10,16,9,92,7,21,8,87,11,23,3,0,14,1,1,450,14,162,0,0,0,7,0,17,8,8,13,9,5,3,8,3,10,0,1,3,0,0,3,3,0
43,3210,TB,34,3,21,3,7,4,10,0,79,22,228,28,15,2,2,0,6,252,2,16,8,198,3,100,33,26.5,4,1,2,1,2,2,97,1,1,12,153,10,6,4,0,12,7,3,2,3,20,2,3,3,6,7,29,2,7,1,3,4,11,12,45,8,29,2,5,0,0,6,11,6,44,5,19,6,106,1,0,4,63,15,187,3,14,5,33,5,9,20,157,12,154,10,26,8,48,2,6,7,4,20,8,71,6,12,11,117,2,13,0,0,15,1,0,436,13,229,0,3,0,12,0,2.5,4.5,6.5,8.5,2,1,0,9,2,4,7,1,0,0,1,3,1,0
44,3210,NYG,41,6,7,3,25,6,21,4,96,23,510,51,31,0,3,0,2,79,2,23,4,99,2,6,53,33.5,4,1,3,0,4,4,121,5,1,57,290,11,8,2,1,28,14,10,4,3,10,1,3,6,16,8,53,2,7,1,-1,2,4,16,76,6,14,1,2,0,0,15,85,15,141,9,57,2,0,2,0,8,207,32,358,3,36,10,72,5,24,44,428,22,245,17,143,12,102,6,15,10,6,21,10,96,2,11,9,209,7,7,11,26,0,0,0,406,15,63,0,1,0,4,0,10.5,10,7.5,18,0,4,3,8,2,7,0,4,2,0,1,0,0,1
45,3211,HOU,27,10,7,7,3,16,11,1,218,46,195,35,26,0,0,0,6,299,6,77,2,58,0,0,64,43.5,3,3,0,0,2,2,68,6,3,96,0,28,12,10,6,18,7,8,3,10,57,0,0,0,0,24,94,4,36,0,0,8,32,24,124,12,45,10,50,0,0,10,57,16,86,7,52,1,0,0,0,1,0,8,55,2,0,10,62,15,78,13,67,12,67,15,78,8,50,9,14,3,10,54,11,61,0,0,0,0,14,37,2,0,0,0,0,338,12,227,2,1,0,17,3,13.5,11,12.5,12,3,10,7,5,0,9,0,2,0,1,3,1,0,3
46,3211,JAC,7,0,0,7,0,3,4,2,65,14,52,21,9,3,0,1,9,470,3,32,3,79,0,0,71,16.5,1,0,1,0,0,0,0,1,1,43,32,5,3,2,0,5,5,0,0,0,0,0,0,0,0,12,49,0,0,0,0,2,14,8,38,5,20,1,5,2,3,5,32,5,3,6,9,3,0,1,32,1,0,10,49,5,12,2,4,4,11,14,32,11,57,5,-5,8,0,5,3,1,6,35,4,8,0,0,0,0,0,0,1,5,24,1,0,313,12,393,0,3,0,7.5,0,1.5,2,3,6,0,0,0,6,0,3,0,3,1,1,1,1,1,0
47,3212,NO,27,10,3,0,14,8,19,0,164,26,323,49,31,1,2,0,3,148,2,30,3,54,0,0,23,30.5,3,2,1,0,2,2,75,4,3,105,78,14,10,3,1,27,8,13,6,1,11,3,16,2,4,16,108,2,10,1,4,1,3,21,112,4,42,1,2,1,1,16,89,11,64,15,126,3,46,1,0,1,0,9,79,4,14,14,71,20,161,37,246,14,69,23,162,13,92,8,17,6,10,57,12,97,0,0,2,9,6,29,7,22,2,0,0,254,12,114,1,1,0,6.5,3.5,7.5,7,10,17.5,6,3,2,3,2,1,0,0,0,1,0,1,0,0
48,3212,CAR,35,7,14,7,7,12,10,1,220,40,244,20,14,1,0,1,5,229,1,14,3,72,2,11,34,29.5,5,3,1,1,0,0,0,5,4,118,168,21,13,5,3,11,5,3,3,7,42,2,6,5,15,16,49,1,4,1,8,8,93,22,155,10,40,8,22,12,69,6,54,0,0,6,32,4,81,0,0,3,80,12,188,1,6,3,13,3,40,49,392,8,130,8,34,5,74,3,4,7,6,62,3,21,7,14,2,66,12,34,3,24,9,0,0,308,11,179,1,2,0,12,0,11,3,13,7,5,5,2,5,2,6,7,0,1,1,1,0,1,0
49,3213,ARI,20,6,0,7,7,8,7,1,106,32,140,27,15,1,0,2,6,280,1,3,2,50,1,0,39,28.5,2,1,1,0,2,2,85,2,2,40,52,15,8,6,1,10,4,3,3,2,12,5,0,1,7,14,44,2,12,2,2,6,33,20,52,9,54,3,4,0,0,5,12,10,70,8,58,0,0,0,0,3,0,6,6,4,21,10,69,6,44,23,115,5,47,12,58,11,35,5,8,2,8,35,10,35,8,21,3,7,3,9,4,9,0,0,0,398,13,255,0,2,0,14,0.5,9.5,7.5,5.5,6,7,3,2,8,2,8,0,1,3,0,1,0,0,0
50,3213,NE,18,3,3,3,9,8,17,0,90,28,297,45,28,4,1,0,6,172,2,25,2,46,0,0,60,31.5,1,0,1,0,4,5,184,3,1,42,83,12,5,5,2,26,15,8,3,3,16,0,0,6,11,7,28,4,14,3,7,4,4,12,53,9,30,6,-3,1,-1,18,130,11,101,8,24,3,25,3,36,2,0,19,110,11,95,10,75,5,36,45,244,25,179,15,71,9,47,7,15,6,7,30,6,33,1,-1,13,94,2,3,5,21,19,2,0,380,13,149,1,2,0,11,0,9.5,11.5,5.5,10.5,19,4,1,9,3,9,0,3,1,1,1,0,2,1
51,3214,WAS,28,14,7,7,0,9,7,2,176,29,197,29,20,1,1,0,6,240,1,-3,4,53,1,0,96,28.5,4,2,1,1,0,1,0,2,2,106,96,16,8,7,1,9,5,1,3,6,26,7,44,0,0,4,40,0,0,4,8,8,58,14,50,12,96,3,30,11,82,9,56,8,43,8,39,0,0,1,60,1,0,8,90,7,74,8,27,4,7,43,201,12,122,8,20,10,47,8,10,2,10,59,6,21,8,46,13,55,7,27,2,8,9,0,0,230,11,211,0,2,0,7.5,2,10,8,9.5,9,0,1,1,10,2,7,7,3,1,1,2,1,2,0
52,3214,STL,31,3,13,7,8,6,15,2,153,25,301,35,26,2,1,2,3,163,4,29,1,12,1,5,60,31.5,3,0,3,0,3,3,114,6,2,111,115,12,7,5,0,20,6,7,7,3,-2,1,5,1,3,9,44,4,25,5,18,2,49,14,91,9,55,2,-4,1,12,12,61,6,49,13,110,0,0,1,56,3,34,25,252,3,0,4,39,3,19,21,145,16,99,11,112,10,83,6,13,7,3,27,12,52,8,15,4,22,7,19,9,23,9,1,0,424,13,146,1,1,0,2,0,13,3,10,20,8,4,2,6,3,9,0,2,2,1,0,0,3,0
53,3215,DAL,7,0,7,0,0,4,13,0,50,15,247,40,23,1,1,1,6,229,2,2,5,109,0,0,47,25.5,1,0,1,0,0,0,0,0,0,0,94,7,2,4,1,18,8,4,6,2,9,3,9,1,4,4,7,1,2,3,14,1,2,6,14,8,31,1,2,0,0,11,64,8,37,11,86,3,26,3,17,3,22,17,81,1,26,12,74,9,71,28,196,18,106,11,36,12,106,5,10,8,8,29,13,80,0,0,0,0,0,0,0,0,4,0,0,189,10,222,0,3,0,5,1,7.5,3.5,2.5,16.5,4,2,1,9,6,3,0,1,0,1,1,0,3,0
54,3215,SEA,27,10,3,7,7,9,8,3,182,41,133,20,15,2,0,0,4,215,1,7,1,20,1,35,35,34.5,3,1,1,0,2,2,46,3,1,66,42,20,9,8,3,11,3,5,3,2,22,8,19,5,12,11,27,2,4,10,84,3,14,20,74,14,93,7,15,4,28,4,26,4,10,8,55,1,20,2,18,1,22,9,71,1,8,7,48,3,24,12,44,5,29,8,76,9,28,3,9,3,5,12,4,16,0,0,0,0,6,12,5,32,18,2,0,277,9,193,1,2,0,14,0.5,20,6.5,5,6,0,4,3,6,0,5,7,3,0,1,0,0,0,1
55,3216,TEN,10,0,3,7,0,1,7,1,38,10,174,30,15,0,1,0,7,361,3,30,7,177,1,11,59,16.5,1,0,1,0,1,1,23,2,1,20,46,3,2,0,1,11,7,4,0,2,21,0,0,0,0,5,15,0,0,1,1,2,1,6,17,3,1,1,20,2,21,14,73,4,13,5,24,1,0,1,46,4,18,14,69,4,25,7,23,4,57,30,181,11,66,11,99,8,9,5,5,5,3,3,2,0,0,0,0,0,1,4,4,21,0,0,0,288,11,340,1,3,0,2,0,7,3,1,11,0,1,0,6,1,3,0,2,2,0,3,1,1,1
56,3216,SD,38,14,3,7,14,10,16,1,148,39,268,32,24,4,1,0,4,197,1,1,2,74,1,8,41,43.5,5,2,3,0,1,1,26,6,5,70,100,19,10,4,5,19,8,5,6,4,14,4,9,4,16,13,66,2,13,6,16,6,14,20,80,12,28,7,40,1,9,9,105,5,35,11,79,4,22,1,16,2,27,12,109,3,18,9,108,8,49,24,163,13,114,12,68,11,86,5,11,8,9,10,13,91,0,0,0,0,14,34,7,27,16,2,0,309,11,167,0,1,0,10,2,14.5,5.5,12.5,13.5,0,4,4,8,4,9,0,0,4,0,0,0,1,0
57,3217,OAK,13,7,3,0,3,1,15,2,23,14,373,48,24,0,1,0,9,422,5,58,3,54,0,0,42,25.5,1,0,1,0,2,2,52,2,0,0,173,1,0,1,0,21,12,8,1,3,5,1,4,1,0,2,-4,2,5,3,7,2,1,7,-1,6,12,1,7,2,2,12,97,9,58,17,117,4,57,3,0,3,40,16,108,6,29,9,117,17,115,14,111,22,164,15,186,11,19,4,12,8,4,14,6,106,0,0,0,0,1,0,5,6,0,0,0,259,13,317,1,1,0,5,0,5,8.5,3,13.5,3,0,0,8,0,5,0,0,4,0,1,1,0,1
58,3217,MIA,35,7,0,14,14,12,11,1,264,42,189,30,18,1,0,0,7,348,6,85,0,0,1,8,21,34.5,5,4,1,0,0,0,0,3,3,161,67,26,13,7,6,13,5,4,4,3,43,7,51,4,9,15,69,7,25,2,28,4,14,21,117,14,52,7,70,2,15,3,-1,5,17,16,115,1,16,1,21,3,32,18,154,1,0,6,21,4,25,20,104,10,55,10,63,11,71,4,9,5,13,61,8,68,3,8,5,54,4,21,2,14,11,0,0,393,14,290,0,5,0,14,0,11,1,11,10,4,5,5,9,3,6,0,0,0,2,0,1,1,0
59,3218,NYJ,10,7,3,0,0,5,6,5,90,22,129,27,10,2,0,1,6,272,3,6,4,112,0,0,63,23.5,1,0,1,0,1,1,38,2,1,44,67,12,7,3,2,8,5,1,2,1,1,1,4,4,38,8,27,5,8,2,0,1,12,12,56,8,30,2,4,0,0,6,14,5,13,10,44,2,45,3,22,1,0,13,28,5,77,7,33,2,0,20,76,12,98,7,15,10,16,2,6,2,3,3,5,80,0,0,0,0,0,0,2,14,9,1,0,211,10,229,1,1,0,7,0,7,3.5,8,5.5,2,2,2,7,1,4,0,0,2,2,0,1,1,1
60,3218,PIT,27,3,10,7,7,5,13,3,66,28,265,31,24,3,0,0,5,205,2,23,2,45,0,0,107,36.5,3,1,2,0,2,2,90,3,2,23,88,13,9,2,2,21,7,8,6,1,-7,4,17,2,9,8,13,7,15,4,3,2,16,16,50,8,-3,4,19,0,0,10,87,5,32,10,76,1,18,1,25,4,37,15,153,6,39,4,26,6,57,19,141,10,60,13,91,11,114,4,14,6,8,13,9,88,0,0,0,0,6,17,2,7,10,2,0,299,10,199,0,3,0,6.5,1,10.5,7,10,14,0,1,1,8,4,7,0,1,2,2,0,5,1,0
61,3219,DET,19,6,0,3,10,3,10,2,83,25,214,32,19,2,1,0,2,89,1,10,2,64,0,0,67,30.5,1,0,1,0,4,5,167,1,1,11,122,7,4,2,1,15,4,5,6,3,3,2,5,4,16,8,31,3,10,3,13,2,5,16,51,8,28,1,4,1,11,12,65,9,48,6,67,2,24,2,26,1,0,18,116,0,0,8,38,6,76,39,228,8,21,11,59,15,134,7,8,4,7,16,9,19,0,0,0,0,0,0,3,9,16,1,0,265,10,81,0,0,0,7,1,14,4.5,4,12.5,2,2,2,9,4,3,0,1,2,0,1,1,2,1
62,3219,SF,27,7,7,3,10,8,13,3,151,24,201,31,20,3,0,1,3,109,1,8,5,85,1,20,62,29.5,3,1,2,0,2,2,84,2,1,127,44,15,8,7,0,17,8,5,4,5,27,4,4,3,1,9,68,0,0,1,12,2,49,13,59,10,102,1,0,1,20,7,65,7,17,15,123,2,21,0,0,0,0,13,95,1,14,9,80,8,37,17,66,16,75,9,76,9,50,4,11,5,8,62,4,38,6,23,10,76,3,8,1,0,25,0,0,255,9,99,0,2,0,1,0,10,10.5,12,7.5,1,1,0,7,4,6,0,0,2,0,0,2,0,0
63,3220,DEN,21,0,7,0,14,9,12,3,118,27,218,37,24,3,3,1,5,251,3,11,2,47,0,0,96,27.5,3,2,1,0,0,0,0,3,3,69,0,16,8,5,3,19,8,9,2,2,0,2,2,4,9,2,10,6,31,6,8,5,67,15,93,7,25,5,9,0,0,14,81,3,14,13,95,2,33,1,0,4,18,19,131,7,41,6,29,5,40,43,258,17,80,15,124,8,14,7,11,6,9,66,10,45,0,0,0,0,8,26,6,21,23,0,1,294,12,253,0,3,0,5.5,0.5,10,4.5,9.5,18,7,7,3,4,1,7,0,2,5,1,0,2,2,0
64,3220,ATL,27,10,10,7,0,3,15,4,69,26,208,36,24,1,0,0,6,252,1,-2,2,47,3,80,72,32.5,3,1,2,0,2,2,79,4,3,15,41,7,3,2,2,19,8,8,3,5,11,3,4,6,18,2,8,2,2,3,6,5,21,16,28,6,27,4,15,4,22,15,75,6,57,9,51,4,20,0,0,1,16,0,0,21,143,10,70,4,6,22,110,12,77,16,112,9,19,7,10,7,7,12,8,19,4,22,1,6,6,8,6,13,11,1,0,371,12,241,0,3,0,6.5,1.5,8,6,8.5,11.5,4,2,1,7,3,6,0,1,1,0,2,3,1,0
65,3221,NYG,36,10,10,6,10,8,15,1,125,29,280,37,28,2,0,0,2,76,1,6,1,19,3,61,38,36,3,2,1,0,5,5,189,6,3,66,114,13,5,5,3,22,10,8,4,2,8,5,18,9,16,6,28,3,19,3,35,1,1,14,51,10,66,5,8,0,0,16,91,4,15,11,77,3,57,1,29,1,23,18,180,3,4,8,73,8,35,28,139,16,130,14,103,9,47,7,15,6,7,77,12,81,0,0,0,0,12,27,4,19,12,0,0,397,10,76,0,2,0,5,1,12.5,10.5,9.5,15.5,0,5,5,7,0,6,0,0,2,0,0,3,1,0
66,3221,CAR,7,0,0,7,0,4,14,4,60,20,267,33,19,2,3,2,3,125,1,0,6,126,0,0,22,24,1,1,0,0,0,0,0,2,1,16,106,9,4,3,2,19,13,4,2,5,19,1,0,4,22,7,5,2,4,0,0,1,3,9,29,8,21,3,3,7,6,11,143,6,44,10,34,2,23,3,17,1,27,9,113,3,7,14,98,7,70,47,273,19,180,9,52,7,35,2,8,9,7,26,4,23,0,0,0,0,3,9,5,11,21,0.5,0,162,9,99,1,1,0,7.5,0.5,5.5,5,5,13.5,6,2,2,4,2,9,0,1,1,0,1,0,1,0
67,3222,STL,6,0,3,3,0,5,6,1,59,17,101,34,18,6,2,0,6,279,2,20,1,24,1,32,40,26,0,0,0,0,2,2,102,0,0,35,30,6,3,2,1,14,3,9,2,6,27,2,2,2,7,0,0,1,3,3,4,3,16,9,39,5,15,3,5,0,0,11,35,6,14,14,73,2,0,1,30,0,0,22,109,0,0,8,30,4,13,28,114,13,8,16,107,11,-14,8,7,3,4,8,7,-5,0,0,4,19,0,0,0,0,51,1,0,267,11,220,1,1,0,7.5,1,5.5,6,4,11,9,5,1,8,2,5,0,2,0,0,0,1,2,0
68,3222,CHI,23,3,7,0,13,8,10,2,106,31,171,31,17,2,1,0,4,165,3,39,3,85,2,34,45,34,2,1,0,1,3,3,113,3,1,76,34,11,5,4,2,14,7,4,3,4,10,6,34,5,13,0,0,9,23,5,19,2,7,16,40,10,60,5,6,1,21,14,53,6,44,7,52,1,0,0,0,3,34,18,116,6,11,4,27,3,29,18,82,13,93,11,35,9,43,2,13,2,9,41,12,36,4,24,7,37,5,3,3,12,12,0,0,365,11,145,0,2,0,8,0,13,6,9,11,0,4,2,8,3,12,7,3,2,0,2,0,1,0
69,3223,BUF,24,14,0,3,7,6,11,2,142,30,206,35,22,1,0,1,6,252,2,53,1,34,2,41,75,33,3,0,3,0,1,1,37,5,2,43,32,14,8,5,1,17,6,8,3,0,0,4,21,7,59,3,13,12,42,3,0,1,5,18,73,8,43,4,24,0,0,11,95,9,52,9,37,1,17,1,0,1,0,17,103,5,24,4,22,9,59,45,238,10,50,17,113,9,43,4,15,3,7,26,11,124,4,32,6,36,3,5,8,34,2,0,0,455,13,209,0,1,0,9.5,0,10,2.5,9.5,16.5,0,1,1,8,3,2,0,2,3,0,2,2,1,0
70,3223,CLE,14,0,7,7,0,4,11,2,33,13,207,43,27,4,2,0,8,336,3,43,3,85,0,0,57,27,2,1,1,0,0,0,0,1,1,0,68,5,1,4,0,18,9,6,3,0,0,1,3,2,-2,1,-2,6,22,3,12,0,0,5,10,7,23,1,0,0,0,8,42,4,12,22,141,1,22,2,18,4,0,13,71,5,68,15,60,10,38,23,154,22,105,15,50,10,52,10,11,6,4,-1,5,14,0,0,2,-11,1,6,3,8,30,0,0,321,12,283,0,3,0,2,1,7.5,10,2.5,14,2,2,1,8,2,5,0,2,3,0,0,1,1,0
71,3224,JAC,22,3,0,10,9,10,3,2,185,32,148,21,10,1,0,0,6,321,3,8,1,20,1,22,67,27.5,2,1,1,0,3,3,117,2,0,78,102,21,11,7,3,5,3,1,1,2,5,2,6,1,6,21,126,0,0,1,4,5,19,15,99,13,61,4,6,2,11,7,30,3,8,9,75,0,0,1,22,1,0,6,7,9,92,1,8,5,28,15,107,8,92,5,22,9,14,3,5,2,9,37,7,24,10,27,5,62,1,1,3,-7,7,1,0,289,12,272,1,1,0,8,0.5,18.5,5,3.5,3.5,0,3,3,7,0,7,0,0,2,1,0,2,2,0
72,3224,IND,17,7,7,0,3,6,15,2,124,29,313,44,22,0,1,0,6,280,4,29,5,139,0,0,106,32.5,2,0,2,0,1,2,37,3,1,42,147,15,9,2,4,18,6,6,6,7,46,6,20,0,0,10,20,1,2,2,0,3,36,15,68,8,9,6,47,4,50,9,72,11,73,14,60,4,68,2,0,4,40,24,116,10,119,2,0,8,78,35,286,15,151,16,67,13,95,8,7,7,4,6,5,61,11,52,13,128,1,2,5,24,0,0,0,291,12,252,1,2,0,2.5,0,16,6,8.5,12,1,4,3,10,4,7,0,1,5,1,3,2,1,1
73,3225,TB,10,7,0,0,3,4,5,3,75,25,91,28,10,2,1,1,8,331,3,10,1,15,1,0,69,27,1,0,1,0,1,1,28,2,1,28,52,10,5,2,3,8,4,2,2,1,11,4,24,3,6,10,15,3,9,3,12,1,-2,13,58,7,14,5,3,0,0,10,40,5,10,5,8,6,52,0,0,1,0,14,70,1,7,7,1,5,32,24,90,9,24,9,31,12,36,2,6,2,6,10,6,10,3,9,3,-14,3,6,5,8,19,2,0,345,11,248,2,3,0,7.5,0,14.5,4.5,3,4.5,3,4,3,9,1,6,0,4,1,3,1,0,2,0
74,3225,DAL,16,7,3,0,6,2,12,0,41,20,259,39,25,4,1,2,4,173,3,43,1,18,1,0,105,33,1,1,0,0,3,3,80,5,1,22,70,6,3,2,1,16,5,7,4,3,13,2,2,1,-1,7,13,2,3,3,-2,2,18,12,10,6,25,2,11,1,9,11,55,12,103,7,40,2,0,4,17,2,68,17,169,7,57,6,8,7,50,34,168,13,67,16,137,14,55,9,7,9,7,15,9,33,4,13,8,58,4,23,8,-7,24,0,0,484,13,163,0,1,0,6.5,1,8.5,3,4,21,10,0,0,11,2,9,0,6,3,0,2,2,1,1
75,3226,NYJ,23,0,3,7,10,3,14,4,88,33,300,45,21,1,2,0,6,274,3,45,3,62,1,18,108,35.5,2,0,1,1,3,3,86,5,1,11,104,14,10,3,1,18,5,7,6,4,7,2,15,6,15,6,15,4,10,4,7,7,19,17,54,13,24,3,10,0,0,10,59,7,20,19,165,3,56,1,0,4,0,21,147,7,83,8,37,8,33,21,168,15,54,16,160,15,80,2,12,7,8,23,8,25,14,45,20,132,11,14,5,17,6,0,0,397,13,255,0,4,0,10.5,1,15.5,6,7,12,0,2,2,12,4,12,7,2,1,0,1,3,2,1
76,3226,MIA,20,7,3,7,3,9,9,5,185,43,196,36,16,0,1,1,4,235,3,19,4,92,2,7,65,33.5,2,2,0,0,2,4,62,3,2,50,84,27,12,11,4,11,4,1,6,4,27,5,32,4,25,11,51,4,13,9,25,6,14,19,77,16,88,8,22,3,3,7,42,6,46,16,47,3,20,0,0,4,41,16,127,6,9,10,47,4,13,29,152,13,83,12,10,11,103,4,7,5,8,54,5,21,10,38,20,97,8,26,3,12,0,0,0,232,13,170,1,0,0,16.5,0,14.5,5,10,9,3,7,4,11,5,6,0,1,1,1,0,5,1,3
77,3227,CIN,38,14,10,0,14,8,12,2,94,27,385,28,20,2,1,1,4,165,4,24,3,63,0,0,80,27.5,5,1,4,0,1,1,47,3,2,50,285,10,4,4,2,16,9,6,1,8,25,2,3,2,20,5,13,3,3,2,12,5,18,17,37,5,39,5,18,1,17,4,54,6,51,11,81,0,0,2,119,5,83,11,170,7,129,8,89,2,0,18,256,12,193,13,143,5,36,2,10,8,8,27,9,142,5,19,7,134,5,19,5,12,16,2,0,421,14,166,0,3,0,3,0,15,4,8,12,2,3,2,5,1,5,0,1,3,2,0,1,1,0
78,3227,WAS,31,7,3,14,7,15,13,3,213,34,168,33,21,6,0,1,7,310,1,-1,3,100,1,0,60,32.5,4,2,1,1,1,1,36,5,3,108,52,22,15,5,2,17,10,6,1,11,94,0,0,1,4,9,45,1,4,4,33,8,32,20,141,10,36,4,35,11,85,7,45,12,84,9,40,1,0,3,52,1,0,10,78,7,20,9,90,7,33,53,295,18,76,13,60,8,32,5,13,3,4,25,8,18,6,50,8,25,7,30,3,-3,53,0,0,291,13,266,1,2,0,8.5,1,12,6.5,10.5,11.5,6,0,0,11,2,7,0,1,1,0,0,2,3,0
79,3228,KC,27,3,3,7,11,10,16,1,273,45,237,43,26,3,1,2,5,208,3,40,5,95,1,32,40,42.5,1,1,0,0,6,6,216,4,0,156,20,19,13,4,2,18,5,6,7,10,57,5,15,4,21,1,2,6,21,12,74,7,32,28,181,15,36,2,5,0,0,16,129,5,55,16,64,2,0,2,0,2,0,19,81,8,64,4,22,12,81,30,166,12,70,16,81,18,93,8,15,4,7,35,6,47,22,57,19,86,7,12,6,8,11,0,0,405,15,206,0,4,0,18.5,0,12.5,6.5,13,18.5,0,2,2,11,4,12,2,3,3,0,1,0,0,0
80,3228,NO,24,7,3,14,0,2,12,0,84,18,205,36,20,4,1,0,6,335,1,2,5,107,1,28,45,26,3,0,3,0,1,2,40,4,3,47,97,6,4,1,1,16,6,6,4,3,42,1,3,7,21,0,0,5,5,2,6,0,0,15,31,2,6,1,40,0,0,13,89,3,21,13,43,3,17,1,0,3,70,14,123,4,40,8,16,10,61,27,141,10,87,18,27,12,91,3,12,5,5,43,10,98,3,-1,8,-14,3,9,9,18,35,4,0,390,14,275,1,1,0,5,0,5.5,4,7.5,12,0,1,1,11,4,5,0,1,1,1,0,1,0,0
81,3229,DET,41,6,3,7,25,11,23,2,141,36,442,54,43,1,0,1,4,156,0,0,2,42,0,0,91,40.5,4,1,3,0,4,4,159,6,3,12,142,23,9,14,0,33,20,10,3,4,9,4,26,3,16,17,61,4,15,4,14,0,0,16,68,17,75,3,-2,3,11,16,79,12,80,19,171,1,26,3,74,3,20,24,233,7,75,13,61,10,81,61,461,28,193,17,220,10,29,11,22,10,10,36,8,30,13,58,23,191,7,8,10,47,8,1,0,434,14,83,0,1,0,19,0,9.5,13,6.5,24,26,4,0,6,1,5,0,0,2,1,4,3,2,0
82,3229,TEN,44,10,10,0,21,4,13,4,59,19,378,42,29,0,0,2,1,41,3,73,4,174,0,0,32,28,5,0,2,1,3,5,95,2,0,66,188,6,3,2,1,18,8,6,4,4,17,2,5,2,4,7,22,2,1,1,11,1,-3,12,4,5,33,2,20,4,33,13,87,7,46,16,57,3,92,2,60,1,24,25,197,3,20,11,139,3,10,37,262,17,165,15,121,10,80,11,10,8,4,19,9,77,4,-8,11,119,2,-5,5,8,0,0,0,241,10,41,0,0,2,7,0,6.5,6.5,4.5,17.5,3,1,1,7,2,8,7,1,0,4,0,1,2,0
83,3230,SF,13,0,3,10,0,5,14,0,89,20,191,35,24,3,1,2,3,146,2,24,4,193,0,0,60,26.5,1,0,1,0,2,3,58,3,1,32,42,10,5,5,0,21,12,5,4,9,56,1,2,1,1,3,12,3,6,2,11,1,1,12,46,7,42,1,1,4,26,8,49,7,51,16,62,1,0,0,0,3,42,14,67,8,72,10,54,3,11,24,101,16,112,13,37,9,42,5,16,3,3,20,10,31,0,0,0,0,4,10,3,8,13,2,0,340,10,146,0,1,0,4.5,1.5,6.5,7,8,13.5,0,0,0,5,1,3,0,0,0,1,0,1,4,0
84,3230,MIN,24,7,10,0,7,6,15,4,149,38,198,35,21,0,0,2,4,181,0,0,3,74,1,24,10,33.5,3,1,2,0,1,1,52,2,2,54,24,19,11,7,1,18,3,8,7,4,17,2,11,6,32,17,82,5,8,3,9,1,4,22,87,13,62,3,14,4,38,11,63,9,68,10,29,1,24,1,0,3,14,11,89,8,32,8,36,8,41,17,73,9,34,15,105,11,59,5,14,2,10,21,11,72,1,2,1,2,6,16,5,14,0,0,0,312,11,137,1,1,0,8,0.5,23,6.5,4,9,0,7,4,6,3,10,0,0,1,0,0,0,0,0
85,3231,PHI,6,0,0,6,0,4,12,0,126,21,182,37,17,5,0,3,5,246,2,16,3,66,0,0,65,25.5,0,0,0,0,2,2,76,2,0,62,80,10,7,3,0,14,4,5,5,1,3,6,53,0,0,6,42,0,0,6,18,2,10,12,73,7,49,2,4,0,0,15,96,2,5,11,45,4,34,0,0,5,37,14,81,12,84,6,36,5,16,26,161,15,27,14,79,13,76,4,6,7,4,14,7,47,0,0,0,0,0,0,4,8,35,4,1,242,11,194,0,1,0,4,0,10.5,3,6.5,13,5,1,0,11,4,5,0,1,1,1,0,0,2,0
86,3231,ARI,27,10,14,0,3,3,12,1,101,32,193,24,17,3,0,0,6,283,5,52,1,12,0,0,60,34.5,3,0,2,1,2,2,74,4,1,70,88,11,8,1,2,14,4,6,4,4,-1,6,6,0,0,14,59,0,0,5,21,3,15,20,57,7,-6,5,49,2,17,9,94,1,15,12,76,2,37,0,0,0,0,15,169,3,8,4,33,2,12,26,125,5,72,13,65,9,56,3,9,5,7,8,11,69,0,0,0,0,7,-2,2,8,29,0,0,384,11,247,1,2,0,14.5,0,8.5,3.5,9,11.5,0,2,1,10,3,14,7,1,1,1,0,1,2,1
87,3232,ATL,27,6,14,0,7,5,18,2,119,26,265,40,30,2,1,0,5,223,2,34,0,0,2,-2,15,36,4,1,3,0,0,0,0,5,4,43,29,12,7,5,0,24,8,8,8,2,18,2,9,1,1,12,60,2,4,3,17,4,10,13,68,11,45,2,6,1,4,13,80,9,74,12,54,2,29,2,38,1,0,15,122,2,13,14,92,8,48,18,105,18,104,13,87,11,74,7,19,4,6,20,14,95,0,0,0,0,5,16,6,30,10,1,0,289,10,212,0,2,0,6,0.5,12.5,7,6.5,19.5,0,1,1,7,3,3,0,0,1,1,0,0,0,0
88,3232,SD,3,0,0,3,0,6,9,0,117,16,164,38,21,1,2,2,4,206,2,11,1,31,1,3,17,24,0,0,0,0,1,1,41,2,0,62,28,9,4,3,2,15,7,5,3,2,11,0,0,0,0,8,31,1,40,1,2,4,21,11,72,3,18,2,15,1,3,13,54,5,21,13,54,5,28,1,16,1,0,9,52,10,50,9,27,10,44,39,190,14,62,16,68,9,34,10,8,3,2,10,7,17,0,0,0,0,4,18,1,0,9,0,0,230,11,152,1,0,0,4.5,2,6,4,5.5,15,0,1,1,7,2,0,0,2,0,0,0,2,0,0
89,3233,HOU,31,7,14,10,0,7,13,3,152,34,284,30,17,1,1,1,5,271,4,19,1,0,0,0,69,31.5,4,0,4,0,1,1,41,3,2,54,185,18,10,6,2,13,4,4,5,5,46,1,0,7,22,4,6,6,17,9,46,2,15,19,92,12,48,3,12,0,0,11,83,3,70,7,32,2,0,4,105,1,0,4,72,11,139,9,65,4,14,12,41,11,108,9,128,11,48,6,5,6,5,55,5,74,5,12,1,12,3,6,3,17,6,0,0,281,13,222,1,1,0,17.5,0,4,2,12.5,10,0,2,2,7,2,6,0,3,1,0,0,4,1,0
90,3233,DEN,25,5,6,0,14,5,14,5,59,21,316,51,26,3,0,1,8,381,4,29,4,84,1,7,75,28.5,2,0,2,0,3,3,108,3,1,26,174,7,4,2,1,20,10,5,5,2,3,5,5,0,0,11,39,1,3,2,9,0,0,13,40,6,15,2,4,0,0,14,57,12,92,13,53,3,0,3,73,6,48,22,166,7,73,15,67,7,17,51,217,20,162,19,74,15,73,7,12,7,8,32,11,70,0,0,2,29,4,-2,5,12,14,0.5,0,381,14,342,1,3,0,8.5,0,5,4,7.5,18,1,2,2,12,3,7,2,1,3,0,0,1,3,0
91,3234,PIT,31,14,3,14,0,6,18,0,54,20,379,47,36,1,0,2,3,108,2,22,2,44,1,26,81,36,4,0,4,0,1,1,33,4,3,0,113,10,2,5,3,28,12,9,7,0,0,2,6,1,0,11,35,2,4,3,9,1,1,9,19,7,23,4,13,0,0,10,86,14,164,13,77,1,0,6,65,2,0,11,123,16,137,10,60,9,72,33,277,20,149,17,115,11,123,9,17,10,5,14,17,117,4,15,6,53,4,2,5,42,5,0,0,295,10,103,0,1,0,5.5,4,5,11.5,7.5,17.5,18,6,5,7,3,5,0,2,3,2,1,1,1,1
92,3234,OAK,34,7,7,7,13,4,15,2,119,21,202,34,24,1,1,0,3,155,1,5,2,87,0,0,25,24,4,1,3,0,2,2,75,4,3,80,0,8,4,3,1,20,9,5,6,2,-1,10,42,0,0,2,0,2,6,2,42,3,6,9,69,9,22,3,4,2,5,11,38,10,97,6,30,2,18,2,0,3,26,15,59,6,52,6,69,7,29,9,52,17,93,9,52,9,57,9,9,6,3,44,6,6,6,13,10,65,10,23,8,34,7,1,0,338,10,133,0,1,0,1,0.5,10.5,5,7.5,14.5,17,2,2,7,4,6,0,2,0,0,0,0,1,0
93,3235,NE,30,13,7,7,3,6,19,8,77,34,319,41,28,2,0,0,4,172,1,11,1,24,1,36,83,31,3,2,1,0,3,3,106,5,3,14,109,14,7,4,3,24,11,9,4,7,4,2,18,6,15,4,-6,5,18,8,25,2,2,20,52,10,12,4,12,0,0,17,131,6,81,15,64,2,59,1,0,0,0,12,108,20,181,5,33,4,13,36,175,17,186,15,86,11,47,3,21,4,11,29,13,114,4,5,6,10,8,22,7,26,16,1.5,0,266,10,153,0,2,0,9,1,16,2,4,24,35,3,3,10,3,11,0,1,2,0,1,6,0,1
94,3235,BAL,31,0,14,7,10,6,17,5,122,25,382,39,28,0,1,0,3,136,2,19,4,81,0,0,135,29,4,1,3,0,1,1,27,3,2,15,252,13,6,6,1,22,11,8,3,2,8,2,19,12,55,2,6,2,7,4,20,1,8,13,67,10,52,2,4,1,5,3,5,5,51,17,125,5,87,3,73,6,41,17,175,4,86,9,55,9,66,19,176,20,132,12,195,7,55,12,5,11,4,11,5,10,1,1,4,44,1,7,4,25,0,0,0,216,10,105,1,2,0,6,0,12.5,6,5.5,18,36,2,1,3,1,2,0,2,3,0,0,4,5,0
95,3236,GB,12,0,0,6,6,6,11,5,84,21,184,39,26,8,0,0,6,267,3,12,1,23,0,0,127,33.5,1,1,0,0,2,2,69,2,1,36,31,12,8,3,1,19,6,7,6,2,20,1,-3,1,3,7,38,1,0,7,20,2,6,12,62,7,19,2,3,0,0,11,15,7,61,18,116,2,31,0,0,0,0,19,109,3,-1,7,71,9,44,31,191,17,39,17,55,13,90,8,17,1,2,16,10,22,7,-4,12,74,3,1,4,15,39,0,0,166,9,262,0,3,0,6,0,7.5,11,5.5,14,4,2,1,8,3,7,0,0,3,1,1,2,5,0
96,3236,SEA,14,0,7,0,7,6,4,4,127,29,111,21,10,1,0,0,6,309,2,5,2,42,0,0,118,26.5,2,0,2,0,0,0,0,1,0,23,87,16,9,4,3,8,5,2,1,0,0,9,39,2,3,2,17,2,9,13,52,1,7,13,67,11,31,5,29,3,18,3,9,1,3,10,31,2,24,2,0,3,63,8,90,4,18,8,21,1,1,16,72,8,70,5,14,9,27,3,4,3,6,30,8,28,8,31,11,61,4,3,3,7,19,1,0,243,10,297,0,3,0,9.5,0,13,6,4.5,2,1,2,1,6,1,4,0,3,4,2,1,2,4,0
97,3237,CLE,16,0,7,3,6,1,17,2,43,17,314,51,25,1,1,1,7,290,2,54,2,47,1,0,66,27,1,1,0,0,3,3,153,2,1,0,134,5,4,1,0,20,7,10,3,2,-1,6,14,4,17,1,-2,2,12,0,0,2,3,9,24,8,19,0,0,0,0,11,40,10,69,18,124,4,65,4,22,3,0,12,88,16,98,12,67,10,67,23,95,21,100,15,183,16,31,8,7,10,6,14,9,38,0,0,8,57,1,1,3,19,6,1,0,289,13,290,0,2,0,5.5,1,7,12,3.5,11,1,1,1,10,0,6,0,0,1,1,1,2,3,0
98,3237,BAL,23,0,9,14,0,5,16,2,101,27,337,46,28,4,1,0,7,322,1,0,3,68,1,63,100,33,3,1,1,1,1,2,45,4,2,47,143,10,3,5,2,23,9,11,3,4,8,2,2,8,45,3,21,3,5,3,13,4,7,13,23,10,66,4,12,2,4,9,42,6,61,18,113,4,39,2,18,7,83,22,228,9,56,2,0,13,72,36,215,20,98,18,147,12,92,2,17,9,7,13,8,44,6,21,1,28,3,2,5,15,19,1,1,368,13,228,2,3,0,11.5,2.5,6.5,8.5,7,14,41,3,2,10,2,7,7,4,3,1,0,1,4,0
99,3238,NE,52,7,0,14,31,19,13,1,247,40,333,36,22,1,0,2,3,119,1,14,1,20,4,56,10,31,7,4,3,0,1,3,30,6,5,135,120,27,13,14,0,18,11,3,4,0,0,8,48,11,65,14,81,6,40,1,13,0,0,19,152,20,94,1,1,1,4,13,115,9,79,4,18,4,0,3,64,3,66,7,50,11,131,13,122,5,39,32,319,21,162,6,67,10,106,1,10,11,4,30,8,80,4,42,3,28,10,43,5,34,7,0,0,571,16,119,0,3,0,7.5,1,16.5,5,12,13,15,2,0,8,3,9,0,0,1,0,0,0,0,0
100,3238,BUF,28,0,14,7,7,4,15,0,98,27,340,39,22,3,4,2,5,209,0,0,1,26,0,0,17,29,4,0,4,0,0,0,0,1,0,37,227,12,7,4,1,18,8,3,7,1,0,1,0,4,5,13,67,5,25,2,-6,1,7,14,51,11,42,2,5,3,14,8,87,10,104,7,16,7,56,2,20,5,59,21,139,2,49,8,62,8,92,56,363,17,122,12,82,13,128,4,9,9,9,25,9,62,3,21,0,0,2,5,1,20,10,1,0,432,16,195,0,2,0,9.5,1,8.5,2,7,14,10,1,0,10,5,9,0,2,1,1,0,1,1,0
101,3239,SD,37,17,10,0,10,7,9,3,105,33,189,23,18,3,1,0,5,269,1,0,2,53,3,73,75,34,4,1,2,1,3,3,116,4,3,26,75,15,8,7,0,13,4,6,3,4,21,3,13,0,0,14,25,7,24,1,2,4,12,18,57,13,40,2,0,0,0,10,63,3,23,8,102,2,21,0,0,0,0,3,23,7,16,3,59,10,111,20,145,8,47,8,69,10,73,5,8,5,9,17,11,102,0,0,0,0,6,12,5,37,20,1,0,462,13,210,1,0,0,6.5,0,19.5,3,5,13,0,3,0,5,1,11,7,0,2,1,0,4,1,0
102,3239,KC,20,0,6,7,7,6,15,4,119,22,234,40,24,2,3,3,4,205,3,39,4,109,1,1,80,26,3,1,2,0,0,0,0,1,1,75,80,10,6,4,0,19,9,6,4,6,74,1,-11,0,0,11,49,0,0,2,8,2,2,15,83,6,32,1,7,0,0,13,62,6,50,16,84,2,55,0,0,1,0,16,114,6,62,7,18,11,57,31,190,18,114,15,59,9,61,7,12,5,2,-10,8,28,0,0,0,0,1,-1,2,13,17,2,0,359,14,205,0,3,0,4.5,0.5,10.5,6,5,15.5,10,0,0,8,3,5,0,2,2,3,0,3,0,0
103,3240,CAR,28,7,7,7,7,11,10,0,199,35,205,25,15,3,0,1,6,271,3,23,2,55,1,21,64,30,4,2,2,0,0,0,0,3,3,129,97,19,10,7,2,13,5,6,2,6,69,1,1,4,23,4,21,6,18,1,7,13,60,19,92,12,88,4,19,0,0,11,101,4,22,6,14,1,27,0,0,3,51,9,52,3,56,7,89,6,18,46,313,11,67,10,85,7,53,2,7,6,4,42,6,33,11,59,6,60,4,31,3,19,10,1,0,308,13,254,0,2,0,12,1,13,0,8,11,1,2,1,7,3,6,0,2,1,2,3,1,3,0
104,3240,ATL,30,7,10,7,6,6,14,4,121,19,305,40,25,7,1,0,5,235,2,17,1,27,0,0,15,30,3,0,3,0,3,3,114,4,1,81,198,9,5,3,1,20,9,7,4,2,44,2,5,1,3,0,0,2,17,6,39,6,13,12,74,6,35,1,12,0,0,15,61,9,90,10,80,3,59,1,30,2,49,20,199,2,6,5,51,13,113,21,78,20,217,15,40,12,48,5,15,5,9,61,12,81,4,46,17,117,4,14,7,-1,64,0,0,322,12,212,0,2,0,6,0,5.5,6.5,7.5,13.5,8,1,1,7,2,1,0,0,1,1,1,0,0,0
105,3241,SF,34,0,10,7,17,16,7,3,247,42,134,22,12,2,0,0,4,184,4,40,1,25,1,0,67,37,4,3,0,1,2,4,76,5,3,122,74,28,14,9,5,11,8,3,0,10,60,4,36,9,32,3,8,3,6,8,29,5,78,21,106,15,94,6,49,5,66,4,45,1,5,10,42,5,51,0,0,2,0,12,62,1,0,6,59,3,22,16,81,11,120,6,19,7,-5,3,6,3,10,88,5,31,0,0,0,0,9,30,1,0,9,2,0,480,12,164,1,2,0,10.5,0.5,14.5,4.5,12,7,1,4,2,5,1,5,7,1,1,1,0,2,2,1
106,3241,NYJ,0,0,0,0,0,1,5,3,45,17,100,30,14,3,1,3,8,303,0,0,2,73,0,0,30,23,0,0,0,0,0,0,0,0,0,0,22,5,2,2,1,10,4,5,1,1,-2,1,3,5,16,4,8,3,7,2,8,1,5,11,26,5,18,1,1,2,0,10,70,6,12,11,21,0,0,2,0,1,0,11,65,8,12,6,26,4,0,23,72,9,35,12,35,12,21,4,9,1,6,18,4,28,0,0,0,0,0,0,0,0,12,3,0,295,12,263,0,2,0,4.5,0,11.5,3,1,10,0,4,1,7,1,1,0,0,1,0,0,3,0,0
107,3242,MIN,20,10,3,7,0,9,4,2,127,28,100,26,16,2,0,0,6,259,1,77,2,109,0,0,87,29.5,2,0,0,0,2,3,76,1,0,69,27,15,7,7,1,10,4,4,2,1,5,7,54,0,0,12,45,0,0,5,13,3,10,15,60,12,62,1,5,1,5,6,22,1,17,16,45,1,27,0,0,2,0,11,72,4,4,6,7,5,28,15,70,9,11,8,52,11,37,8,6,2,6,27,7,23,2,-1,3,32,1,1,2,-1,11,0,0,160,9,224,0,2,2,8,0,10.5,9,9.5,7,1,3,2,7,0,7,0,1,0,0,1,2,2,0
108,3242,DET,13,3,3,0,7,2,17,4,55,20,286,50,30,5,0,1,5,198,3,35,0,0,0,0,72,30.5,1,1,0,0,2,2,71,3,1,16,49,7,5,1,1,23,9,8,6,5,14,3,-4,0,0,6,13,0,0,5,26,1,8,15,44,3,12,2,1,4,14,8,37,14,109,15,78,2,0,4,35,7,60,20,105,4,17,12,83,14,114,62,322,17,98,21,111,17,77,7,14,9,4,2,8,41,0,0,9,31,3,6,7,-10,33,0,0,294,12,121,0,4,0,8.5,2,6,17.5,4.5,10.5,17,2,1,11,4,6,0,1,0,0,2,2,0,0
109,3243,SEA,13,7,0,3,3,11,8,0,179,34,140,25,17,2,3,0,4,196,2,1,1,69,1,29,55,30,1,1,0,0,2,2,61,3,1,57,0,23,12,9,2,16,7,9,0,5,29,12,90,2,9,6,10,2,12,3,12,4,17,20,115,10,58,4,6,0,0,4,20,5,46,14,78,1,0,0,0,1,16,10,48,3,10,6,52,6,50,20,62,8,66,14,94,5,-20,4,9,4,8,43,5,55,9,41,8,18,7,32,1,0,20,0,0,270,10,158,1,0,0,10,1,11.5,9,11.5,7,1,5,2,2,0,3,0,1,0,1,1,1,3,0
110,3243,STL,19,3,10,3,3,2,13,0,77,25,211,30,17,2,1,0,4,156,1,18,1,10,3,40,37,30,1,0,1,0,4,4,190,2,1,33,78,9,7,2,0,15,4,5,6,2,8,2,9,0,0,8,30,3,-4,7,28,3,6,14,55,8,12,3,10,0,0,5,25,2,25,19,76,1,0,1,19,2,78,14,83,8,93,2,22,6,25,17,99,9,80,12,38,11,93,4,7,6,5,33,7,74,7,6,10,75,3,6,6,25,12,0,0,354,11,155,0,1,0,8,0,12,5,5,10,0,4,1,9,5,10,0,1,3,2,2,0,0,0
111,3244,TEN,14,0,7,0,7,8,9,0,159,28,167,27,17,4,2,1,7,326,3,9,5,107,0,0,73,27.5,2,0,2,0,0,0,0,2,2,59,70,15,10,4,1,14,8,2,4,0,0,1,4,6,31,14,104,4,21,1,2,2,-3,16,94,10,53,2,12,0,0,7,74,7,70,9,49,2,0,1,0,0,0,13,89,3,11,7,60,3,33,38,196,11,102,9,14,11,51,5,7,5,4,21,4,17,0,0,0,0,1,7,2,30,26,0,1,243,13,292,0,2,0,4,1,14,4.5,10,9.5,0,2,2,5,0,3,0,0,3,2,0,1,2,2
112,3244,HOU,38,14,0,14,10,5,11,0,97,29,202,28,20,0,0,0,6,259,4,34,2,56,2,118,3,32.5,5,1,2,2,1,1,33,3,2,16,81,16,7,7,2,15,6,4,5,5,26,5,26,2,6,3,3,3,10,5,18,6,8,12,44,10,29,7,24,0,0,8,80,9,74,8,31,1,0,1,17,1,0,9,64,3,19,7,72,9,47,9,62,11,73,9,64,8,65,5,11,4,11,41,9,92,0,0,0,0,8,25,2,13,0,0,0,339,11,250,0,4,0,9,1,10.5,6.5,8.5,10.5,0,7,5,5,1,7,14,0,1,0,0,0,0,1
113,3245,OAK,6,3,3,0,0,2,9,1,56,16,181,34,19,3,0,0,7,346,0,0,0,0,0,0,41,22.5,0,0,0,0,2,2,62,2,0,13,90,5,2,3,0,12,3,7,2,3,7,1,3,1,8,3,20,1,-3,4,13,3,8,9,29,5,28,2,-1,0,0,6,61,1,0,16,81,4,37,2,0,4,19,13,89,5,29,4,31,12,53,19,48,12,44,13,115,12,22,7,6,6,3,15,5,45,0,0,0,0,2,7,4,-8,21,0.5,1,200,10,304,0,1,0,3.5,1.5,6,6,6.5,11.5,0,4,2,6,0,2,0,1,1,1,1,0,1,0
114,3245,DEN,37,10,0,21,6,11,14,1,167,36,338,39,30,0,0,1,0,0,5,42,1,16,0,0,30,37.5,4,1,3,0,3,3,117,4,3,89,192,19,10,7,2,21,6,6,9,2,6,3,8,4,23,18,98,1,3,6,15,2,14,21,98,11,59,4,10,0,0,12,133,9,59,13,121,1,0,2,22,1,23,17,234,1,0,9,55,10,69,43,354,10,85,15,101,14,172,9,13,8,6,33,17,134,0,0,0,0,7,28,7,27,0,0,0,309,11,0,0,0,0,16,1,11.5,3,7.5,21,0,6,5,7,4,7,0,2,0,1,0,0,1,0
115,3246,MIA,21,0,13,0,8,5,15,1,87,28,394,41,26,4,2,2,5,221,2,9,1,23,2,31,40,35,2,1,1,0,2,3,59,3,1,48,229,11,8,2,1,21,9,6,6,0,0,13,47,0,0,11,41,0,0,4,-2,0,0,18,68,7,17,3,1,0,0,14,121,3,29,15,78,4,98,1,0,4,87,31,356,2,21,5,30,3,6,24,163,14,214,17,45,14,117,3,12,11,5,11,11,80,7,31,11,105,3,2,4,5,37,3,1,355,15,203,0,1,0,7.5,0,11,4.5,8.5,20.5,2,3,1,12,5,8,0,1,2,1,0,1,0,0
116,3246,ARI,24,0,0,7,14,0,18,1,28,15,269,48,29,8,2,0,9,434,4,18,3,90,2,5,62,31.5,3,0,3,0,1,1,46,3,2,0,124,4,3,1,0,20,8,6,6,1,4,5,5,0,0,5,10,0,0,4,9,0,0,9,11,5,16,1,1,0,0,19,128,2,29,22,96,2,25,1,0,2,46,24,182,15,66,5,70,4,6,48,131,21,118,18,95,17,56,9,13,7,4,14,6,18,7,9,23,129,1,1,8,22,55,2.5,0,501,15,426,0,3,0,5,0,8,6,2,20,5,1,1,11,2,3,0,2,0,0,0,2,1,2
117,3247,CIN,27,3,14,0,10,6,12,2,141,31,244,31,20,0,1,1,3,143,3,33,0,0,1,23,50,31.5,3,1,2,0,2,2,70,7,3,61,103,15,7,6,2,16,6,9,1,5,8,0,0,1,0,19,78,0,0,0,0,6,48,19,47,8,40,4,47,0,0,10,54,3,27,10,73,3,0,0,0,5,90,14,117,5,44,6,57,6,26,21,195,9,62,15,127,7,55,6,9,5,6,31,9,36,1,3,2,25,9,15,10,39,0,0,0,410,12,143,0,2,0,11.5,0.5,13,6.5,4.5,11,2,4,2,6,1,8,0,1,1,0,2,0,1,1
118,3247,JAC,10,0,7,3,0,5,11,1,69,18,143,34,23,6,1,1,6,295,0,0,3,70,1,10,37,28.5,1,0,1,0,1,1,21,2,1,0,23,12,6,5,1,15,7,7,1,4,12,0,0,0,0,11,53,0,0,0,0,3,4,10,36,7,32,1,1,3,19,12,60,9,43,10,64,0,0,2,19,1,0,13,76,8,13,3,32,10,65,24,39,16,49,13,65,11,29,8,13,2,6,29,7,30,0,0,0,0,4,14,4,11,43,2,0,171,10,242,1,0,0,7,1,8,9,1,11,0,3,2,7,0,3,0,0,0,0,0,1,1,1
119,3248,WAS,24,7,14,0,3,9,14,4,160,30,314,34,26,2,0,0,6,280,3,17,2,42,1,13,73,32.5,3,2,0,1,1,4,41,3,2,84,141,13,5,6,2,17,14,2,1,4,14,7,45,0,0,9,38,3,25,4,3,3,36,15,66,9,61,6,34,7,44,7,36,12,93,12,148,2,16,0,0,1,30,12,77,9,95,6,100,7,51,40,247,19,221,11,43,6,50,6,8,12,5,30,5,58,6,32,10,76,7,32,1,2,9,0.5,0,304,13,244,0,1,0,8.5,2,13,9,5.5,14,3,2,1,9,1,9,0,2,3,0,1,0,1,1
120,3248,TB,22,3,3,7,9,5,11,0,80,18,293,39,24,1,1,0,6,277,4,36,1,2,0,0,107,27.5,2,1,1,0,3,3,154,2,2,27,161,8,4,3,1,14,7,5,2,4,32,0,0,3,9,4,16,3,7,1,4,3,12,10,30,5,25,3,25,2,8,15,47,8,35,9,19,1,54,3,41,3,98,19,210,7,57,6,20,7,7,32,218,16,185,15,79,9,24,9,8,7,4,14,9,64,7,22,9,112,3,10,3,7,6,1,0,279,12,260,0,3,0,3,0,4,4,9,17,0,0,0,8,1,1,0,2,2,0,3,1,2,1
121,3249,NO,27,7,7,10,3,1,23,1,45,19,429,54,35,2,0,0,3,108,1,4,3,91,1,0,72,30.5,3,0,3,0,2,3,47,4,2,0,220,7,4,3,0,31,10,11,10,0,0,0,0,2,4,3,10,2,3,9,25,3,3,13,37,5,8,1,0,0,0,11,49,18,140,19,88,2,80,2,50,2,19,13,153,18,137,11,82,12,54,38,263,18,150,21,138,17,121,6,19,10,5,9,8,90,4,16,15,62,2,5,12,47,17,1,0,201,9,108,0,1,0,3,0,7.5,5,8.5,27,4,7,4,7,4,4,0,1,3,1,1,3,2,0
122,3249,GB,28,7,14,0,7,5,21,4,105,22,319,41,31,0,1,1,2,82,0,0,3,88,0,0,43,29.5,4,0,4,0,0,0,0,5,4,10,40,15,8,4,3,26,12,12,2,6,34,3,12,1,5,2,-4,4,25,1,5,5,23,13,48,6,30,3,22,3,11,10,65,13,123,12,111,1,20,1,0,4,0,6,56,25,171,6,70,4,22,45,349,20,139,16,145,5,35,7,17,7,6,30,13,99,6,37,10,57,1,3,10,63,0,0,0,269,10,78,0,1,0,4.5,1.5,7.5,5.5,9,20,29,2,2,3,1,0,0,0,3,1,3,0,1,0
123,3250,NYG,17,0,3,7,7,2,14,4,57,19,309,42,24,0,1,0,5,222,3,29,6,217,0,0,55,26.5,2,0,2,0,1,2,25,4,2,0,154,7,5,2,0,19,8,8,3,6,13,4,7,0,0,5,28,1,4,1,2,2,3,12,46,6,11,1,0,0,0,11,56,4,45,16,104,3,0,0,0,6,104,24,223,5,36,5,8,7,42,32,195,16,126,16,110,10,73,6,13,5,5,12,11,35,3,6,10,87,2,5,6,27,0,0,0,303,10,179,2,2,0,11,2.5,3.5,2,4.5,15.5,2,2,1,5,1,3,0,0,4,0,3,0,0,0
124,3250,PHI,19,0,7,6,6,10,11,1,192,35,231,30,19,2,0,0,4,182,1,3,3,50,1,14,49,33.5,1,0,1,0,4,4,129,4,1,137,82,17,8,8,1,15,5,7,3,10,38,2,13,1,-1,6,39,2,1,1,8,13,94,18,82,14,95,3,15,5,50,7,44,2,14,10,63,6,70,2,50,0,0,12,106,3,47,6,64,6,24,24,175,12,53,11,115,9,63,3,9,7,6,6,9,72,13,95,8,54,7,14,4,8,10,1,0,201,10,153,0,2,0,10,1.5,13,4.5,8,11,5,4,1,7,2,12,0,0,2,0,0,4,0,0
125,3251,CHI,34,0,10,14,10,3,14,1,95,26,267,24,18,2,0,1,3,120,1,8,3,50,5,99,25,31,4,0,2,2,2,2,64,1,0,24,166,10,7,2,1,15,6,3,6,3,8,4,11,4,12,11,33,2,8,1,14,1,9,14,63,8,18,4,14,0,0,6,21,6,98,4,14,1,16,3,50,4,76,8,138,10,70,4,62,2,5,11,86,9,97,9,31,8,139,4,5,9,6,22,7,22,0,0,0,0,2,4,1,0,8,1,0,252,10,120,0,2,0,9.5,0,12.5,3,4,13,0,2,1,6,3,5,14,3,0,0,0,0,0,1
126,3251,DAL,18,0,7,3,8,2,24,0,41,14,389,53,40,1,5,0,3,111,0,0,2,48,0,0,10,29,2,0,2,0,1,1,39,3,2,24,86,6,6,0,0,35,17,14,4,3,13,2,10,0,0,4,13,0,0,2,2,3,-3,12,42,2,-7,0,0,0,0,11,76,20,120,11,100,1,20,5,81,4,0,18,129,10,78,14,112,10,78,48,290,23,211,21,142,10,37,10,21,9,6,14,7,44,0,0,0,0,1,-2,5,29,7,0,0,258,11,103,0,2,0,3.5,1,4,8.5,5.5,27.5,15,0,0,4,1,6,0,0,0,1,0,1,0,0
127,3252,ARI,3,3,0,0,0,4,13,3,45,17,237,50,28,9,0,1,7,320,5,76,0,0,1,0,35,34.5,0,0,0,0,1,2,35,3,0,12,54,7,3,2,2,23,9,9,5,1,2,6,13,0,0,6,16,1,1,1,3,2,10,10,13,5,27,2,5,1,2,16,79,11,75,14,87,3,29,3,19,3,0,25,131,3,17,14,78,8,63,50,225,21,85,19,61,19,88,7,16,5,8,26,11,55,0,0,0,0,1,2,8,9,52,2,2,329,12,284,0,3,0,5.5,0,6.5,6.5,5,21.5,6,6,3,12,4,5,0,0,3,1,2,2,0,0
128,3252,STL,17,7,3,0,7,6,6,0,115,28,131,21,7,1,1,0,7,398,4,36,1,36,0,0,60,25.5,2,0,2,0,1,1,53,2,1,51,95,16,9,6,1,7,4,0,3,1,4,5,35,0,0,3,5,5,28,13,31,1,12,13,66,12,43,3,6,1,4,8,26,4,0,2,20,4,95,0,0,3,0,9,84,8,50,2,7,2,0,13,77,8,74,4,0,10,57,0,5,2,2,4,6,71,4,22,1,51,2,8,4,7,10,1,0,330,13,322,0,3,0,6.5,0,13.5,1,8,4,1,1,1,8,3,9,0,1,2,0,2,1,2,0
129,3253,MIA,17,0,7,10,0,4,9,2,72,31,211,26,17,2,0,2,5,248,3,15,1,30,2,1,10,29,2,2,0,0,1,2,46,3,2,13,124,14,8,5,1,12,3,6,3,5,20,4,13,9,19,2,5,5,15,4,0,2,0,16,53,12,16,3,3,0,0,9,65,6,45,5,31,2,0,1,24,2,58,11,108,0,0,9,63,5,52,17,115,8,17,10,109,10,85,4,6,7,7,12,6,46,9,14,7,34,5,14,2,19,12,0,0,402,13,183,2,0,0,6.5,3,10.5,4,12,9,0,3,1,7,1,11,0,0,0,2,0,1,0,0
130,3253,CIN,13,6,0,0,7,4,13,1,80,19,218,43,26,3,2,1,6,243,2,25,2,49,0,0,46,31,1,0,1,0,2,3,66,2,1,41,44,8,4,3,1,18,12,4,2,1,12,3,0,2,6,3,10,4,10,4,8,2,34,9,47,8,32,2,1,4,21,7,26,9,46,19,100,2,18,4,44,2,0,19,106,14,47,6,60,4,21,38,181,21,136,12,52,13,30,11,10,5,8,41,10,28,2,17,12,63,5,13,4,7,16,0.5,0,407,13,228,0,2,0,6.5,2.5,6.5,7,6,14.5,0,5,2,6,0,6,0,1,2,0,0,3,0,0
131,3254,BAL,9,3,0,6,0,6,8,1,135,22,165,27,13,4,1,1,5,232,1,10,2,52,2,9,33,26,0,0,0,0,3,3,93,3,0,91,94,11,7,1,3,11,6,5,0,2,28,1,37,2,17,10,34,3,7,1,3,3,9,13,104,5,10,4,21,1,16,9,43,3,27,10,96,3,0,1,43,1,0,14,142,3,0,5,33,5,34,17,62,12,86,12,98,7,3,1,6,6,5,49,8,32,7,31,2,-5,3,6,5,-7,22,4,0,218,10,199,0,2,0,5,0,13,4,4,9,14,2,2,7,1,4,0,2,1,0,0,2,0,1
132,3254,KC,6,0,3,0,3,12,6,1,214,50,124,17,12,0,2,2,5,236,5,33,3,82,1,29,60,34,0,0,0,0,2,2,61,3,0,109,46,27,17,7,3,9,1,5,3,11,19,8,50,3,18,14,63,3,14,7,30,3,8,27,143,15,36,7,23,3,1,6,28,3,32,6,38,0,0,0,0,2,26,11,86,0,0,1,0,5,38,17,136,2,9,9,41,6,74,3,6,3,14,86,2,12,8,28,8,74,9,2,2,7,0,0,0,357,11,226,0,3,0,13,0,23,4,12,7,28,3,2,9,3,11,0,2,4,2,0,2,0,0
133,3255,GB,27,7,14,0,6,5,12,4,141,23,215,32,21,5,1,0,7,315,4,19,3,95,1,0,89,24.5,4,1,3,0,0,2,0,3,3,87,81,12,8,3,1,17,8,6,3,5,0,3,6,1,15,12,105,0,0,0,0,2,14,15,105,5,9,3,26,5,57,9,33,6,67,14,117,0,0,1,0,2,26,7,46,11,125,10,37,4,35,43,263,13,89,14,84,10,42,3,12,6,7,33,6,52,4,73,11,56,2,11,4,32,28,3,0,417,15,303,0,4,0,2.5,1.5,8.5,7,10,8.5,1,3,2,7,0,4,0,0,1,2,5,3,2,0
134,3255,IND,30,0,3,16,11,8,16,4,120,29,345,55,31,4,1,0,5,223,2,13,0,0,1,0,100,35.5,3,1,2,0,3,4,102,5,3,35,111,15,6,6,3,26,15,6,5,5,34,1,6,0,0,12,26,1,0,2,20,8,34,13,53,12,51,4,16,5,25,15,88,8,15,19,112,7,74,2,44,4,29,28,234,10,37,14,79,3,12,49,244,25,175,17,70,17,95,7,14,10,7,27,9,51,7,20,19,132,6,20,10,26,17,3,0,402,15,204,0,2,0,4,0,13,6,8,22,5,3,1,11,4,10,0,3,1,3,1,3,2,0
135,3256,CLE,27,14,3,3,7,3,11,1,84,19,291,35,22,0,2,1,3,144,1,12,6,221,1,44,91,24.5,3,1,2,0,2,2,73,3,1,27,163,9,6,2,1,16,5,7,4,4,23,3,5,1,5,4,20,0,0,4,14,3,17,11,48,6,36,2,0,0,0,9,57,8,66,14,86,1,0,1,60,2,20,10,80,9,81,5,27,11,101,21,187,10,63,13,133,12,93,7,8,7,6,37,7,116,0,0,0,0,3,18,5,30,0,0,0,385,10,136,0,1,0,10.5,2,3,6,4.5,12,0,5,2,6,1,3,0,2,1,1,2,3,0,2
136,3256,NYG,41,7,20,7,7,14,12,4,245,32,259,37,25,0,1,1,2,100,1,8,5,67,2,46,25,35.5,5,2,3,0,2,2,69,5,3,175,64,18,8,7,3,22,11,8,3,3,71,8,28,5,31,4,19,5,57,5,37,2,7,19,112,10,116,3,22,0,0,10,51,8,51,14,77,3,36,1,16,1,28,16,105,10,88,5,37,6,29,28,215,15,124,14,101,8,34,7,13,5,6,41,11,79,0,0,0,0,3,17,6,15,0,0,0,350,12,68,1,0,0,11.5,1.5,11,6.5,6.5,14,0,3,3,4,1,5,0,1,1,0,1,1,0,1
137,3257,ATL,24,0,7,0,17,5,21,2,85,26,338,52,34,1,1,1,6,293,2,2,2,36,2,28,13,37,3,1,2,0,1,1,53,3,3,13,70,12,5,4,3,28,12,10,6,10,36,2,11,3,18,4,8,4,3,1,2,2,5,13,32,8,35,5,16,0,0,10,61,14,69,15,92,7,47,5,59,1,17,21,162,5,34,16,130,8,19,26,183,22,126,19,136,12,76,10,16,8,5,10,15,60,9,37,11,99,1,13,3,16,7,0,0,340,13,231,2,1,0,6,1.5,15,11,3,18.5,11,3,3,6,1,5,0,1,1,1,0,0,0,0
138,3257,WAS,17,0,7,3,7,6,6,0,129,21,187,24,15,3,2,0,6,254,3,22,4,113,1,28,20,23,2,0,1,1,1,2,23,2,0,94,117,11,9,2,0,10,4,5,1,8,78,2,1,3,15,1,12,1,5,2,5,4,13,13,104,6,26,2,-1,1,7,6,26,11,70,2,9,0,0,5,80,0,0,8,28,7,76,7,54,2,27,24,159,10,44,10,56,7,70,6,5,4,4,30,6,3,2,7,8,84,3,5,3,5,15,1,0.5,302,12,252,0,3,0,6.5,0.5,8,4,6.5,9.5,0,2,0,6,1,5,7,0,1,0,1,3,0,1
139,3258,PHI,14,0,0,7,7,7,9,3,78,23,168,30,20,3,0,2,4,176,1,13,3,65,0,0,35,26.5,2,0,2,0,0,0,0,3,2,10,47,13,5,5,3,16,9,4,3,1,5,6,26,2,8,3,19,6,11,4,14,1,3,9,37,9,40,5,9,5,24,13,56,4,16,8,79,1,24,2,0,2,0,16,97,3,34,5,9,6,35,20,117,16,76,10,57,7,35,8,9,3,10,50,8,40,6,20,11,59,1,3,5,35,7,1,0,188,8,149,1,1,0,4,0,11,6,8,11,6,4,4,5,2,4,0,2,0,1,0,2,1,0
140,3258,PIT,16,0,10,0,6,7,13,2,136,31,207,36,21,0,0,0,4,185,1,7,2,57,0,0,106,33.5,1,1,0,0,3,3,88,4,1,43,20,16,9,6,1,18,6,7,5,0,0,1,17,4,12,13,51,10,27,2,10,1,13,17,67,12,60,2,3,2,14,10,63,6,46,15,98,2,0,1,0,2,0,18,103,8,29,6,49,4,26,29,150,11,63,12,74,13,70,3,13,5,5,-2,5,26,8,24,6,50,7,25,3,7,0,0,0,251,9,172,0,1,0,6.5,1,11.5,4.5,10,14.5,1,2,1,9,3,6,0,1,5,2,0,1,2,0
141,3259,TEN,7,0,0,0,7,3,14,1,53,18,215,48,29,2,1,1,6,256,2,25,2,61,2,12,75,27,1,0,1,0,0,0,0,2,1,21,0,5,1,3,1,24,12,4,8,2,-1,1,3,6,7,5,24,3,13,0,0,1,10,6,16,9,23,3,17,0,0,12,65,20,100,12,69,1,0,0,0,3,0,18,95,8,32,10,44,12,63,47,188,20,85,14,53,16,77,8,17,4,8,32,7,31,0,0,0,0,2,5,4,15,19,0,0,304,12,257,0,3,0,6,0.5,6,9,6,16.5,0,3,1,11,4,5,0,4,2,2,1,0,2,0
142,3259,MIN,30,7,6,10,7,9,13,3,176,30,258,35,25,1,2,0,3,138,2,-1,0,0,1,6,60,33,3,1,2,0,3,3,104,5,3,130,74,13,9,3,1,19,8,9,2,5,6,3,0,1,22,9,44,7,55,0,0,5,49,17,101,10,64,3,11,3,31,9,61,5,32,15,101,3,64,0,0,3,0,13,108,9,75,8,25,5,50,18,110,15,74,13,157,8,27,8,11,6,7,20,6,78,0,0,0,0,5,10,8,48,0,0,0,302,11,113,0,1,0,6.5,0.5,10,7,9.5,15.5,0,1,1,8,1,8,0,0,2,0,0,0,2,0
143,3260,CHI,41,3,0,10,28,9,16,1,214,33,287,39,23,1,1,0,3,122,4,8,1,28,2,72,80,36,5,1,2,2,2,2,63,3,1,105,84,23,12,7,4,19,7,5,7,2,20,0,0,1,-2,24,140,0,0,0,0,6,50,18,90,11,89,4,29,2,22,11,52,8,47,11,91,3,0,1,18,5,84,21,164,6,56,5,26,7,46,22,152,13,76,13,96,14,115,1,15,7,7,54,7,37,0,0,0,0,3,11,5,14,5,0,0,188,9,102,1,1,0,14,0,8.5,9,9.5,12,0,3,2,8,4,4,14,3,4,1,3,0,1,0
144,3260,JAC,3,0,3,0,0,3,5,2,61,16,129,33,17,3,2,1,6,291,0,0,3,65,1,0,49,24,0,0,0,0,1,1,31,1,0,47,34,4,2,1,1,8,1,3,4,4,19,0,0,0,0,11,44,0,0,0,0,1,-2,10,29,5,30,1,2,1,2,9,39,6,8,12,42,2,0,1,0,3,53,16,55,6,60,8,24,3,3,27,118,11,3,13,64,12,62,9,6,2,7,21,9,49,0,0,0,0,1,-1,3,4,13,1,0,257,12,283,0,2,0,3,0,5,5,8,12,0,1,1,11,4,6,0,2,3,0,0,0,1,0
145,3261,SEA,16,3,3,7,3,7,10,0,99,34,212,25,19,2,2,1,3,122,5,39,3,48,0,0,65,36,1,0,1,0,3,3,102,3,1,47,53,13,6,5,2,14,7,2,5,3,-12,6,22,6,13,7,39,4,5,3,7,5,25,16,64,13,37,5,-2,0,0,8,69,2,26,11,55,1,18,1,30,2,23,10,98,5,47,5,59,5,17,16,117,10,121,7,17,10,74,4,10,5,7,24,7,68,11,15,2,23,4,6,3,19,9,0,0,397,11,109,0,2,0,14.5,0,12.5,5,6,12,0,1,1,9,3,7,0,1,4,1,0,1,2,0
146,3261,CAR,12,0,3,7,2,4,7,2,82,19,108,29,12,4,0,1,7,318,1,13,4,81,2,30,25,24,1,0,0,1,1,1,32,2,0,39,45,6,5,0,1,7,5,1,1,1,15,2,3,1,11,11,32,0,0,0,0,4,9,10,44,8,11,1,15,7,42,11,82,6,0,6,35,2,24,1,0,3,0,16,84,2,5,4,37,7,15,40,139,14,87,8,15,11,6,1,8,3,7,24,6,8,4,5,10,80,2,0,2,5,33,1.5,0,253,11,279,0,2,0,7.5,0,6.5,2,3,10,1,1,0,10,1,6,9,1,2,0,0,1,0,0
147,3262,BUF,3,0,3,0,0,4,6,0,90,18,115,26,16,1,1,1,6,286,1,28,2,87,0,0,30,23.5,0,0,0,0,1,1,31,1,0,47,20,9,6,3,0,9,4,3,2,4,32,1,1,3,13,3,10,2,11,4,21,1,2,10,78,8,12,0,0,1,2,10,73,3,6,8,28,2,0,0,0,3,20,17,80,1,1,6,41,2,5,31,171,10,38,7,27,10,51,6,8,2,5,6,6,30,0,0,0,0,0,0,4,8,11,1,0,281,11,247,1,2,0,4.5,0,7.5,5.5,5,9.5,0,2,0,6,0,4,0,1,1,1,3,0,0,0
148,3262,SF,45,3,14,7,21,18,11,0,311,38,310,25,19,0,0,1,2,112,3,19,2,45,1,4,53,36.5,6,3,3,0,1,1,19,5,4,198,184,28,14,7,7,15,11,3,1,8,86,4,58,5,39,16,110,2,8,1,6,2,7,17,122,12,115,9,77,7,91,4,0,5,73,10,70,2,47,0,0,4,120,12,139,4,61,8,110,1,0,21,258,16,246,6,32,3,32,4,7,8,6,37,6,101,0,0,0,0,12,66,1,10,0,0,0,252,10,84,0,1,0,12,0,11,5.5,10,10.5,2,5,4,5,2,3,0,3,3,0,0,0,0,2
149,3263,DEN,21,0,7,7,7,5,16,1,71,19,332,44,31,2,0,3,3,137,0,0,4,61,0,0,21,24,3,0,3,0,0,0,0,4,3,21,188,10,5,3,2,23,11,6,6,0,0,2,-3,3,8,10,46,2,10,0,0,2,10,8,35,7,24,4,12,1,10,12,100,11,77,13,29,4,68,1,50,3,28,22,226,0,0,15,71,7,55,59,402,21,102,14,63,11,174,15,8,8,8,24,13,126,0,0,0,0,2,2,5,19,13,1,0,305,11,112,1,2,0,5.5,0,8.5,6,4,20,22,4,2,4,3,3,0,0,0,2,2,1,1,0
150,3263,NE,31,7,10,14,0,18,16,1,254,51,193,31,23,4,0,1,3,129,1,5,2,23,0,0,59,36,4,3,1,0,1,1,23,5,4,119,50,34,18,11,5,19,7,6,6,7,73,9,41,10,31,12,38,4,21,2,-4,7,57,28,128,17,80,6,49,1,1,7,32,11,88,8,78,1,0,2,25,2,0,22,163,0,0,7,35,2,25,40,207,12,76,12,57,11,60,4,15,4,8,40,8,58,0,0,0,0,15,40,4,27,30,2.5,0,297,11,129,0,1,0,14.5,0,16,6,16.5,15,44,4,3,8,5,7,0,2,3,0,0,1,0,0
151,3264,SD,24,7,10,7,0,6,18,3,117,18,310,42,27,5,1,1,4,182,2,16,5,127,1,9,56,30.5,3,1,2,0,1,2,20,3,2,88,159,9,7,2,0,24,13,7,4,4,47,3,10,5,18,0,0,3,24,1,6,2,12,12,90,5,21,1,6,0,0,17,132,3,37,11,50,2,20,4,44,3,71,12,175,5,31,8,35,15,113,42,264,22,164,14,83,11,63,4,16,7,5,31,10,98,0,0,19,85,3,18,4,18,44,1,0,272,11,180,0,3,0,6.5,2.5,5,8,5.5,14.5,0,1,0,9,4,3,0,1,4,2,0,1,1,0
152,3264,NO,31,7,7,7,10,1,19,1,55,19,351,45,29,3,1,0,4,207,2,2,2,49,1,41,99,29.5,4,0,4,0,1,1,26,4,3,0,157,9,8,0,1,24,7,9,8,4,10,1,1,6,19,0,0,8,25,0,0,0,0,13,44,5,10,1,1,0,0,19,142,5,56,16,72,1,0,1,41,3,59,28,254,6,44,2,4,9,68,36,195,15,93,18,141,15,106,7,16,6,4,13,12,70,6,13,9,103,4,6,7,63,19,1,1,324,12,191,0,2,0,5,0,8.5,3.5,5.5,21.5,0,3,2,7,3,3,0,4,2,0,0,2,2,0
153,3265,HOU,23,7,10,6,0,8,10,0,169,35,209,28,14,0,1,0,6,241,1,3,3,33,2,90,50,35.5,2,1,1,0,3,3,91,3,1,106,64,17,10,5,2,13,6,3,4,5,14,9,73,7,16,5,14,1,1,5,34,3,11,17,136,12,27,6,0,0,0,11,61,6,50,3,16,1,0,3,52,2,30,12,61,0,0,5,79,9,69,9,46,11,88,8,65,9,56,1,7,6,8,57,10,72,9,20,1,0,6,25,3,0,0,0,0,382,12,241,0,4,0,11.5,1,13.5,4,9,8,0,4,2,8,3,11,0,0,1,3,0,1,1,3
154,3265,NYJ,17,7,0,7,3,5,10,0,69,23,217,32,14,3,2,0,6,265,0,0,5,160,1,0,25,24.5,2,0,1,0,1,1,21,2,0,36,150,9,5,1,3,11,5,3,3,0,0,4,6,3,13,8,30,5,11,3,5,0,0,15,44,4,19,4,2,6,20,9,28,4,12,10,40,3,27,1,27,5,96,14,123,5,37,5,51,6,19,24,135,10,99,13,52,12,58,3,5,6,6,10,7,69,4,12,10,22,3,18,3,0,13,1.5,0.5,255,11,242,1,2,1,7.5,0.5,10,2,4.5,10.5,6,4,4,7,1,7,0,3,0,2,0,0,0,0
155,3266,PIT,23,10,0,3,10,3,14,2,56,22,356,40,24,1,1,0,4,123,4,17,3,97,1,4,50,30,2,1,1,0,3,4,109,3,1,24,192,5,2,1,2,19,8,6,5,0,0,0,0,3,8,13,31,4,4,2,13,0,0,13,26,7,15,2,15,0,0,5,33,8,66,17,88,1,55,3,17,5,82,14,92,6,43,10,75,9,131,25,208,14,169,14,80,13,85,6,12,6,2,-1,8,108,6,18,10,62,4,8,5,4,7,0,0,289,11,114,0,2,0,10,1,7.5,5.5,3.5,15.5,1,2,1,12,5,6,0,0,2,0,0,3,0,0
156,3266,TEN,26,6,10,0,10,3,16,2,94,22,265,44,25,3,1,0,5,261,1,9,5,131,1,0,45,30,2,1,1,0,4,4,147,4,2,25,122,11,8,3,0,20,7,4,9,1,5,4,22,1,1,7,42,2,1,6,21,1,2,15,80,7,14,0,0,1,2,13,80,5,33,14,61,5,56,5,60,2,0,18,128,14,76,7,63,5,23,27,156,15,73,16,51,16,141,12,4,9,5,17,13,91,8,33,13,102,3,6,7,3,25,3,0,357,12,224,1,2,0,2.5,1,7.5,5.5,11,17.5,3,2,2,9,4,3,0,2,2,1,1,1,1,0
157,3267,CIN,24,7,7,0,10,3,17,0,76,20,362,44,31,2,3,1,7,354,4,58,4,80,1,3,50,30,3,0,3,0,1,1,44,3,1,20,137,9,5,2,2,26,15,8,3,0,0,9,40,5,14,0,0,4,14,1,6,1,2,12,56,5,12,3,8,0,0,8,29,13,146,16,106,4,82,1,18,2,0,16,147,9,67,9,80,10,87,40,318,19,171,16,64,11,127,7,16,8,4,13,5,64,3,13,4,31,1,3,3,-10,19,0,0,471,16,254,2,2,0,5.5,2,8.5,6,5,18,12,3,3,7,1,2,0,1,3,3,0,0,0,1
158,3267,CLE,34,0,7,6,21,5,11,0,111,33,218,29,17,2,1,0,8,354,2,60,2,63,3,33,35,30,4,1,2,1,2,2,79,3,2,14,122,15,6,7,2,13,6,2,5,0,0,6,11,8,37,2,4,12,29,4,22,1,8,15,50,12,38,6,23,2,4,6,50,2,0,19,82,1,60,0,0,1,28,6,18,7,127,8,44,8,31,16,171,12,65,8,16,11,126,6,7,4,10,33,10,61,4,24,3,40,4,13,2,-1,13,0,0,448,15,296,0,1,0,13,1,12,2.5,7,10.5,0,4,3,10,4,9,7,1,1,2,0,1,1,0
159,3268,KC,10,0,3,0,7,5,9,1,80,30,180,38,22,0,2,0,6,276,2,11,0,0,1,32,55,33,1,0,0,1,1,1,38,2,0,22,0,12,6,4,2,16,7,4,5,3,14,2,-3,2,-3,13,29,6,16,3,25,1,2,15,65,10,11,5,4,0,0,9,30,13,97,11,35,1,0,2,18,2,0,9,21,5,19,7,63,17,77,17,57,11,64,12,53,15,63,6,13,3,10,33,8,29,0,0,0,0,2,-4,1,0,0,0,0,259,11,255,0,3,0,12.5,0.5,10.5,7,7,13.5,0,6,3,9,2,9,7,1,3,1,0,1,1,1
160,3268,TB,38,7,0,14,17,6,11,2,146,23,318,26,15,1,1,1,3,106,3,21,2,36,2,90,33,27,5,1,3,1,1,2,27,5,3,93,202,12,8,2,2,12,6,4,2,3,16,3,43,4,41,10,30,1,12,2,8,0,0,16,79,5,53,2,18,2,10,6,80,6,41,6,28,4,120,3,19,1,36,14,177,3,66,1,0,8,81,23,183,9,156,11,72,7,86,2,4,9,3,12,7,79,0,0,0,0,5,19,5,43,10,1,0,326,12,95,0,1,0,4,0,11.5,5,6.5,7,0,0,0,7,2,2,7,1,2,0,2,0,0,1
161,3269,STL,14,6,0,0,8,7,15,0,162,27,300,39,26,3,0,1,3,135,6,21,2,33,0,0,94,33.5,1,1,0,0,2,5,80,3,1,99,158,16,8,6,2,21,10,8,3,3,33,5,11,2,16,5,9,2,14,5,18,5,57,16,53,9,83,2,22,0,0,11,53,3,25,18,111,4,38,0,0,2,83,16,171,7,30,6,55,9,54,25,120,14,166,15,102,13,27,6,12,8,7,66,11,84,0,0,8,49,3,6,6,-2,15,0,0,177,9,115,1,2,0,7.5,2,9,4,9.5,17,1,4,2,6,2,3,0,1,4,1,2,2,1,1
162,3269,MIA,17,0,10,7,0,2,8,2,20,17,173,29,21,2,0,0,6,323,0,0,2,69,0,0,40,26.5,2,0,2,0,1,1,42,1,1,10,29,6,3,1,2,15,5,7,3,2,4,2,1,0,0,6,10,2,-7,1,0,4,12,9,2,3,4,5,14,4,0,14,70,5,34,9,52,1,29,0,0,0,0,9,42,3,46,8,41,9,56,15,94,10,33,13,91,8,49,5,15,1,2,4,7,28,8,15,2,16,0,0,3,15,12,1,0,281,10,302,0,2,0,4,0,8,3,5,15,0,5,2,6,1,7,0,1,4,0,0,0,1,0
163,3270,DET,26,6,0,0,17,7,15,3,138,28,311,45,22,0,1,0,7,299,4,72,2,26,2,0,132,30.5,2,1,1,0,4,4,144,4,2,43,142,15,9,6,0,18,8,7,3,5,39,3,9,1,9,6,30,1,8,7,29,5,14,17,98,9,41,2,-1,3,7,16,111,3,5,16,40,3,33,1,28,6,94,27,165,0,0,12,119,6,27,45,253,20,198,14,91,11,22,7,5,10,6,45,10,63,9,38,14,78,5,24,6,17,0,0,0,395,14,287,0,1,0,9,0,10.5,7,6.5,14,5,4,2,5,1,5,0,6,2,0,5,2,2,0
164,3270,PHI,23,0,7,6,10,5,15,4,71,29,286,45,28,3,2,1,5,283,3,12,5,122,1,0,60,33.5,2,0,2,0,3,3,107,3,1,33,100,12,5,6,1,21,8,6,7,5,21,2,0,0,0,6,22,0,0,3,7,12,15,13,18,13,31,2,16,8,53,19,105,3,7,11,65,3,17,2,17,5,90,18,194,7,39,10,42,8,26,32,262,21,79,12,71,15,126,9,11,8,5,-5,7,28,4,7,10,58,4,10,8,14,25,0,0,356,14,191,1,0,0,7,1,11.5,5,3.5,16,4,4,3,10,3,11,0,1,1,0,3,6,0,0
165,3271,OAK,20,3,10,0,7,6,15,1,149,32,325,33,23,3,1,2,5,241,2,0,2,25,3,32,110,36.5,2,1,1,0,2,2,74,2,1,77,190,14,8,5,1,18,10,4,4,8,40,2,5,7,8,1,9,6,11,5,56,3,17,16,61,12,51,4,34,0,0,13,106,6,64,9,75,1,0,0,0,4,108,11,104,7,109,9,74,6,66,18,132,17,176,10,95,9,54,4,10,9,10,32,7,66,8,60,16,130,4,9,2,11,28,0,0,318,13,181,3,1,0,12.5,0,7.5,8.5,11,13.5,3,1,0,9,3,6,0,1,8,0,1,1,2,0
166,3271,ATL,23,0,7,6,10,3,11,2,45,15,241,37,24,1,3,0,4,211,0,0,1,29,1,79,25,23.5,2,0,1,1,3,4,116,2,1,15,71,6,3,3,0,21,11,8,2,4,-6,2,0,4,37,1,1,2,9,2,4,0,0,8,19,5,29,2,-3,1,15,9,63,6,25,15,90,2,26,2,0,3,45,16,135,7,37,8,42,6,35,22,155,17,105,14,93,7,43,6,14,4,4,10,6,69,4,25,10,44,3,-2,2,4,8,0,0,369,12,211,0,2,0,4.5,1.5,7.5,7,2,12.5,15,3,0,4,1,5,7,0,2,0,0,1,0,0
167,3272,IND,9,3,3,0,3,0,15,6,42,16,257,44,22,4,2,2,3,131,0,0,4,71,0,0,27,26.5,0,0,0,0,3,3,117,2,0,0,108,5,4,1,0,20,8,9,3,1,1,5,10,0,0,8,27,1,5,0,0,1,-1,10,30,6,12,0,0,0,0,10,50,4,31,19,104,4,0,1,26,3,77,21,155,7,41,10,75,3,17,22,97,20,87,17,88,10,90,1,15,6,5,12,8,47,0,0,0,0,1,1,3,8,23,1.5,0,234,11,111,1,2,0,8.5,0,4.5,2,3,20,0,2,0,6,3,2,0,0,1,1,1,0,0,0
168,3272,NYJ,35,0,21,7,7,14,8,0,253,43,99,19,12,1,0,0,5,260,0,0,2,54,2,13,110,33.5,5,3,2,0,0,0,0,5,5,127,23,26,14,9,3,11,3,4,4,5,27,5,28,0,0,22,121,1,5,8,26,2,25,23,152,16,71,4,9,4,7,8,31,6,42,4,32,1,0,0,0,0,0,5,23,10,52,1,6,2,1,15,50,4,18,7,37,9,44,4,7,1,10,57,4,18,0,0,0,0,12,46,5,20,6,1,0,324,11,240,1,1,0,10.5,0.5,19.5,2,10,6.5,0,3,2,4,2,7,0,1,0,0,0,5,3,0
169,3273,DAL,29,7,3,10,9,12,15,3,227,42,254,36,25,1,1,0,1,32,2,10,1,14,0,0,82,40,3,1,2,0,3,4,119,5,3,85,35,28,15,9,4,20,7,7,6,5,50,6,48,9,47,2,9,10,39,8,32,2,2,26,118,12,91,4,18,0,0,11,91,7,36,13,62,0,0,2,38,3,34,20,126,4,0,9,107,3,28,16,86,10,75,14,107,13,72,7,12,6,9,94,4,47,9,43,17,94,6,16,8,11,7,0,0,304,10,32,0,1,0,12.5,0,20.5,5.5,8,16.5,5,5,5,7,2,3,0,3,3,4,2,2,0,1
170,3273,BAL,31,3,14,7,7,8,10,1,87,21,230,26,17,1,0,0,3,135,0,0,3,159,1,0,76,20,4,2,1,0,1,1,38,4,3,28,114,13,7,3,3,16,8,5,3,1,2,2,7,7,44,1,3,6,18,3,14,1,-1,11,61,6,13,4,13,1,3,2,5,8,113,11,46,3,39,1,0,1,31,10,122,3,15,7,41,6,56,16,148,12,120,9,46,6,64,2,10,5,8,26,8,42,6,23,7,56,4,5,4,26,4,1,0,164,8,125,0,0,1,6.5,0,11,5,1.5,11,25,5,3,3,2,3,0,3,1,1,2,3,0,0
171,3274,BUF,19,9,0,7,0,9,9,1,165,33,141,32,18,2,1,1,8,352,2,10,4,86,2,36,39,31.5,2,2,0,0,1,1,25,3,2,76,23,18,9,7,2,14,6,6,2,0,0,5,20,0,0,21,125,0,0,6,18,1,7,20,79,10,77,3,14,0,0,18,105,2,0,7,32,2,16,1,0,2,0,18,97,0,0,3,4,11,52,28,94,11,62,13,58,10,21,3,12,3,12,56,6,33,10,36,14,55,4,26,0,0,12,2,0,400,14,296,1,2,0,6,0.5,16,5.5,9,11,0,3,2,8,1,6,2,2,0,0,0,1,1,1
172,3274,ARI,16,3,7,3,3,10,9,1,182,30,150,35,16,5,2,0,5,259,3,36,2,49,1,15,67,32.5,1,0,1,0,3,4,159,1,1,130,52,14,8,4,2,13,4,4,5,5,58,10,35,0,0,5,4,0,0,8,62,2,23,21,107,7,49,2,26,5,66,12,32,7,51,12,49,1,0,1,17,2,24,18,111,6,25,7,22,4,15,28,109,9,66,15,17,16,67,3,8,5,6,6,5,8,7,55,15,79,1,5,1,9,23,2,0,354,13,209,2,1,0,8,1,10.5,7,11.5,7,4,4,4,11,1,7,0,1,5,1,0,1,0,0
173,3275,NE,23,7,10,3,3,5,20,1,87,26,388,58,36,1,2,0,3,133,4,68,2,43,0,0,80,34,2,0,2,0,3,3,95,6,1,13,166,14,7,5,2,29,13,10,6,2,1,6,22,2,10,4,9,3,20,7,26,2,-1,15,57,8,21,3,9,0,0,21,109,12,79,14,83,3,101,1,0,5,23,30,223,0,0,10,96,16,76,58,353,21,173,22,131,16,84,9,18,9,3,6,12,133,4,17,10,29,8,21,11,24,7,0,0,393,12,104,0,2,0,9.5,1,9,10.5,7.5,18.5,23,5,3,11,4,6,0,1,0,4,1,3,1,0
174,3275,SEA,24,10,0,0,14,4,11,2,87,24,283,27,16,2,0,2,4,240,2,29,2,40,2,23,35,26,3,0,3,0,1,1,34,3,2,11,222,13,7,4,2,13,9,1,3,1,11,7,23,2,9,2,-9,2,-6,8,37,2,8,11,41,8,32,5,0,3,19,9,45,1,0,7,26,3,0,5,171,2,51,12,128,7,95,3,29,5,41,17,103,12,209,8,11,9,63,2,7,7,7,27,8,131,3,18,4,46,4,12,3,12,10,0,0,293,12,172,0,0,0,8.5,0,11,2,3.5,9,1,3,2,4,1,5,0,2,2,0,0,0,1,0
175,3276,NYG,26,0,10,13,3,8,10,1,151,35,193,28,15,0,0,0,4,199,2,2,2,93,3,42,20,32,2,1,1,0,4,5,118,6,2,104,65,18,10,6,2,13,7,3,3,4,22,4,2,8,49,12,48,3,16,2,7,2,8,18,80,11,56,6,16,0,0,9,35,2,15,11,46,4,58,0,0,2,39,18,102,6,78,2,9,2,4,21,131,10,73,9,46,9,74,2,8,5,2,8,5,17,0,0,0,0,13,20,6,6,0,0,0,484,12,157,1,2,0,8.5,0,14.5,2.5,11,11.5,1,5,2,8,3,12,0,0,1,0,0,0,0,1
176,3276,SF,3,3,0,0,0,4,10,0,80,17,234,37,23,6,3,0,4,199,2,22,6,116,0,0,35,28,0,0,0,0,1,3,42,0,0,38,135,7,3,3,1,20,12,5,3,3,26,2,15,0,0,8,21,1,10,1,0,2,8,8,28,7,37,2,15,4,11,15,73,5,20,12,74,2,36,0,0,3,79,20,138,3,75,9,43,5,26,47,213,17,127,12,103,14,4,3,15,5,9,52,13,68,0,0,0,0,0,0,0,0,48,2,0,246,12,197,0,1,0,4,2,8,5,5,16,5,1,1,6,0,4,0,2,1,2,1,1,0,0
177,3277,MIN,26,9,0,3,14,4,21,2,94,24,327,52,35,4,2,1,2,101,1,-2,3,100,1,0,29,31.5,2,0,2,0,4,4,111,7,2,32,65,10,6,2,2,29,9,13,7,4,16,1,2,2,33,6,18,2,6,4,11,5,8,14,71,7,18,3,5,4,13,15,120,15,57,16,113,1,19,3,43,2,0,24,200,2,13,13,63,13,76,40,202,20,83,21,156,15,88,7,19,9,10,49,11,99,0,0,0,0,4,3,15,48,25,2.5,0,327,11,100,0,2,0,4.5,1,11,8.5,6.5,22.5,7,6,4,6,2,6,0,2,0,0,0,1,1,0
178,3277,WAS,38,0,17,7,14,7,10,3,185,30,178,22,17,1,1,0,3,115,1,1,0,0,2,24,66,28.5,5,3,1,1,1,1,50,3,3,106,30,16,8,3,5,12,5,5,2,6,36,4,17,5,41,3,19,3,10,1,6,8,20,17,65,6,18,7,66,11,104,6,35,10,99,3,18,1,0,2,30,0,0,7,65,7,49,5,52,3,16,33,214,8,64,9,91,6,23,4,7,6,5,7,5,38,2,48,1,-4,6,24,1,6,4,0,0,269,11,117,0,1,0,10,1,8.5,2.5,7.5,12.5,0,4,3,6,2,7,7,1,4,0,0,2,0,0
179,3278,GB,42,14,7,7,14,5,16,4,99,31,328,37,24,2,0,0,5,171,3,23,3,86,3,37,51,28,6,0,6,0,0,0,0,3,3,25,155,12,8,3,1,19,6,9,4,2,-2,4,7,0,0,13,51,6,20,5,20,1,3,18,59,9,29,4,11,0,0,9,47,5,61,12,65,2,0,3,42,6,123,29,256,0,0,7,74,1,8,47,324,12,107,16,111,11,110,3,13,8,6,26,15,123,0,0,0,0,2,0,9,46,10,0,0,421,12,152,0,3,0,11.5,0.5,10.5,0.5,9,17,0,4,3,9,1,9,0,0,2,1,1,1,0,0
180,3278,HOU,24,0,10,7,7,6,16,1,90,28,231,38,22,3,3,0,4,206,1,19,3,65,0,0,69,32,3,2,0,0,1,1,51,2,2,27,27,9,3,4,2,17,7,7,3,2,8,4,1,4,9,6,23,0,0,10,43,2,4,14,32,11,26,3,30,1,-2,11,124,13,91,9,40,2,0,1,0,2,0,12,75,10,52,10,71,6,57,28,145,18,103,14,83,9,45,4,12,6,6,15,8,19,0,0,0,0,4,5,5,12,24,1,0,224,12,183,0,0,0,6.5,1,12.5,4.5,7,16.5,0,1,1,9,2,5,0,2,0,0,2,2,2,0
181,3279,DEN,35,0,0,14,21,3,13,2,60,19,309,30,24,0,1,2,5,223,2,12,4,68,4,61,81,26.5,5,0,3,2,0,0,0,1,1,0,161,9,6,3,0,19,10,7,2,2,9,5,6,0,0,8,28,1,8,3,8,0,0,13,42,4,13,2,4,0,0,15,115,1,0,8,45,1,25,1,19,4,105,2,37,14,146,9,84,5,42,34,254,11,100,13,144,6,65,5,13,6,4,2,4,17,4,27,4,36,1,2,2,14,0,0,0,294,11,209,0,2,0,4.5,0,11,5,3.5,16,0,1,0,6,1,6,14,1,4,1,1,2,1,0
182,3279,SD,24,10,14,0,0,4,16,3,90,27,218,41,25,4,4,2,4,180,4,14,5,126,1,80,64,33.5,3,0,2,1,1,1,32,3,2,23,48,12,9,2,1,20,10,5,5,4,9,1,3,1,0,14,55,1,1,3,14,3,8,19,77,7,12,1,1,0,0,14,87,6,34,13,78,0,0,5,25,2,23,12,90,7,22,13,93,9,42,41,167,14,102,16,63,15,58,5,17,3,8,14,11,87,5,20,12,54,2,8,4,26,24,1,0,409,13,168,0,3,0,10,1.5,12,4.5,5,17,0,2,1,9,2,5,7,3,2,0,4,0,1,0
183,3280,SEA,6,3,3,0,0,6,5,2,137,28,115,23,9,2,1,0,4,194,2,5,0,0,1,4,20,28,0,0,0,0,2,3,87,1,0,44,63,16,10,5,1,7,3,1,3,5,27,4,5,3,12,4,27,2,14,6,32,4,20,16,85,9,46,3,6,2,11,3,52,0,0,10,18,0,0,2,16,7,36,7,32,8,65,4,0,4,25,19,92,6,28,8,1,11,86,2,4,3,5,17,5,32,5,17,8,12,0,0,1,0,7,2,0,154,10,124,0,1,0,9,0,13.5,1,5.5,8,0,2,1,4,0,6,0,1,1,0,1,0,1,1
184,3280,SF,13,3,0,7,3,8,9,1,177,30,138,23,14,2,1,0,5,228,3,70,2,41,1,1,40,32,1,0,1,0,2,2,66,4,1,106,0,13,7,6,0,10,5,2,3,6,12,4,44,5,28,8,57,4,23,1,2,2,12,16,79,12,93,2,6,4,13,9,49,6,43,6,48,1,0,0,0,1,0,6,31,8,32,1,12,8,65,16,33,10,63,6,34,9,41,3,8,3,8,54,10,44,12,87,2,3,6,11,4,10,2,0,0,343,10,223,0,4,0,5.5,1,18,5,6.5,7,0,0,0,9,2,5,0,1,0,1,1,0,2,1
185,3281,TEN,35,14,7,7,7,7,12,2,198,26,193,33,22,2,0,0,3,124,0,0,5,116,1,0,25,29.5,5,4,1,0,0,0,0,4,4,151,29,14,7,5,2,15,2,5,8,0,0,4,16,3,45,12,76,5,15,1,1,1,3,15,82,9,46,2,28,0,0,8,56,13,130,9,19,0,0,2,0,1,0,14,73,7,57,7,54,5,21,23,170,8,5,13,73,14,115,9,7,6,7,65,7,60,6,34,14,55,9,35,6,22,12,0,0,388,10,104,1,2,0,6,0,10.5,9.5,5.5,11.5,4,3,3,10,5,6,0,0,0,1,1,0,1,0
186,3281,BUF,34,14,6,14,0,6,14,2,166,24,216,35,27,1,1,1,1,22,0,0,4,184,0,0,65,30.5,4,0,3,0,2,2,73,3,2,90,67,16,9,7,0,19,7,5,7,0,0,2,13,2,22,13,89,3,13,3,22,1,7,12,83,11,73,1,10,2,23,8,53,10,53,12,53,1,0,3,46,1,20,13,124,1,5,4,15,17,81,43,272,15,68,9,41,12,107,7,15,5,6,45,7,48,4,22,8,9,2,-2,3,23,9,0,0,220,9,22,0,0,1,5.5,1,6,6.5,12.5,16.5,2,5,3,5,1,3,0,3,1,0,0,2,2,0
187,3282,NO,35,7,21,0,7,5,17,1,81,26,377,36,27,0,1,0,4,205,1,15,0,0,0,0,55,26,5,1,4,0,0,0,0,3,3,22,173,13,10,2,1,25,10,7,8,2,18,0,0,5,8,12,38,5,15,0,0,2,2,17,72,7,5,2,4,1,1,12,86,6,33,11,81,2,18,2,36,3,123,13,148,13,169,4,27,6,33,28,250,10,169,13,104,13,104,6,11,10,7,24,9,92,5,19,6,24,3,7,6,58,0,0,0,217,10,190,0,2,0,7,0,7.5,3,9.5,18,1,3,2,7,4,5,0,1,3,0,1,3,1,0
188,3282,TB,28,14,7,0,7,5,18,3,98,25,415,41,24,1,0,0,3,126,2,15,1,16,1,30,55,34,4,1,3,0,0,1,0,5,3,71,216,7,3,3,1,19,8,6,5,3,22,4,21,9,40,3,1,3,20,1,-4,2,-2,14,27,8,71,3,0,2,9,13,108,8,47,9,66,3,76,3,60,5,28,28,252,0,0,8,90,5,43,33,228,17,164,13,122,12,94,3,10,11,7,67,7,43,0,0,8,70,5,-5,10,56,5,0,0,283,11,111,0,0,0,8.5,1,6.5,3,8,17,0,5,3,8,1,10,0,1,2,3,1,1,2,0
189,3283,CLE,13,0,6,7,0,3,14,2,55,17,264,41,25,0,0,0,5,207,2,12,2,55,0,0,75,24.5,2,0,2,0,0,0,0,1,1,13,58,7,3,3,1,23,9,9,5,2,-3,2,2,0,0,10,46,0,0,3,10,0,0,8,23,6,13,3,19,0,0,8,63,10,74,14,85,2,0,1,0,6,33,17,97,14,90,4,40,6,28,26,147,17,112,13,77,11,66,5,17,3,7,24,7,55,4,21,12,45,3,0,3,32,0,0,0,212,10,199,0,2,0,2.5,2,9,7.5,5.5,12.5,0,3,1,6,3,4,0,2,3,0,1,1,1,1
190,3283,IND,17,7,7,3,0,10,8,3,148,37,173,29,16,3,0,1,5,242,1,8,1,24,0,0,50,35.5,2,2,0,0,1,1,38,3,2,26,30,25,13,9,3,13,4,5,4,12,65,4,12,1,7,15,45,1,3,0,0,4,16,19,67,13,72,5,9,3,12,10,53,6,69,4,34,5,0,1,30,3,0,17,119,6,22,4,26,2,19,20,144,9,48,12,54,11,71,0,13,3,7,23,4,67,14,57,3,0,4,14,1,9,13,1,1,217,9,190,2,1,0,10.5,0,10,4,14.5,12,1,4,3,7,1,6,0,2,1,3,0,0,1,0
191,3284,WAS,23,3,10,0,10,11,12,1,248,38,232,28,20,3,1,3,1,33,2,13,1,17,2,7,55,32.5,2,0,2,0,3,3,108,2,0,138,102,20,12,5,3,14,5,3,6,9,47,4,24,3,10,6,19,3,33,1,5,12,111,24,176,10,55,4,18,9,89,5,63,9,81,7,42,2,53,4,19,0,0,10,86,5,67,8,89,4,16,53,416,9,61,10,69,12,102,5,7,8,11,52,5,36,9,56,15,100,4,20,3,-8,26,0,0,248,10,33,0,0,0,13,0,15.5,4.5,8.5,11.5,0,6,5,5,1,4,0,1,0,2,2,0,2,0
192,3284,NYG,27,0,13,0,14,4,17,1,65,18,329,40,26,1,2,0,3,120,0,0,4,106,1,41,30,27.5,3,2,1,0,2,2,66,3,2,15,129,10,4,5,1,22,9,6,7,3,13,1,15,2,4,2,3,5,16,3,10,2,4,9,27,8,33,1,5,1,5,12,65,13,74,10,69,2,0,1,60,2,52,21,167,4,32,8,79,7,42,27,230,19,102,11,113,11,97,6,14,6,3,6,6,67,4,10,9,80,7,22,6,13,8,0.5,0,355,11,107,0,1,0,6,0.5,3.5,9.5,6.5,14,0,5,3,5,3,1,0,1,1,0,0,0,1,0
193,3285,DAL,19,0,3,10,6,4,11,3,86,30,227,34,24,0,0,1,4,197,3,17,0,0,1,0,43,33.5,1,0,1,0,4,4,134,3,0,10,84,13,7,6,0,15,5,4,6,5,0,1,2,7,26,8,34,2,-1,3,6,4,19,17,51,10,30,3,5,0,0,8,71,10,86,14,51,1,26,1,0,0,0,9,104,9,41,8,44,8,45,21,142,10,65,13,81,11,88,8,13,3,8,21,11,67,13,39,8,36,4,6,3,6,0,0,0,315,11,193,0,2,0,8.5,0.5,15,13.5,6.5,9,0,2,1,7,2,8,0,1,2,0,0,1,2,0
194,3285,CAR,14,0,7,0,7,7,9,2,112,21,216,36,21,2,1,1,6,248,4,4,2,48,0,0,71,26.5,2,1,1,0,0,0,0,3,2,79,84,10,3,6,1,14,8,5,1,1,0,6,22,2,8,7,32,3,20,1,6,1,24,11,19,8,69,2,24,6,64,15,127,4,9,11,64,2,26,1,0,3,0,17,136,0,0,14,79,5,11,44,267,15,108,13,80,10,21,6,11,4,2,5,5,8,3,23,19,88,4,5,8,25,17,1.5,0,260,11,231,0,2,0,4,0.5,13,5.5,3,11,6,2,0,8,1,5,0,3,1,1,1,2,1,0
195,3286,GB,30,10,0,7,13,2,18,2,71,25,332,36,30,3,0,0,3,116,1,15,1,23,1,0,30,33,3,0,3,0,3,4,118,3,2,34,91,6,4,2,0,24,8,7,9,4,31,7,6,1,-2,6,19,4,22,3,-5,0,0,15,34,10,37,0,0,0,0,11,84,5,58,13,92,2,0,0,0,5,108,27,264,1,2,2,31,6,45,41,312,12,79,12,81,15,172,8,15,7,5,23,8,77,5,6,5,74,2,1,6,22,10,0,0,333,11,116,0,2,0,7.5,0,11.5,8,6,19,10,3,2,7,4,9,0,1,2,0,1,0,2,0
196,3286,STL,20,3,3,0,14,7,11,1,108,22,246,33,21,3,1,0,2,99,0,0,3,82,0,0,30,27,2,1,1,0,2,2,93,3,2,55,98,13,6,5,2,14,6,5,3,2,20,3,17,3,9,3,15,2,9,4,14,5,24,11,54,9,47,2,7,0,0,14,111,5,46,8,57,4,0,1,22,1,19,15,150,10,57,4,5,4,43,23,121,14,132,10,50,12,64,7,7,7,8,41,7,39,0,0,0,0,3,12,6,19,9,3,0,186,9,84,0,1,0,4,0.5,10.5,4.5,6.5,15,3,3,2,7,1,3,0,2,1,1,3,1,1,0
197,3287,BAL,13,3,0,7,3,4,6,2,55,12,121,43,21,4,2,0,5,253,1,1,7,201,0,0,56,21.5,1,0,1,0,2,2,105,2,1,17,0,8,5,1,2,16,9,5,2,0,0,2,5,2,5,6,27,1,1,1,17,0,0,8,45,2,3,2,7,2,7,13,27,6,35,20,85,0,0,1,0,2,0,21,65,3,32,13,38,5,12,35,94,15,68,18,21,14,32,6,13,2,5,36,9,16,0,0,0,0,0,0,3,7,26,2,0,317,12,244,0,1,0,5,0.5,3,7,4,11.5,1,3,2,7,1,2,0,0,0,0,1,1,4,0
198,3287,HOU,43,9,20,7,7,11,13,3,182,36,239,37,23,2,0,0,5,240,4,9,1,17,2,52,60,38.5,5,2,2,1,2,2,62,5,3,51,79,23,10,7,6,19,10,7,2,3,13,11,55,3,14,7,35,3,16,6,28,3,22,18,80,11,57,7,46,0,0,10,78,13,40,7,40,1,0,4,64,2,34,16,160,2,0,12,91,7,5,19,74,16,110,15,90,8,39,4,14,5,8,38,11,49,0,0,0,0,9,47,3,1,17,1,1,369,12,239,0,2,0,8,0,18,4,8,16,0,5,5,6,1,2,9,0,3,0,0,2,0,0
199,3288,ARI,14,0,7,0,7,5,15,1,126,26,230,36,25,7,1,1,6,234,4,7,1,13,2,0,82,35,2,1,1,0,0,1,0,4,2,54,43,15,9,6,0,21,10,6,5,3,50,2,15,5,18,11,23,1,3,0,0,4,17,15,86,11,40,0,0,0,0,8,68,12,91,10,60,0,0,4,43,2,0,16,132,7,26,7,54,6,50,33,178,16,126,11,64,16,40,5,13,7,8,33,9,41,0,0,0,0,4,8,4,12,32,0,1,462,13,234,0,5,0,7,3,10.5,2.5,6.5,17.5,0,4,2,7,2,6,0,2,1,2,1,3,0,0
200,3288,MIN,21,7,7,7,0,7,2,3,166,27,43,17,8,3,2,0,7,280,1,0,2,47,1,31,35,25,3,1,1,1,0,0,0,2,2,91,0,16,9,6,1,6,2,3,1,2,10,3,52,3,32,15,59,2,6,2,7,0,0,15,104,8,53,4,9,1,2,6,17,0,0,11,41,0,0,0,0,0,0,1,8,7,44,4,0,4,6,11,21,6,4,7,36,7,3,3,5,0,6,50,3,15,4,13,0,0,4,22,1,3,15,2,0,259,12,273,0,1,0,4.5,0,9.5,4,11,3,0,4,0,3,0,3,7,1,2,2,2,0,0,1
201,3289,NYJ,26,7,3,3,13,7,16,3,106,33,297,41,28,4,1,1,3,170,3,22,4,116,0,0,60,36,2,1,1,0,4,4,161,4,2,13,137,15,8,4,3,22,8,9,5,0,0,4,22,6,10,17,54,4,12,1,8,0,0,20,62,9,36,3,8,0,0,9,35,12,65,9,55,2,19,2,47,7,107,18,175,3,0,9,108,11,45,20,111,15,118,18,103,12,76,6,12,10,9,25,8,62,8,22,6,16,10,29,5,4,31,2.5,0,300,12,129,1,0,0,10.5,1,16.5,12,4,12,1,5,3,8,4,5,0,2,2,1,1,2,1,0
202,3289,NE,29,14,2,7,3,6,17,3,131,31,250,42,26,1,0,1,6,269,2,21,8,222,1,0,40,31.5,3,0,2,0,2,2,91,2,2,52,41,14,8,5,1,20,7,5,8,3,17,4,4,6,19,6,24,7,28,2,28,3,11,17,84,12,43,2,4,0,0,8,51,9,89,13,85,8,34,1,0,2,0,16,72,4,16,16,132,5,39,40,258,16,86,12,59,15,105,7,11,8,6,29,12,79,4,11,15,95,2,-1,4,35,9,1,0,211,10,247,0,4,1,8.5,2,12.5,4.5,10,16.5,28,4,3,8,3,8,2,1,2,0,0,5,0,0
203,3290,JAC,23,7,10,3,3,3,6,1,55,25,155,32,17,3,0,1,9,379,4,44,3,54,1,2,92,30,2,1,1,0,3,3,135,1,1,0,68,6,2,4,0,9,5,3,1,4,1,1,7,5,8,8,23,2,6,2,5,3,5,13,23,10,31,2,1,2,5,12,55,6,47,10,22,1,42,2,0,1,19,10,83,8,24,4,20,10,58,26,114,10,58,11,53,14,48,4,10,3,7,12,8,99,4,4,12,44,1,5,2,11,26,1,0,596,17,353,1,2,0,12,2,8,2,4,12,1,3,0,12,1,8,0,0,2,1,0,2,1,0
204,3290,OAK,26,3,3,7,10,8,9,3,70,25,282,45,26,2,1,2,6,264,5,6,4,99,0,0,58,32,2,1,1,0,4,5,125,5,2,13,117,10,3,5,2,18,10,4,4,3,0,8,24,0,0,9,31,2,2,2,4,1,9,9,26,13,37,3,7,5,15,12,63,16,89,8,29,3,23,3,35,3,59,19,162,2,0,10,44,14,92,23,95,21,101,12,66,14,115,9,11,6,5,4,7,71,5,25,12,53,5,8,9,29,16,0,0,464,15,200,1,1,0,14.5,1.5,5.5,9.5,4,13,18,2,2,13,4,6,0,2,3,1,3,0,0,0
205,3291,PIT,24,3,11,3,7,10,12,0,168,28,264,38,27,3,1,1,3,120,3,10,4,122,1,11,50,37.5,2,1,1,0,3,3,131,3,2,130,145,15,7,3,5,18,6,7,5,2,13,3,28,3,22,3,10,9,68,3,8,5,19,17,57,6,39,5,72,0,0,4,2,13,135,12,78,3,23,3,20,3,20,25,188,1,20,9,60,3,10,21,133,13,54,17,105,11,105,9,11,7,3,2,9,69,11,88,8,45,2,12,5,20,14,0,0,316,11,115,0,2,0,8.5,3,11,10.5,7.5,11.5,0,4,4,8,4,6,0,0,6,0,0,0,0,0
206,3291,CIN,17,7,7,3,0,6,5,0,81,20,105,28,14,0,1,0,6,311,1,5,5,134,1,0,20,22.5,2,1,1,0,1,1,48,2,2,26,0,14,7,3,4,9,3,4,2,0,0,1,4,1,7,2,6,4,18,12,46,0,0,12,45,4,13,4,23,0,0,6,18,11,53,7,34,2,0,1,0,0,0,7,11,14,75,5,19,1,0,25,99,7,25,11,45,10,35,6,7,1,9,49,6,31,4,8,7,14,4,20,1,8,0,0,0,306,11,281,1,1,0,5,0,7.5,6,6.5,7,0,4,3,6,1,4,0,0,2,0,0,0,1,1
207,3292,DET,7,0,0,0,7,4,16,1,99,18,241,46,28,3,1,3,8,321,6,7,2,44,0,0,47,25.5,1,0,1,0,0,0,0,4,1,55,67,10,8,2,0,22,12,6,4,0,0,5,29,4,26,0,0,4,20,2,4,3,20,11,69,7,30,0,0,3,23,8,45,9,33,19,81,3,16,1,0,6,86,19,115,7,67,9,43,11,36,50,267,20,144,15,57,14,40,10,11,7,4,22,9,8,0,0,0,0,3,9,9,21,20,0,0,307,12,314,0,3,0,7,1,5,7,4,19,18,4,2,6,1,4,0,2,0,0,1,1,1,0
208,3292,CHI,13,10,0,3,0,7,9,3,172,31,125,32,17,5,0,0,8,324,2,7,2,27,1,2,49,34.5,1,0,1,0,2,3,60,3,1,108,43,13,7,4,2,10,2,4,4,4,21,7,70,4,7,0,0,8,29,4,21,4,24,19,78,9,74,3,20,3,40,8,24,5,24,16,82,1,20,1,0,1,0,16,119,6,27,4,3,6,1,23,111,10,19,13,40,14,66,6,6,5,7,78,10,24,0,0,0,0,2,3,8,4,25,1,1,392,14,317,0,2,0,7,0,9.5,6,14.5,10,2,1,1,11,4,11,0,3,4,0,0,1,1,1
209,3293,TB,36,10,10,10,6,8,14,1,161,39,257,36,19,1,0,0,6,281,3,1,0,0,1,0,49,38,4,1,3,0,3,3,106,4,3,80,124,17,9,6,2,17,4,7,6,5,23,9,39,7,21,12,60,3,1,1,8,2,10,20,66,14,84,5,12,0,0,11,109,8,37,13,52,2,34,1,26,1,0,17,108,6,27,3,40,10,83,29,218,12,27,13,124,12,102,3,12,4,8,66,12,55,0,0,0,0,8,11,9,41,5,0,0,415,14,250,0,0,0,7,1,11,5,17,10,0,2,2,11,5,15,0,1,2,0,0,0,3,0
210,3293,MIN,17,0,10,7,0,4,11,1,140,21,229,35,19,3,1,2,6,227,3,31,1,43,0,0,32,22,2,1,1,0,1,1,51,2,1,97,115,10,6,4,0,14,7,2,5,1,5,2,4,2,22,12,38,1,0,1,40,2,-4,11,53,9,64,1,-12,4,0,9,79,2,22,15,82,5,61,0,0,3,18,28,216,0,0,2,17,4,29,32,217,16,89,9,56,13,95,5,7,7,7,39,6,15,0,0,0,0,2,4,4,18,22,1,0,335,14,226,0,0,0,4.5,2,3,3.5,9.5,12.5,0,2,0,10,5,8,0,3,0,0,0,1,2,0
211,3294,CAR,22,3,10,6,3,6,12,3,119,36,297,39,20,2,2,0,3,77,0,0,0,0,1,2,21,36.5,1,0,0,1,5,5,175,4,1,60,134,16,7,4,5,17,6,5,6,6,23,5,11,7,21,0,0,13,53,4,1,1,16,18,57,11,26,7,42,5,43,11,58,5,36,12,57,5,83,4,78,1,0,20,204,4,0,7,55,7,53,41,272,14,140,14,62,13,93,2,10,8,6,14,11,103,7,31,4,7,6,27,4,0,17,0,0,315,12,66,0,0,0,13.5,0.5,11,3.5,11.5,14,3,5,3,10,4,14,0,0,1,1,0,2,1,0
212,3294,CHI,23,7,0,0,16,3,13,2,79,19,131,28,19,6,1,2,4,179,2,11,7,44,2,27,40,23.5,3,1,1,1,1,2,41,3,2,29,24,7,5,2,0,15,8,5,2,3,23,3,1,3,7,0,0,5,24,1,2,4,22,13,54,6,25,0,0,1,4,9,60,10,98,7,28,0,0,1,0,1,0,14,98,6,52,3,12,5,24,24,97,14,74,12,38,8,19,4,13,2,5,44,7,-5,1,3,7,52,3,16,3,11,55,0,0,410,11,179,0,3,0,6,0,8.5,8,3.5,10,6,0,0,7,1,5,6,1,1,0,1,1,2,0
213,3295,SD,6,0,3,3,0,8,9,0,117,34,148,33,18,1,0,1,6,279,5,46,2,32,0,0,15,31,0,0,0,0,2,2,74,2,0,21,46,18,7,8,3,14,7,4,3,0,0,8,30,6,20,0,0,10,23,10,50,0,0,16,66,13,41,5,16,0,0,9,74,8,49,10,31,1,0,2,0,3,0,7,43,4,0,9,25,12,94,31,152,12,65,9,49,13,34,6,10,2,10,47,4,21,10,28,11,60,1,-6,1,-8,6,0,0,276,11,272,0,3,0,6.5,2.5,18,6,9.5,8.5,3,4,3,7,1,5,0,1,0,0,1,1,0,0
214,3295,CLE,7,7,0,0,0,6,7,2,135,31,117,27,11,2,0,0,9,356,2,7,2,47,0,0,35,29,1,1,0,0,0,0,0,0,0,73,48,15,8,5,2,9,4,2,3,0,0,3,23,5,6,5,-10,14,79,4,17,0,0,14,49,11,51,6,15,2,6,8,26,2,0,14,81,2,0,0,0,1,22,10,74,2,7,8,26,7,22,9,39,10,52,9,28,10,37,2,6,3,11,43,6,17,5,25,4,23,0,0,0,0,12,1,0,285,11,290,1,3,0,4,0,16.5,4,8.5,7,1,5,3,11,2,8,0,1,3,0,0,0,0,0
215,3296,ATL,30,14,10,3,3,6,14,4,146,37,246,29,22,2,0,0,2,52,1,11,2,30,0,0,40,33,3,0,3,0,3,3,102,4,2,74,100,16,10,5,1,17,3,8,6,3,17,1,-1,2,9,20,75,1,6,3,5,7,32,23,71,10,71,4,1,0,0,9,145,2,8,18,106,0,0,0,0,0,0,9,158,2,30,5,29,13,42,22,232,7,27,14,148,10,68,7,11,4,13,28,11,80,0,0,0,0,6,8,10,39,16,0,0,267,9,45,0,0,0,15,3,9,5,12,11,4,3,2,6,2,11,0,1,0,3,2,0,2,0
216,3296,PHI,17,0,7,3,7,9,10,1,92,24,178,35,21,3,0,0,3,144,1,7,5,89,0,0,57,27,2,1,1,0,1,1,33,3,2,33,32,13,7,2,4,16,7,6,3,6,25,0,0,2,1,3,15,0,0,3,6,10,45,12,47,6,8,6,37,7,42,11,56,8,34,15,101,1,0,0,0,0,0,25,137,1,0,5,32,4,22,45,213,15,74,13,82,10,22,6,12,3,1,-1,3,6,0,0,0,0,7,17,5,17,13,0,1,265,10,133,0,2,0,6,3,8.5,2.5,7.5,10.5,2,3,2,7,1,6,0,0,1,0,1,6,1,0
217,3297,MIA,30,10,10,7,3,3,8,3,101,29,139,24,13,2,0,1,6,320,2,26,2,78,1,29,31,29,3,1,1,0,3,3,114,3,2,34,67,13,7,5,1,11,3,5,3,4,9,4,23,4,9,12,57,2,4,3,0,0,0,15,52,11,47,3,3,0,0,5,34,1,17,11,31,5,67,0,0,1,0,15,69,3,67,3,4,3,9,14,98,8,34,8,45,10,60,4,6,3,8,36,9,37,0,0,0,0,4,6,5,24,10,2,0,501,14,280,2,4,0,7,0,13,2,7,10,8,3,0,5,1,10,0,1,1,0,0,2,0,1
218,3297,NYJ,9,0,0,3,6,3,17,2,105,21,258,54,28,4,1,1,7,273,0,0,4,101,0,0,45,31,1,0,1,0,1,2,38,4,1,36,64,11,7,2,2,22,9,8,5,4,21,2,2,2,5,6,19,2,12,5,46,0,0,16,86,3,12,2,7,2,8,15,57,13,89,17,94,1,0,3,43,3,0,18,72,16,111,12,67,7,33,44,227,18,102,22,87,18,69,11,10,7,4,7,9,15,0,0,0,0,2,-1,9,5,25,1,2,300,13,248,0,1,0,6.5,1.5,7,8.5,5.5,17,13,4,3,10,2,5,0,0,0,1,1,0,2,0
219,3298,SEA,24,3,14,0,7,6,12,3,133,19,236,35,25,0,1,1,3,145,3,29,4,68,1,0,10,25.5,3,1,2,0,1,2,23,3,2,98,0,9,6,3,0,17,9,4,4,4,16,5,-2,0,0,6,36,0,0,1,6,3,40,13,86,6,10,0,0,1,9,8,44,7,78,15,74,2,16,1,0,2,18,15,113,3,17,8,49,9,51,25,172,14,107,11,55,10,68,6,14,5,4,2,8,55,4,17,10,88,3,9,4,30,0,0,0,226,10,139,0,3,0,8.5,0,6.5,7.5,3,14.5,1,2,1,4,1,6,0,0,0,1,1,2,0,0
220,3298,DET,28,7,7,0,14,3,23,0,84,22,331,49,34,2,1,0,4,176,1,6,1,21,1,26,61,34.5,4,1,3,0,0,0,0,3,3,26,91,10,6,3,1,27,8,8,11,1,10,3,7,0,0,9,37,0,0,5,15,4,15,14,43,7,40,1,1,4,12,10,86,14,93,19,107,3,0,0,0,3,66,17,146,5,37,17,120,10,49,50,340,17,91,19,93,15,147,7,21,6,5,30,10,70,6,13,16,84,6,11,9,35,21,1,0,182,9,147,0,0,0,9,0.5,7,10,5,20.5,5,4,4,10,6,3,0,1,0,1,3,2,0,0
221,3299,JAC,15,3,9,0,3,1,14,3,62,20,279,49,27,2,0,1,6,203,1,0,4,84,0,0,77,31,1,0,1,0,3,3,92,3,1,21,119,4,4,0,0,17,5,7,5,3,21,4,10,3,9,4,6,2,7,2,3,2,8,13,49,7,15,0,0,1,0,11,86,9,45,17,60,2,41,6,35,3,36,27,202,4,7,7,21,9,72,40,236,17,70,16,108,18,101,9,7,11,7,35,9,67,0,0,7,48,3,8,8,11,24,1,1,361,13,183,1,0,0,5,0.5,9,6,6,19.5,2,0,0,11,3,4,0,0,1,0,0,4,1,1
222,3299,GB,24,7,7,0,10,5,9,6,67,25,172,36,22,2,0,1,5,225,1,0,2,57,0,0,33,29,3,0,2,0,1,2,25,4,2,0,51,12,6,2,4,16,8,7,1,2,4,5,15,5,6,6,20,1,4,4,8,2,10,14,40,6,15,5,12,2,5,13,72,5,29,13,54,2,0,2,31,1,0,16,106,3,19,9,24,8,37,29,129,14,83,15,76,9,13,9,11,2,6,22,6,49,6,13,8,45,3,6,6,14,14,0,0,436,13,205,1,1,0,12.5,1,7,3,5.5,16,10,5,4,5,0,4,0,1,0,0,2,1,1,0
223,3300,NE,45,7,21,10,7,9,16,4,155,25,321,38,24,0,0,0,2,113,3,16,1,19,2,53,42,29,6,2,4,0,1,1,26,7,6,132,106,12,6,4,2,22,9,7,6,2,13,4,-4,7,33,2,8,6,32,3,32,1,40,14,62,8,87,3,5,0,0,15,112,10,107,8,58,1,25,2,0,2,19,14,76,2,8,14,164,8,73,31,236,17,137,12,76,9,108,2,12,10,6,30,8,119,0,0,0,0,8,3,13,71,0,0,0,307,10,93,1,1,0,5.5,0,10.5,6,7,14,0,5,4,5,3,8,0,1,3,3,3,1,0,0
224,3300,STL,7,7,0,0,0,7,9,1,108,22,219,33,24,2,2,0,4,195,1,0,5,93,0,0,102,31,1,0,1,0,0,0,0,1,0,52,111,13,6,6,1,14,8,3,3,3,14,3,21,4,12,2,8,3,4,3,32,3,16,11,60,8,53,2,-6,3,8,13,54,6,39,9,41,3,61,1,50,0,0,7,109,10,54,8,62,7,20,19,56,13,121,11,81,11,18,8,11,5,5,19,6,96,0,0,0,0,0,0,1,0,25,0,0,208,10,179,0,1,0,5,3,10,8,6,12,0,4,4,5,0,4,0,2,2,2,0,3,1,0
225,3301,WAS,12,0,6,3,3,6,10,1,88,19,169,35,16,1,0,0,4,151,2,34,4,97,0,0,55,27,1,0,1,0,2,2,93,3,1,44,89,11,5,5,1,13,6,3,4,3,20,4,12,1,11,5,9,1,5,4,18,1,7,10,36,6,40,3,6,4,4,11,25,8,14,7,33,4,68,2,16,3,21,12,62,12,35,8,80,2,0,35,121,14,123,10,32,12,14,5,7,4,5,21,4,51,0,0,0,0,4,11,8,-8,8,1,0,224,10,126,0,0,0,3.5,2,7.5,3.5,7,9.5,0,2,1,5,0,4,0,3,1,1,1,0,3,0
226,3301,PIT,27,10,10,7,0,7,16,2,140,27,215,33,24,1,0,0,3,152,3,25,3,51,0,0,20,33,3,0,3,0,2,2,75,5,3,101,52,13,8,3,2,18,9,6,3,1,13,4,23,4,13,8,18,5,42,4,28,1,3,17,88,5,28,5,24,2,6,12,91,6,27,13,86,0,0,1,18,1,0,20,156,0,0,7,47,6,19,24,209,13,123,13,58,8,34,8,12,4,5,45,11,73,0,0,0,0,5,5,10,35,7,1,0,258,9,118,0,2,0,4,1,11,7,12,13,10,3,2,8,2,5,0,0,0,0,1,1,2,1
227,3302,IND,19,3,0,3,7,12,16,2,172,33,286,38,26,2,1,0,2,87,1,13,3,28,0,0,45,34,2,1,1,0,2,3,64,4,2,68,84,21,13,6,2,22,8,9,5,1,0,5,32,2,8,17,87,2,20,3,15,3,10,20,109,9,44,4,19,5,29,13,96,7,29,12,92,1,22,2,37,3,22,18,133,7,44,4,35,9,86,19,161,16,104,15,102,9,81,4,14,8,7,40,4,43,15,67,12,115,6,21,6,25,11,1,0,204,9,48,1,0,0,4.5,1,13,5,14.5,17,13,4,3,7,3,6,0,0,1,1,1,2,2,0
228,3302,TEN,13,3,7,0,3,7,11,2,112,25,227,29,22,2,0,0,3,130,1,19,1,7,1,0,65,31,1,0,1,0,2,3,69,2,0,46,81,10,4,6,0,14,5,4,5,4,20,4,21,3,20,5,15,2,4,5,13,2,15,13,49,12,59,0,0,2,6,8,41,3,30,12,84,3,23,1,0,2,58,11,103,7,54,7,60,4,19,9,71,12,88,8,59,11,80,6,10,6,7,23,8,55,7,38,8,59,3,-3,1,-1,9,1,0,148,7,117,0,1,0,4,0.5,14.5,3,6.5,17.5,0,1,1,7,1,5,0,2,3,0,1,1,1,0
229,3303,OAK,26,3,10,10,3,6,8,1,136,33,209,28,14,0,1,0,6,256,3,38,2,46,2,25,20,29,2,0,2,0,4,4,132,6,1,89,119,12,5,6,1,11,4,6,1,5,53,3,11,0,0,18,48,0,0,1,2,6,22,19,74,11,61,3,1,0,0,12,156,3,9,9,44,2,0,0,0,2,0,11,128,8,9,3,49,6,23,15,119,8,37,11,159,9,13,3,6,5,9,14,7,89,0,0,0,0,6,6,8,16,0,0,0,508,14,177,1,1,0,11,0,13.5,4,8.5,8,13,1,0,5,1,9,0,0,0,0,0,0,1,1
230,3303,KC,16,0,6,3,7,5,11,1,103,21,197,34,22,3,2,2,5,236,5,59,2,52,1,17,40,31,1,0,1,0,3,3,124,3,1,68,66,7,2,3,2,14,9,3,2,3,3,2,1,0,0,12,71,0,0,2,2,2,24,9,17,9,53,3,31,8,52,10,53,7,50,11,50,3,0,3,66,0,0,16,126,1,0,11,75,6,18,33,184,19,123,9,53,9,21,7,12,3,6,23,5,-6,0,0,0,0,4,8,3,-2,22,2,0,395,13,198,0,2,0,4,1,8,11,8,9,6,1,1,5,2,4,0,0,3,1,1,1,0,0
231,3304,NYG,29,13,10,0,6,4,7,0,103,28,190,29,15,1,1,1,6,287,1,1,4,86,4,103,45,27.5,2,1,0,1,5,5,184,4,1,48,85,12,6,6,0,10,5,2,3,4,16,4,20,6,30,5,23,1,14,6,8,2,-1,15,63,10,44,3,3,1,3,6,12,8,38,10,57,2,29,1,56,2,0,15,69,6,94,6,29,2,0,22,118,9,62,9,29,12,99,5,6,4,10,24,8,79,9,37,6,68,6,21,1,0,2,1,0,483,14,279,0,2,0,12,1,12,2.5,3,11.5,0,2,0,6,2,8,7,0,1,1,1,5,0,0
232,3304,DAL,24,0,10,14,0,4,21,3,20,16,415,61,36,4,4,2,4,165,2,8,6,142,1,0,10,32.5,3,2,1,0,1,1,51,4,3,0,177,6,2,3,1,34,17,10,7,3,5,0,0,1,3,6,19,1,0,2,-7,3,0,8,5,7,14,1,1,1,1,14,58,14,153,15,76,8,101,5,25,5,24,27,243,3,0,26,181,4,13,44,229,28,128,22,198,15,89,8,19,9,4,11,9,37,2,-6,22,116,7,9,11,35,22,0,0,383,15,164,0,3,0,4.5,1,8,10,0.5,24,1,4,1,7,3,7,0,0,2,0,2,0,0,0
233,3305,NO,14,0,7,0,7,2,12,0,52,16,201,42,22,1,1,0,8,413,1,-1,0,0,0,0,15,25,2,0,2,0,0,0,0,1,1,0,49,8,5,3,0,17,5,9,3,1,8,2,6,1,-3,5,26,2,12,2,6,3,-3,10,33,6,19,0,0,0,0,14,71,4,71,16,53,2,0,4,18,1,0,20,88,1,0,10,63,11,62,40,183,13,51,15,116,15,34,5,11,6,6,16,9,29,0,0,0,0,0,0,1,18,12,1,0,236,12,370,0,4,0,3,1.5,8.5,8,4.5,8.5,0,3,0,7,0,5,0,1,1,0,0,4,0,0
234,3305,DEN,34,7,10,7,10,11,16,2,226,40,305,30,22,0,0,1,5,232,4,43,1,12,1,8,34,35,4,1,3,0,2,2,66,6,4,119,198,27,19,7,1,18,8,6,4,3,37,5,34,1,4,18,77,4,19,4,26,5,29,26,165,9,47,5,14,1,4,13,99,3,14,7,68,6,124,0,0,1,0,17,199,1,0,9,77,3,29,22,145,10,197,13,69,7,39,8,5,9,10,42,7,65,0,0,0,0,8,21,9,39,0,0,0,326,12,213,1,3,0,16.5,1,9,2.5,13.5,14.5,1,4,3,6,2,5,0,0,4,1,1,0,0,0
235,3306,SF,24,7,10,7,0,4,10,1,113,29,204,19,18,4,0,0,5,244,5,59,1,31,1,0,80,31.5,3,0,3,0,1,1,43,2,2,29,147,14,8,4,2,13,4,5,4,2,-1,5,26,0,0,19,68,0,0,2,12,1,8,16,64,8,33,5,16,1,6,6,67,2,22,8,92,1,23,1,25,0,0,9,92,3,51,5,72,2,17,8,103,6,37,10,56,7,111,4,8,6,11,66,6,50,0,0,0,0,2,4,4,13,28,2,0,266,10,229,0,3,0,9,0,17.5,2,2.5,12,0,3,2,8,3,7,0,1,2,2,3,0,2,1
236,3306,ARI,3,0,0,3,0,0,15,1,7,9,258,52,32,4,1,0,7,331,4,15,0,0,0,0,51,28.5,0,0,0,0,1,1,28,2,0,11,71,0,0,0,0,22,10,8,4,0,0,1,-2,0,0,4,7,0,0,4,2,0,0,4,-4,4,0,1,11,1,1,14,80,8,44,24,146,2,20,1,0,3,0,22,117,15,57,8,75,6,43,46,169,21,74,18,109,17,75,10,15,7,2,0,5,22,0,0,0,0,1,1,6,13,32,4,0,214,10,252,1,1,0,4,0,5,7.5,0,24.5,12,2,2,13,1,6,0,2,3,0,0,1,0,1
