Date,Visitor,Visitor Score,Home Team,Home Score,Line,Total Line
07/29/1995,Carolina Panthers,20,Jacksonville Jaguars,14,-2,30.5
07/29/1995,Buffalo Bills,15,Dallas Cowboys,21,6,36
07/29/1995,San Francisco 49ers,7,Denver Broncos,9,-3.5,37.5
08/04/1995,Detroit Lions,30,New England Patriots,17,5,36
08/04/1995,Jacksonville Jaguars,24,Miami Dolphins,21,8.5,34
08/04/1995,Cincinnati Bengals,34,Indianapolis Colts,21,4,33.5
08/04/1995,Pittsburgh Steelers,31,Buffalo Bills,10,-1,34
08/04/1995,Carolina Panthers,15,Chicago Bears,18,6.5,31.5
08/05/1995,New Orleans Saints,17,Green Bay Packers,27,3.5,35
08/05/1995,Atlanta Falcons,17,Philadelphia Eagles,25,4,37
08/05/1995,New York Jets,9,Tampa Bay Buccaneers,3,2.5,33.5
08/05/1995,Arizona Cardinals,16,Houston Oilers,13,-2,32
08/05/1995,Washington Redskins,21,Kansas City Chiefs,37,3.5,34
08/05/1995,Los Angeles Raiders,27,Dallas Cowboys,14,6,35
08/05/1995,Denver Broncos,24,San Francisco 49ers,10,7.5,37.5
08/05/1995,St Louis Rams,20,Seattle Seahawks,34,3.5,32.5
08/06/1995,New York Giants,19,Cleveland Browns,13,3,33
08/07/1995,Minnesota Vikings,23,San Diego Chargers,19,2,34
08/10/1995,Jacksonville Jaguars,3,Detroit Lions,19,6.5,38
08/11/1995,Miami Dolphins,0,Atlanta Falcons,37,-1,41.5
08/11/1995,Tampa Bay Buccaneers,31,Cincinnati Bengals,7,3.5,36.5
08/11/1995,New Orleans Saints,13,New York Giants,16,3.5,35
08/11/1995,Kansas City Chiefs,17,Arizona Cardinals,22,3,32
08/12/1995,St Louis Rams,22,Los Angeles Raiders,27,7,37.5
08/12/1995,Denver Broncos,10,Carolina Panthers,19,-3,36
08/12/1995,Buffalo Bills,9,Dallas Cowboys,7,5.5,37
08/12/1995,Houston Oilers,13,Washington Redskins,16,3,37
08/12/1995,Minnesota Vikings,14,New England Patriots,21,5,38.5
08/12/1995,New York Jets,10,Philadelphia Eagles,13,3.5,36
08/12/1995,Indianapolis Colts,20,Seattle Seahawks,17,3,37
08/13/1995,Green Bay Packers,36,Pittsburgh Steelers,13,6,35.5
08/13/1995,San Francisco 49ers,17,San Diego Chargers,6,-4,41
08/14/1995,Chicago Bears,13,Cleveland Browns,55,3,33.5
08/17/1995,Cincinnati Bengals,13,Detroit Lions,20,6.5,39
08/17/1995,New England Patriots,7,Philadelphia Eagles,31,2,37.5
08/18/1995,St Louis Rams,27,Jacksonville Jaguars,10,0,36
08/18/1995,Los Angeles Raiders,17,Minnesota Vikings,20,3,38.5
08/19/1995,Indianapolis Colts,20,Green Bay Packers,17,4,36.5
08/19/1995,Cleveland Browns,10,Atlanta Falcons,19,2.5,37.5
08/19/1995,Washington Redskins,13,Miami Dolphins,27,7,40.5
08/19/1995,Pittsburgh Steelers,7,Tampa Bay Buccaneers,20,-2.5,36.5
08/19/1995,Buffalo Bills,10,Kansas City Chiefs,36,3.5,36
08/19/1995,Carolina Panthers,10,San Francisco 49ers,17,10,38.5
08/19/1995,New York Jets,31,New York Giants,32,2.5,33
08/20/1995,Seattle Seahawks,24,New Orleans Saints,19,3.5,37
08/20/1995,Arizona Cardinals,17,Chicago Bears,16,2.5,33.5
08/21/1995,Dallas Cowboys,17,Denver Broncos,20,-2,40.5
08/24/1995,Philadelphia Eagles,16,Pittsburgh Steelers,6,4,36.5
08/24/1995,Chicago Bears,7,Indianapolis Colts,29,3.5,36.5
08/25/1995,Denver Broncos,17,Jacksonville Jaguars,23,-3,37
08/25/1995,Atlanta Falcons,14,Buffalo Bills,20,2.5,38.5
08/25/1995,New York Jets,30,Cincinnati Bengals,24,2,36
08/25/1995,Detroit Lions,10,New Orleans Saints,24,3.5,39
08/25/1995,Miami Dolphins,17,Tampa Bay Buccaneers,24,-3.5,39
08/25/1995,Washington Redskins,23,Green Bay Packers,35,6.5,37.5
08/25/1995,New England Patriots,24,Los Angeles Raiders,32,3,39
08/25/1995,Cleveland Browns,31,Arizona Cardinals,17,3,34
08/25/1995,St Louis Rams,9,San Diego Chargers,17,7,38
08/26/1995,Kansas City Chiefs,17,Minnesota Vikings,13,4.5,39
08/26/1995,New York Giants,3,Carolina Panthers,6,-2.5,35
08/26/1995,Dallas Cowboys,10,Houston Oilers,0,-6.5,37
08/26/1995,Seattle Seahawks,7,San Francisco 49ers,17,7.5,38.5
