Date,Visitor,Visitor Score,Home Team,Home Score,Line,Total Line
07/31/1998,Seattle Seahawks,20,Dallas Cowboys,19,3,37
08/01/1998,Tampa Bay Buccaneers,30,Pittsburgh Steelers,6,3.5,33.5
08/01/1998,Kansas City Chiefs,24,Green Bay Packers,27,3,36.5
08/02/1998,New England Patriots,13,San Francisco 49ers,14,2,37
08/06/1998,New York Jets,29,Philadelphia Eagles,15,-3,35.5
08/07/1998,Arizona Cardinals,10,Detroit Lions,13,3,36.5
08/07/1998,Tennessee Oilers,31,Atlanta Falcons,16,3.5,36.5
08/08/1998,Buffalo Bills,13,Pittsburgh Steelers,24,8,36
08/08/1998,Chicago Bears,14,Baltimore Ravens,19,4.5,37
08/08/1998,Jacksonville Jaguars,27,Carolina Panthers,30,2,36
08/08/1998,Miami Dolphins,19,Washington Redskins,16,3,36.5
08/08/1998,Cincinnati Bengals,17,New York Giants,24,2.5,36
08/08/1998,Denver Broncos,20,St Louis Rams,13,-3,37
08/08/1998,New Orleans Saints,7,Green Bay Packers,31,8,35.5
08/08/1998,Tampa Bay Buccaneers,13,Kansas City Chiefs,17,4,34.5
08/08/1998,Oakland Raiders,16,Dallas Cowboys,3,7,38.5
08/08/1998,Indianapolis Colts,21,Seattle Seahawks,24,7.5,37
08/08/1998,San Francisco 49ers,21,San Diego Chargers,27,-6,37
08/09/1998,Minnesota Vikings,28,New England Patriots,0,6.5,37
08/13/1998,Tampa Bay Buccaneers,13,Miami Dolphins,14,1,35
08/14/1998,Atlanta Falcons,7,Detroit Lions,3,4,37.5
08/14/1998,Carolina Panthers,12,Buffalo Bills,7,5.5,36.5
08/14/1998,New York Giants,10,Jacksonville Jaguars,24,6,37.5
08/14/1998,Pittsburgh Steelers,17,Philadelphia Eagles,21,-2.5,38
08/14/1998,New Orleans Saints,10,Denver Broncos,17,7.5,37
08/14/1998,Chicago Bears,24,Arizona Cardinals,27,6.5,36
08/15/1998,Washington Redskins,27,Tennessee Oilers,24,2,37
08/15/1998,Baltimore Ravens,33,New York Jets,0,5.5,38.5
08/15/1998,Kansas City Chiefs,0,Minnesota Vikings,34,3,37
08/15/1998,San Francisco 49ers,24,Seattle Seahawks,21,2.5,38
08/15/1998,St Louis Rams,27,San Diego Chargers,41,3,37
08/16/1998,Oakland Raiders,27,Green Bay Packers,21,7,38.5
08/17/1998,Indianapolis Colts,30,Cincinnati Bengals,27,4.5,38
08/17/1998,New England Patriots,21,Dallas Cowboys,3,-1,36.5
08/20/1998,New York Giants,23,New York Jets,27,3,37.5
08/21/1998,Buffalo Bills,17,Chicago Bears,9,2,36.5
08/22/1998,Atlanta Falcons,22,Pittsburgh Steelers,28,6.5,37.5
08/22/1998,Detroit Lions,19,Cincinnati Bengals,33,3,41
08/22/1998,Minnesota Vikings,25,Carolina Panthers,22,-4,36.5
08/22/1998,New England Patriots,20,Washington Redskins,17,3.5,37.5
08/22/1998,Dallas Cowboys,14,St Louis Rams,22,1,36.5
08/22/1998,Jacksonville Jaguars,21,Kansas City Chiefs,22,4.5,38
08/22/1998,San Diego Chargers,33,Indianapolis Colts,3,3,41.5
08/22/1998,Tennessee Oilers,26,New Orleans Saints,24,2,36
08/22/1998,Seattle Seahawks,31,Arizona Cardinals,24,-3,40
08/23/1998,Miami Dolphins,21,San Francisco 49ers,20,4,37.5
08/24/1998,Philadelphia Eagles,6,Baltimore Ravens,23,6,39.5
08/24/1998,Green Bay Packers,31,Denver Broncos,34,3,41
08/24/1998,Tampa Bay Buccaneers,41,Oakland Raiders,7,2,38
08/27/1998,Dallas Cowboys,20,Jacksonville Jaguars,42,7,39
08/27/1998,Detroit Lions,17,Indianapolis Colts,20,2.5,40
08/28/1998,Green Bay Packers,7,Miami Dolphins,21,0,38.5
08/28/1998,Washington Redskins,17,Buffalo Bills,27,1.5,38
08/28/1998,Cincinnati Bengals,0,Atlanta Falcons,17,3,41
08/28/1998,Baltimore Ravens,14,New York Giants,6,3,38
08/28/1998,New York Jets,24,Chicago Bears,7,-5,38
08/28/1998,San Diego Chargers,28,Minnesota Vikings,42,7,42
08/28/1998,St Louis Rams,10,Kansas City Chiefs,6,5.5,37.5
08/28/1998,Tampa Bay Buccaneers,6,New Orleans Saints,10,1,35.5
08/28/1998,San Francisco 49ers,20,Seattle Seahawks,21,7,41
08/29/1998,Denver Broncos,13,Tennessee Oilers,16,0,39
08/29/1998,Arizona Cardinals,21,Oakland Raiders,14,3.5,41
08/29/1998,Philadelphia Eagles,7,New England Patriots,24,7,38
08/29/1998,Carolina Panthers,24,Pittsburgh Steelers,38,5.5,36.5
