<?xml version="1.0" encoding="UTF-8"?> 
<scores>
<league>NFL</league><year>1991</year><season>Pre-Season</season>
<date day="1991-07-26">
<game>
<team tnum="1"><name>Chicago Bears</name><score>6</score><site>V</site><line>3</line></team>
<team tnum="2"><name>Miami Dolphins</name><score>0</score><site>H</site><line>-3</line></team>
</game>
</date>
<date day="1991-07-27">
<game>
<team tnum="1"><name>Denver Broncos</name><score>3</score><line>1.5</line></team>
<team tnum="2"><name>Detroit Lions</name><score>14</score><line>-1.5</line></team>
</game>
<game>
<team tnum="1"><name>San Francisco 49ers</name><score>24</score><site>V</site><line>1</line></team>
<team tnum="2"><name>Los Angeles Raiders</name><score>17</score><site>H</site><line>-1</line></team>
</game>
</date>
<date day="1991-07-28">
<game>
<team tnum="1"><name>Philadelphia Eagles</name><score>13</score><line>1</line></team>
<team tnum="2"><name>Buffalo Bills</name><score>17</score><line>-1</line></team>
</game>
</date>
<date day="1991-08-02">
<game>
<team tnum="1"><name>Cincinnati Bengals</name><score>20</score><site>V</site><line>2.5</line></team>
<team tnum="2"><name>Detroit Lions</name><score>24</score><site>H</site><line>-2.5</line></team>
</game>
<game>
<team tnum="1"><name>Indianapolis Colts</name><score>3</score><site>V</site><line>3.5</line></team>
<team tnum="2"><name>Denver Broncos</name><score>10</score><site>H</site><line>-3.5</line></team>
</game>
</date>
<date day="1991-08-03">
<game>
<team tnum="1"><name>Chicago Bears</name><score>7</score><line>4</line></team>
<team tnum="2"><name>San Francisco 49ers</name><score>21</score><line>-4</line></team>
</game>
<game>
<team tnum="1"><name>Dallas Cowboys</name><score>24</score><site>V</site><line>3</line></team>
<team tnum="2"><name>Kansas City Chiefs</name><score>14</score><site>H</site><line>-3</line></team>
</game>
<game>
<team tnum="1"><name>Houston Oilers</name><score>29</score><site>V</site><line>2</line></team>
<team tnum="2"><name>San Diego Chargers</name><score>31</score><site>H</site><line>-2</line></team>
</game>
<game>
<team tnum="1"><name>Miami Dolphins</name><score>19</score><line>2</line></team>
<team tnum="2"><name>Los Angeles Raiders</name><score>17</score><line>-2</line></team>
</game>
<game>
<team tnum="1"><name>Minnesota Vikings</name><score>3</score><site>V</site><line>1.5</line></team>
<team tnum="2"><name>New Orleans Saints</name><score>18</score><site>H</site><line>-1.5</line></team>
</game>
<game>
<team tnum="1"><name>New England Patriots</name><score>7</score><site>V</site><line>5</line></team>
<team tnum="2"><name>Green Bay Packers</name><score>28</score><site>H</site><line>-5</line></team>
</game>
<game>
<team tnum="1"><name>Philadelphia Eagles</name><score>24</score><site>V</site><line>-2.5</line></team>
<team tnum="2"><name>New York Jets</name><score>10</score><site>H</site><line>2.5</line></team>
</game>
<game>
<team tnum="1"><name>Phoenix Cardinals</name><score>31</score><site>V</site><line>4</line></team>
<team tnum="2"><name>Seattle Seahawks</name><score>13</score><site>H</site><line>-4</line></team>
</game>
<game>
<team tnum="1"><name>Los Angeles Rams</name><score>17</score><line>2</line></team>
<team tnum="2"><name>Atlanta Falcons</name><score>38</score><line>-2</line></team>
</game>
</date>
<date day="1991-08-04">
<game>
<team tnum="1"><name>Washington Redskins</name><score>7</score><site>V</site><line>-1</line></team>
<team tnum="2"><name>Pittsburgh Steelers</name><score>16</score><site>H</site><line>1</line></team>
</game>
</date>
<date day="1991-08-05">
<game>
<team tnum="1"><name>Buffalo Bills</name><score>17</score><site>V</site><line>2</line></team>
<team tnum="2"><name>New York Giants</name><score>23</score><site>H</site><line>-2</line></team>
</game>
<game>
<team tnum="1"><name>Tampa Bay Buccaneers</name><score>23</score><site>V</site><line>1.5</line></team>
<team tnum="2"><name>Cleveland Browns</name><score>10</score><site>H</site><line>-1.5</line></team>
</game>
</date>
<date day="1991-08-07">
<game>
<team tnum="1"><name>Denver Broncos</name><score>6</score><site>V</site><line>4</line></team>
<team tnum="2"><name>San Francisco 49ers</name><score>24</score><site>H</site><line>-4</line></team>
</game>
</date>
<date day="1991-08-09">
<game>
<team tnum="1"><name>Atlanta Falcons</name><score>36</score><site>V</site><line>4</line></team>
<team tnum="2"><name>Houston Oilers</name><score>7</score><site>H</site><line>-4</line></team>
</game>
</date>
<date day="1991-08-10">
<game>
<team tnum="1"><name>Detroit Lions</name><score>16</score><site>V</site><line>3</line></team>
<team tnum="2"><name>Buffalo Bills</name><score>21</score><site>H</site><line>-3</line></team>
</game>
<game>
<team tnum="1"><name>Green Bay Packers</name><score>20</score><site>V</site><line>3.5</line></team>
<team tnum="2"><name>New Orleans Saints</name><score>31</score><site>H</site><line>-3.5</line></team>
</game>
<game>
<team tnum="1"><name>New York Jets</name><score>10</score><line>4.5</line></team>
<team tnum="2"><name>Kansas City Chiefs</name><score>19</score><line>-4.5</line></team>
</game>
<game>
<team tnum="1"><name>Miami Dolphins</name><score>29</score><site>V</site><line>1</line></team>
<team tnum="2"><name>Tampa Bay Buccaneers</name><score>13</score><site>H</site><line>-1</line></team>
</game>
<game>
<team tnum="1"><name>New York Giants</name><score>10</score><site>V</site><line>-4.5</line></team>
<team tnum="2"><name>Cleveland Browns</name><score>16</score><site>H</site><line>4.5</line></team>
</game>
<game>
<team tnum="1"><name>Philadelphia Eagles</name><score>29</score><site>V</site><line>3</line></team>
<team tnum="2"><name>Cincinnati Bengals</name><score>24</score><site>H</site><line>-3</line></team>
</game>
<game>
<team tnum="1"><name>Pittsburgh Steelers</name><score>24</score><site>V</site><line>3.5</line></team>
<team tnum="2"><name>Minnesota Vikings</name><score>34</score><site>H</site><line>-3.5</line></team>
</game>
<game>
<team tnum="1"><name>Seattle Seahawks</name><score>17</score><site>V</site><line>2.5</line></team>
<team tnum="2"><name>Indianapolis Colts</name><score>7</score><site>H</site><line>-2.5</line></team>
</game>
<game>
<team tnum="1"><name>Washington Redskins</name><score>27</score><site>V</site><line>-6</line></team>
<team tnum="2"><name>New England Patriots</name><score>6</score><site>H</site><line>6</line></team>
</game>
</date>
<date day="1991-08-11">
<game>
<team tnum="1"><name>Phoenix Cardinals</name><score>12</score><site>V</site><line>6</line></team>
<team tnum="2"><name>Chicago Bears</name><score>10</score><site>H</site><line>-6</line></team>
</game>
</date>
<date day="1991-08-12">
<game>
<team tnum="1"><name>Los Angeles Raiders</name><score>17</score><site>V</site><line>2</line></team>
<team tnum="2"><name>Dallas Cowboys</name><score>12</score><site>H</site><line>-2</line></team>
</game>
<game>
<team tnum="1"><name>San Diego Chargers</name><score>3</score><site>V</site><line>3</line></team>
<team tnum="2"><name>Los Angeles Rams</name><score>24</score><site>H</site><line>-3</line></team>
</game>
</date>
<date day="1991-08-16">
<game>
<team tnum="1"><name>Cleveland Browns</name><score>24</score><site>V</site><line>8</line></team>
<team tnum="2"><name>Washington Redskins</name><score>21</score><site>H</site><line>-8</line></team>
</game>
</date>
<date day="1991-08-17">
<game>
<team tnum="1"><name>Buffalo Bills</name><score>24</score><line>1</line></team>
<team tnum="2"><name>Green Bay Packers</name><score>35</score><line>-1</line></team>
</game>
<game>
<team tnum="1"><name>Chicago Bears</name><score>10</score><site>V</site><line>4.5</line></team>
<team tnum="2"><name>Los Angeles Raiders</name><score>13</score><site>H</site><line>-4.5</line></team>
</game>
<game>
<team tnum="1"><name>Detroit Lions</name><score>14</score><site>V</site><line>3.5</line></team>
<team tnum="2"><name>Kansas City Chiefs</name><score>38</score><site>H</site><line>-3.5</line></team>
</game>
<game>
<team tnum="1"><name>New York Jets</name><score>10</score><site>V</site><line>7</line></team>
<team tnum="2"><name>New York Giants</name><score>24</score><site>H</site><line>-7</line></team>
</game>
<game>
<team tnum="1"><name>Minnesota Vikings</name><score>24</score><site>V</site><line>3.5</line></team>
<team tnum="2"><name>Cincinnati Bengals</name><score>27</score><site>H</site><line>-3.5</line></team>
</game>
<game>
<team tnum="1"><name>New England Patriots</name><score>0</score><site>V</site><line>7.5</line></team>
<team tnum="2"><name>Phoenix Cardinals</name><score>46</score><site>H</site><line>-7.5</line></team>
</game>
<game>
<team tnum="1"><name>New Orleans Saints</name><score>28</score><site>V</site><line>2</line></team>
<team tnum="2"><name>Indianapolis Colts</name><score>34</score><site>H</site><line>-2</line></team>
</game>
<game>
<team tnum="1"><name>Pittsburgh Steelers</name><score>20</score><site>V</site><line>4.5</line></team>
<team tnum="2"><name>Philadelphia Eagles</name><score>21</score><site>H</site><line>-4.5</line></team>
</game>
<game>
<team tnum="1"><name>Seattle Seahawks</name><score>23</score><site>V</site><line>3</line></team>
<team tnum="2"><name>Los Angeles Rams</name><score>7</score><site>H</site><line>-3</line></team>
</game>
<game>
<team tnum="1"><name>Tampa Bay Buccaneers</name><score>12</score><site>V</site><line>6</line></team>
<team tnum="2"><name>Atlanta Falcons</name><score>7</score><site>H</site><line>-6</line></team>
</game>
</date>
<date day="1991-08-18">
<game>
<team tnum="1"><name>Dallas Cowboys</name><score>20</score><site>V</site><line>3</line></team>
<team tnum="2"><name>Houston Oilers</name><score>30</score><site>H</site><line>-3</line></team>
</game>
</date>
<date day="1991-08-19">
<game>
<team tnum="1"><name>Miami Dolphins</name><score>13</score><site>V</site><line>3</line></team>
<team tnum="2"><name>Denver Broncos</name><score>21</score><site>H</site><line>-3</line></team>
</game>
<game>
<team tnum="1"><name>San Diego Chargers</name><score>13</score><site>V</site><line>7.5</line></team>
<team tnum="2"><name>San Francisco 49ers</name><score>24</score><site>H</site><line>-7.5</line></team>
</game>
</date>
<date day="1991-08-22">
<game>
<team tnum="1"><name>Houston Oilers</name><score>16</score><line>0</line></team>
<team tnum="2"><name>Los Angeles Rams</name><score>13</score><line>0</line></team>
</game>
</date>
<date day="1991-08-23">
<game>
<team tnum="1"><name>Atlanta Falcons</name><score>17</score><site>V</site><line>3</line></team>
<team tnum="2"><name>Dallas Cowboys</name><score>20</score><site>H</site><line>-3</line></team>
</game>
<game>
<team tnum="1"><name>Cleveland Browns</name><score>7</score><site>V</site><line>7.5</line></team>
<team tnum="2"><name>Minnesota Vikings</name><score>31</score><site>H</site><line>-7.5</line></team>
</game>
<game>
<team tnum="1"><name>Denver Broncos</name><score>10</score><site>V</site><line>2.5</line></team>
<team tnum="2"><name>Phoenix Cardinals</name><score>34</score><site>H</site><line>-2.5</line></team>
</game>
<game>
<team tnum="1"><name>Indianapolis Colts</name><score>21</score><site>V</site><line>6</line></team>
<team tnum="2"><name>Philadelphia Eagles</name><score>23</score><site>H</site><line>-6</line></team>
</game>
<game>
<team tnum="1"><name>Kansas City Chiefs</name><score>7</score><site>V</site><line>-2</line></team>
<team tnum="2"><name>Tampa Bay Buccaneers</name><score>20</score><site>H</site><line>2</line></team>
</game>
<game>
<team tnum="1"><name>Pittsburgh Steelers</name><score>16</score><site>V</site><line>3</line></team>
<team tnum="2"><name>Detroit Lions</name><score>3</score><site>H</site><line>-3</line></team>
</game>
<game>
<team tnum="1"><name>Los Angeles Raiders</name><score>17</score><site>V</site><line>-2</line></team>
<team tnum="2"><name>San Diego Chargers</name><score>7</score><site>H</site><line>2</line></team>
</game>
<game>
<team tnum="1"><name>San Francisco 49ers</name><score>28</score><site>V</site><line>-3.5</line></team>
<team tnum="2"><name>Seattle Seahawks</name><score>16</score><site>H</site><line>3.5</line></team>
</game>
</date>
<date day="1991-08-24">
<game>
<team tnum="1"><name>Buffalo Bills</name><score>13</score><site>V</site><line>3.5</line></team>
<team tnum="2"><name>Chicago Bears</name><score>30</score><site>H</site><line>-3.5</line></team>
</game>
<game>
<team tnum="1"><name>Cincinnati Bengals</name><score>19</score><site>V</site><line>3</line></team>
<team tnum="2"><name>Green Bay Packers</name><score>16</score><site>H</site><line>-3</line></team>
</game>
<game>
<team tnum="1"><name>New York Jets</name><score>13</score><line>7</line></team>
<team tnum="2"><name>Washington Redskins</name><score>9</score><line>-7</line></team>
</game>
<game>
<team tnum="1"><name>New Orleans Saints</name><score>24</score><site>V</site><line>3</line></team>
<team tnum="2"><name>Miami Dolphins</name><score>28</score><site>H</site><line>-3</line></team>
</game>
<game>
<team tnum="1"><name>New York Giants</name><score>3</score><site>V</site><line>-11</line></team>
<team tnum="2"><name>New England Patriots</name><score>24</score><site>H</site><line>11</line></team>
</game>
</date>
</scores>
