Date,Visitor,Visitor Score,Home Team,Home Score,Line,Total Line
08/02/1986,Chicago Bears,17,Dallas Cowboys,6,-3, 
08/02/1986,New England Patriots,21,St Louis Cardinals,16,-2.5, 
08/09/1986,Buffalo Bills,17,Cleveland Browns,19,3.5, 
08/09/1986,Chicago Bears,33,Pittsburgh Steelers,13,0, 
08/09/1986,Cincinnati Bengals,0,Kansas City Chiefs,20,2, 
08/09/1986,Dallas Cowboys,0,San Diego Chargers,20,1, 
08/09/1986,Houston Oilers,17,Los Angeles Rams,14,3.5, 
08/09/1986,Indianapolis Colts,14,Seattle Seahawks,21,5, 
08/09/1986,New York Jets,14,Green Bay Packers,38,2.5, 
08/09/1986,Miami Dolphins,16,Minnesota Vikings,30,-2.5, 
08/09/1986,New Orleans Saints,10,Denver Broncos,7,4.5, 
08/09/1986,New York Giants,24,Atlanta Falcons,31,1, 
08/09/1986,Philadelphia Eagles,17,Detroit Lions,9,2.5, 
08/09/1986,Los Angeles Raiders,0,San Francisco 49ers,32,2.5, 
08/09/1986,St Louis Cardinals,26,Tampa Bay Buccaneers,10,0, 
08/09/1986,Washington Redskins,7,New England Patriots,18,3.5, 
08/16/1986,Atlanta Falcons,20,Tampa Bay Buccaneers,17,1, 
08/16/1986,Buffalo Bills,20,Houston Oilers,23,3, 
08/16/1986,Cincinnati Bengals,17,New York Jets,28,3, 
08/16/1986,Cleveland Browns,17,Miami Dolphins,10,5, 
08/16/1986,Dallas Cowboys,19,Los Angeles Raiders,24,3, 
08/16/1986,Denver Broncos,27,Minnesota Vikings,29,2, 
08/16/1986,Indianapolis Colts,21,Chicago Bears,38,10, 
08/16/1986,Kansas City Chiefs,27,St Louis Cardinals,26,2.5, 
08/16/1986,New England Patriots,38,New Orleans Saints,34,0, 
08/16/1986,New York Giants,22,Green Bay Packers,14,2, 
08/16/1986,Philadelphia Eagles,38,San Diego Chargers,45,3, 
08/16/1986,Pittsburgh Steelers,24,Washington Redskins,27,3, 
08/16/1986,Seattle Seahawks,27,Detroit Lions,30,2, 
08/16/1986,San Francisco 49ers,17,Los Angeles Rams,31,-1.5, 
08/23/1986,Buffalo Bills,13,Kansas City Chiefs,6,4.5, 
08/23/1986,Cleveland Browns,27,Atlanta Falcons,21,1, 
08/23/1986,Detroit Lions,13,Indianapolis Colts,20,2.5, 
08/23/1986,Green Bay Packers,12,Cincinnati Bengals,34,3, 
08/23/1986,New York Jets,16,New York Giants,20,2, 
08/23/1986,Miami Dolphins,20,Philadelphia Eagles,15,-1, 
08/23/1986,Minnesota Vikings,17,Seattle Seahawks,27,4.5, 
08/23/1986,New England Patriots,10,Los Angeles Raiders,24,2.5, 
08/23/1986,New Orleans Saints,13,Houston Oilers,24,2.5, 
08/23/1986,Pittsburgh Steelers,41,Dallas Cowboys,28,3.5, 
08/23/1986,San Diego Chargers,17,Los Angeles Rams,20,1.5, 
08/23/1986,San Francisco 49ers,9,Denver Broncos,14,2, 
08/23/1986,St Louis Cardinals,14,Chicago Bears,7,10.5, 
08/23/1986,Washington Redskins,21,Tampa Bay Buccaneers,13,-1.5, 
08/30/1986,Atlanta Falcons,22,Washington Redskins,29,6, 
08/30/1986,Buffalo Bills,17,Chicago Bears,31,10.5, 
08/30/1986,Cleveland Browns,25,Los Angeles Raiders,22,3.5, 
08/30/1986,Detroit Lions,30,Cincinnati Bengals,20,6, 
08/30/1986,Houston Oilers,17,Dallas Cowboys,14,4.5, 
08/30/1986,New York Jets,37,Philadelphia Eagles,30,0, 
08/30/1986,Kansas City Chiefs,10,New Orleans Saints,13,2, 
08/30/1986,Minnesota Vikings,23,Indianapolis Colts,20,2.5, 
08/30/1986,New England Patriots,16,Green Bay Packers,9,0, 
08/30/1986,Pittsburgh Steelers,3,New York Giants,17,4.5, 
08/30/1986,Los Angeles Rams,10,Denver Broncos,19,3, 
08/30/1986,Seattle Seahawks,10,San Francisco 49ers,21,5, 
08/30/1986,St Louis Cardinals,17,San Diego Chargers,24,5.5, 
08/30/1986,Tampa Bay Buccaneers,3,Miami Dolphins,21,8, 
