Date,Visitor,Visitor Score,Home Team,Home Score,Line,Total Line
08/01/1992,Houston Oilers,34,Dallas Cowboys,23,2, 
08/01/1992,New York Jets,41,Philadelphia Eagles,14,3.5, 
08/01/1992,Washington Redskins,21,Miami Dolphins,22,-4, 
08/03/1992,Denver Broncos,7,San Francisco 49ers,13,7, 
08/06/1992,Los Angeles Rams,21,Seattle Seahawks,7,3.5, 
08/07/1992,Dallas Cowboys,27,Miami Dolphins,24,2.5, 
08/08/1992,Atlanta Falcons,0,Cleveland Browns,7,2, 
08/08/1992,Buffalo Bills,3,Minnesota Vikings,24,-3, 
08/08/1992,Houston Oilers,17,Detroit Lions,7,2.5, 
08/08/1992,Kansas City Chiefs,13,Green Bay Packers,21,1, 
08/08/1992,New England Patriots,14,Indianapolis Colts,34,2, 
08/08/1992,Philadelphia Eagles,35,Pittsburgh Steelers,33,-2, 
08/08/1992,Los Angeles Raiders,10,San Francisco 49ers,24,5, 
08/08/1992,San Diego Chargers,14,Phoenix Cardinals,35,1, 
08/08/1992,Tampa Bay Buccaneers,10,Denver Broncos,31,6, 
08/08/1992,Washington Redskins,13,New York Jets,14,-2, 
08/09/1992,Cincinnati Bengals,7,New York Giants,13,7, 
08/10/1992,New Orleans Saints,34,Chicago Bears,31,3, 
08/14/1992,San Diego Chargers,20,New England Patriots,10,3.5, 
08/15/1992,Atlanta Falcons,28,Tampa Bay Buccaneers,40,-2, 
08/15/1992,Chicago Bears,17,Phoenix Cardinals,20,-1.5, 
08/15/1992,Cincinnati Bengals,17,Philadelphia Eagles,27,7, 
08/15/1992,Cleveland Browns,7,New York Giants,16,6, 
08/15/1992,Denver Broncos,27,Miami Dolphins,31,2.5, 
08/15/1992,Houston Oilers,17,Dallas Cowboys,16,3.5, 
08/15/1992,Kansas City Chiefs,0,Minnesota Vikings,30,2.5, 
08/15/1992,Los Angeles Raiders,16,Los Angeles Rams,19,-1, 
08/15/1992,Seattle Seahawks,27,Indianapolis Colts,10,3.5, 
08/16/1992,New York Jets,24,Green Bay Packers,7,3.5, 
08/16/1992,San Francisco 49ers,17,Washington Redskins,15,1, 
08/17/1992,Detroit Lions,24,Buffalo Bills,30,6, 
08/17/1992,Pittsburgh Steelers,0,New Orleans Saints,26,5, 
08/21/1992,San Francisco 49ers,20,San Diego Chargers,14,-3.5, 
08/22/1992,Denver Broncos,3,Dallas Cowboys,17,4, 
08/22/1992,Green Bay Packers,13,Los Angeles Rams,16,3.5, 
08/22/1992,Houston Oilers,33,New Orleans Saints,3,3.5, 
08/22/1992,Indianapolis Colts,0,Cincinnati Bengals,20,6, 
08/22/1992,New England Patriots,9,Detroit Lions,42,7.5, 
08/22/1992,New York Giants,14,New York Jets,20,-2, 
08/22/1992,Phoenix Cardinals,10,Seattle Seahawks,17,3, 
08/22/1992,Tampa Bay Buccaneers,7,Miami Dolphins,22,6, 
08/22/1992,Washington Redskins,27,Los Angeles Raiders,23,-3, 
08/23/1992,Philadelphia Eagles,10,Atlanta Falcons,20,3, 
08/23/1992,Pittsburgh Steelers,28,Chicago Bears,17,6, 
08/24/1992,Buffalo Bills,0,Kansas City Chiefs,35,3.5, 
08/24/1992,Minnesota Vikings,56,Cleveland Browns,3,3, 
08/27/1992,New York Jets,22,Philadelphia Eagles,13,2, 
08/27/1992,New Orleans Saints,17,Miami Dolphins,3,1.5, 
08/27/1992,Los Angeles Rams,19,San Diego Chargers,30,3.5, 
08/28/1992,Buffalo Bills,27,Atlanta Falcons,21,4, 
08/28/1992,Chicago Bears,20,Dallas Cowboys,13,4, 
08/28/1992,Cleveland Browns,24,Tampa Bay Buccaneers,3,1.5, 
08/28/1992,Detroit Lions,17,Cincinnati Bengals,34,-1, 
08/28/1992,Indianapolis Colts,21,Kansas City Chiefs,10,10, 
08/28/1992,Phoenix Cardinals,21,Denver Broncos,17,7, 
08/28/1992,Seattle Seahawks,17,San Francisco 49ers,24,9, 
08/29/1992,Houston Oilers,26,Los Angeles Raiders,30,1, 
08/29/1992,Minnesota Vikings,30,Washington Redskins,0,8, 
08/29/1992,New England Patriots,24,Green Bay Packers,10,7, 
08/29/1992,New York Giants,3,Pittsburgh Steelers,24,1, 
