Date,Visitor,Visitor Score,Home Team,Home Score,Line,Total Line
08/07/1999,Indianapolis Colts,6,Chicago Bears,9,-1.5,36
08/07/1999,Oakland Raiders,18,St Louis Rams,17,3,36
08/07/1999,Denver Broncos,20,San Diego Chargers,17,-4.5,36
08/09/1999,Cleveland Browns,20,Dallas Cowboys,17,-3,35
08/12/1999,Baltimore Ravens,10,Philadelphia Eagles,7,2.5,34.5
08/12/1999,San Diego Chargers,24,San Francisco 49ers,31,3,36.5
08/13/1999,Carolina Panthers,10,Jacksonville Jaguars,35,7,37.5
08/13/1999,Chicago Bears,23,Pittsburgh Steelers,30,3.5,35
08/13/1999,Detroit Lions,31,Atlanta Falcons,35,5.5,36.5
08/13/1999,New Orleans Saints,26,Miami Dolphins,14,5,34.5
08/13/1999,Washington Redskins,20,New England Patriots,14,3,36.5
08/13/1999,New York Giants,36,Minnesota Vikings,21,7,38.5
08/14/1999,Cincinnati Bengals,17,Indianapolis Colts,20,6.5,36.5
08/14/1999,Cleveland Browns,3,Tampa Bay Buccaneers,30,5.5,35.5
08/14/1999,New York Jets,16,Green Bay Packers,27,1,37.5
08/14/1999,Arizona Cardinals,7,Denver Broncos,38,6.5,39
08/14/1999,Buffalo Bills,24,Seattle Seahawks,10,3.5,37.5
08/15/1999,Dallas Cowboys,3,Oakland Raiders,10,3,36
08/15/1999,Tennessee Titans,20,Kansas City Chiefs,22,3,35
08/19/1999,Seattle Seahawks,23,San Francisco 49ers,24,3,39
08/20/1999,Cincinnati Bengals,0,Detroit Lions,16,4,37.5
08/20/1999,Philadelphia Eagles,9,New York Jets,10,8,36.5
08/20/1999,Buffalo Bills,19,Washington Redskins,20,3,38
08/20/1999,Pittsburgh Steelers,13,Carolina Panthers,20,2,37
08/20/1999,Tennessee Titans,17,Arizona Cardinals,27,3,38
08/21/1999,Jacksonville Jaguars,20,New York Giants,27,-3,40
08/21/1999,Minnesota Vikings,24,Cleveland Browns,17,-7.5,39
08/21/1999,Baltimore Ravens,19,Atlanta Falcons,6,4.5,37
08/21/1999,Indianapolis Colts,37,New Orleans Saints,7,2,36.5
08/21/1999,St Louis Rams,24,Chicago Bears,38,2.5,36
08/21/1999,Dallas Cowboys,14,New England Patriots,34,3.5,36.5
08/21/1999,Tampa Bay Buccaneers,17,Kansas City Chiefs,7,1,37
08/21/1999,Miami Dolphins,13,San Diego Chargers,10,1.5,36
08/23/1999,Denver Broncos,12,Green Bay Packers,27,0,40
08/26/1999,Kansas City Chiefs,6,Jacksonville Jaguars,31,7,38.5
08/26/1999,Philadelphia Eagles,13,Minnesota Vikings,17,10,39.5
08/27/1999,Atlanta Falcons,3,Tennessee Titans,17,1.5,37.5
08/28/1999,Detroit Lions,10,Miami Dolphins,31,6.5,37
08/28/1999,Buffalo Bills,30,Cincinnati Bengals,3,-2,38
08/28/1999,Washington Redskins,27,Pittsburgh Steelers,14,2.5,37.5
08/28/1999,Carolina Panthers,24,Baltimore Ravens,28,3.5,36.5
08/28/1999,Chicago Bears,24,Cleveland Browns,35,1,37.5
08/28/1999,Green Bay Packers,38,New Orleans Saints,17,-3,36.5
08/28/1999,New York Jets,16,New York Giants,10,-2.5,39
08/28/1999,New England Patriots,14,Tampa Bay Buccaneers,45,3,37
08/28/1999,San Diego Chargers,21,St Louis Rams,24,3,36.5
08/28/1999,Arizona Cardinals,7,Seattle Seahawks,41,7,38.5
08/29/1999,Denver Broncos,12,Dallas Cowboys,22,-3.5,39.5
08/30/1999,San Francisco 49ers,16,Oakland Raiders,8,-2.5,38
09/02/1999,St Louis Rams,17,Detroit Lions,6,6,37.5
09/02/1999,Cleveland Browns,17,Philadelphia Eagles,30,3.5,37
09/02/1999,Miami Dolphins,17,Green Bay Packers,25,4.5,38
09/02/1999,New England Patriots,20,Carolina Panthers,23,2,39
09/02/1999,New Orleans Saints,12,Tennessee Titans,11,7.5,36.5
09/02/1999,Seattle Seahawks,28,Indianapolis Colts,31,3,40
09/02/1999,Jacksonville Jaguars,27,Dallas Cowboys,6,-3.5,40
09/03/1999,New York Giants,24,Baltimore Ravens,28,1.5,37
09/03/1999,Atlanta Falcons,28,Cincinnati Bengals,16,-3,37.5
09/03/1999,Minnesota Vikings,17,New York Jets,38,1,42
09/03/1999,Tampa Bay Buccaneers,16,Washington Redskins,13,1,38
09/03/1999,San Francisco 49ers,3,Denver Broncos,34,6,41
09/03/1999,Oakland Raiders,43,Arizona Cardinals,7,2.5,37
09/03/1999,Kansas City Chiefs,34,San Diego Chargers,27,2.5,36.5
09/04/1999,Pittsburgh Steelers,14,Buffalo Bills,16,5,38.5
