Date,Visitor,Visitor Score,Home Team,Home Score,Line,Total Line
07/31/1983,New Orleans Saints,14,Pittsburgh Steelers,27,2.5, 
08/07/1983,Baltimore Colts,15,Houston Oilers,0,3, 
08/07/1983,Buffalo Bills,17,Chicago Bears,27,1, 
08/07/1983,Cleveland Browns,21,Green Bay Packers,20,2.5, 
08/07/1983,Detroit Lions,17,Philadelphia Eagles,21,3, 
08/07/1983,Kansas City Chiefs,24,Cincinnati Bengals,7,3, 
08/07/1983,Miami Dolphins,17,Dallas Cowboys,20,2.5, 
08/07/1983,New Orleans Saints,17,Tampa Bay Buccaneers,20,3, 
08/07/1983,New York Jets,16,New York Giants,23,1, 
08/07/1983,Pittsburgh Steelers,27,New England Patriots,16,-2, 
08/07/1983,San Diego Chargers,20,Los Angeles Rams,34,0, 
08/07/1983,Seattle Seahawks,7,Denver Broncos,10,3.5, 
08/07/1983,San Francisco 49ers,23,Los Angeles Raiders,26,2, 
08/07/1983,St Louis Cardinals,10,Minnesota Vikings,28,-1, 
08/07/1983,Washington Redskins,10,Atlanta Falcons,13,2.5, 
08/14/1983,Atlanta Falcons,10,Denver Broncos,21,2, 
08/14/1983,Baltimore Colts,10,Minnesota Vikings,7,3, 
08/14/1983,Chicago Bears,24,St Louis Cardinals,27,2, 
08/14/1983,Cincinnati Bengals,23,Washington Redskins,27,3, 
08/14/1983,Cleveland Browns,27,Buffalo Bills,10,2, 
08/14/1983,Dallas Cowboys,30,Los Angeles Rams,7,1, 
08/14/1983,Detroit Lions,17,Kansas City Chiefs,13,2.5, 
08/14/1983,Green Bay Packers,21,Seattle Seahawks,38,1.5, 
08/14/1983,New England Patriots,15,San Francisco 49ers,17,3.5, 
08/14/1983,New Orleans Saints,19,Miami Dolphins,17,6, 
08/14/1983,New York Giants,22,Pittsburgh Steelers,13,4, 
08/14/1983,Philadelphia Eagles,21,San Diego Chargers,20,3.5, 
08/14/1983,Los Angeles Raiders,17,New York Jets,20,-1, 
08/14/1983,Tampa Bay Buccaneers,23,Houston Oilers,17,0, 
08/21/1983,Atlanta Falcons,6,Tampa Bay Buccaneers,17,2.5, 
08/21/1983,Baltimore Colts,14,New York Giants,27,4, 
08/21/1983,Buffalo Bills,17,Detroit Lions,16,3.5, 
08/21/1983,Chicago Bears,27,Los Angeles Raiders,21,3.5, 
08/21/1983,Cleveland Browns,10,Denver Broncos,19,3, 
08/21/1983,Houston Oilers,13,New Orleans Saints,20,3.5, 
08/21/1983,Miami Dolphins,38,Washington Redskins,7,1.5, 
08/21/1983,Minnesota Vikings,19,Seattle Seahawks,17,2, 
08/21/1983,New England Patriots,7,Los Angeles Rams,13,2, 
08/21/1983,New York Jets,20,Cincinnati Bengals,17,3.5, 
08/21/1983,Philadelphia Eagles,27,Green Bay Packers,14,3.5, 
08/21/1983,Pittsburgh Steelers,24,Dallas Cowboys,7,3.5, 
08/21/1983,San Francisco 49ers,7,San Diego Chargers,24,2, 
08/21/1983,St Louis Cardinals,16,Kansas City Chiefs,17,3, 
08/28/1983,Baltimore Colts,7,Atlanta Falcons,10,4, 
08/28/1983,Cincinnati Bengals,7,Detroit Lions,34,2, 
08/28/1983,Denver Broncos,3,Minnesota Vikings,34,3, 
08/28/1983,Green Bay Packers,39,St Louis Cardinals,27,2, 
08/28/1983,Houston Oilers,31,Dallas Cowboys,34,9, 
08/28/1983,Kansas City Chiefs,17,Chicago Bears,20,3, 
08/28/1983,Miami Dolphins,24,New York Giants,3,-1, 
08/28/1983,New England Patriots,21,Tampa Bay Buccaneers,41,3.5, 
08/28/1983,New York Jets,10,New Orleans Saints,17,0, 
08/28/1983,Pittsburgh Steelers,10,Philadelphia Eagles,3,0, 
08/28/1983,Los Angeles Raiders,17,Cleveland Browns,20,2.5, 
08/28/1983,Los Angeles Rams,17,San Diego Chargers,27,5.5, 
08/28/1983,Seattle Seahawks,20,San Francisco 49ers,6,3.5, 
08/28/1983,Washington Redskins,27,Buffalo Bills,19,1.5, 
