Date,Visitor,Visitor Score,Home Team,Home Score,Line,Total Line
07/30/1994,Atlanta Falcons,21,San Diego Chargers,17,-1, 
07/30/1994,Miami Dolphins,20,New York Giants,19,2.5, 
07/31/1994,Houston Oilers,17,Kansas City Chiefs,24,3.5, 
07/31/1994,Minnesota Vikings,9,Dallas Cowboys,17,3.5, 
07/31/1994,Los Angeles Raiders,25,Denver Broncos,22,1, 
08/05/1994,New York Jets,13,Detroit Lions,26,2, 
08/05/1994,New Orleans Saints,6,New England Patriots,24,3, 
08/05/1994,Philadelphia Eagles,6,Chicago Bears,12,2, 
08/05/1994,Seattle Seahawks,9,Indianapolis Colts,13,1.5, 
08/05/1994,San Francisco 49ers,7,Arizona Cardinals,17,0, 
08/06/1994,Atlanta Falcons,16,Denver Broncos,37,4, 
08/06/1994,Cincinnati Bengals,16,Tampa Bay Buccaneers,17,3, 
08/06/1994,Cleveland Browns,24,New York Giants,15,4, 
08/06/1994,Houston Oilers,31,San Diego Chargers,3,-4.5, 
08/06/1994,Kansas City Chiefs,9,Minnesota Vikings,17,0, 
08/06/1994,Pittsburgh Steelers,14,Miami Dolphins,24,5.5, 
08/06/1994,Los Angeles Rams,6,Green Bay Packers,14,4, 
08/07/1994,Los Angeles Raiders,27,Dallas Cowboys,19,5, 
08/08/1994,Washington Redskins,11,Buffalo Bills,13,3, 
08/12/1994,Buffalo Bills,7,Atlanta Falcons,27,5, 
08/12/1994,Denver Broncos,3,San Francisco 49ers,20,4, 
08/12/1994,Kansas City Chiefs,17,Washington Redskins,14,-3.5, 
08/13/1994,Chicago Bears,16,Arizona Cardinals,0,5.5, 
08/13/1994,Detroit Lions,7,Cleveland Browns,16,2.5, 
08/13/1994,Indianapolis Colts,26,Cincinnati Bengals,21,2.5, 
08/13/1994,New York Jets,34,Philadelphia Eagles,24,3, 
08/13/1994,Miami Dolphins,31,Green Bay Packers,24,3.5, 
08/13/1994,New England Patriots,28,Los Angeles Rams,10,-1, 
08/13/1994,New Orleans Saints,17,Minnesota Vikings,21,6, 
08/13/1994,New York Giants,28,San Diego Chargers,20,-1, 
08/13/1994,Los Angeles Raiders,17,Pittsburgh Steelers,29,1.5, 
08/13/1994,Tampa Bay Buccaneers,6,Seattle Seahawks,29,3.5, 
08/15/1994,Houston Oilers,6,Dallas Cowboys,0,3.5, 
08/18/1994,San Francisco 49ers,30,San Diego Chargers,24,-4.5, 
08/18/1994,Washington Redskins,17,New England Patriots,27,6, 
08/19/1994,Arizona Cardinals,16,Detroit Lions,24,3, 
08/19/1994,Atlanta Falcons,7,Cleveland Browns,28,3.5, 
08/19/1994,Green Bay Packers,13,New Orleans Saints,10,3, 
08/20/1994,Cincinnati Bengals,7,Philadelphia Eagles,17,5.5, 
08/20/1994,Houston Oilers,16,Buffalo Bills,18,-5.5, 
08/20/1994,Indianapolis Colts,17,Pittsburgh Steelers,14,5.5, 
08/20/1994,Minnesota Vikings,19,Seattle Seahawks,30,-1, 
08/20/1994,New York Giants,10,New York Jets,13,2.5, 
08/20/1994,Los Angeles Raiders,29,Los Angeles Rams,20,-3, 
08/20/1994,Tampa Bay Buccaneers,29,Miami Dolphins,14,7, 
08/21/1994,Denver Broncos,10,Dallas Cowboys,34,6.5, 
08/22/1994,Chicago Bears,21,Kansas City Chiefs,18,6, 
08/25/1994,Arizona Cardinals,21,Denver Broncos,30,3.5, 
08/25/1994,Cleveland Browns,7,Indianapolis Colts,24,-1.5, 
08/25/1994,Dallas Cowboys,10,New Orleans Saints,28,1, 
08/25/1994,Los Angeles Rams,10,San Diego Chargers,28,8, 
08/26/1994,Detroit Lions,14,Cincinnati Bengals,38,-2.5, 
08/26/1994,New York Jets,10,Tampa Bay Buccaneers,9,0, 
08/26/1994,Kansas City Chiefs,3,Buffalo Bills,24,4, 
08/26/1994,Miami Dolphins,16,Minnesota Vikings,31,3.5, 
08/26/1994,New England Patriots,20,Green Bay Packers,24,3.5, 
08/26/1994,Philadelphia Eagles,12,Atlanta Falcons,20,4, 
08/26/1994,Pittsburgh Steelers,21,Washington Redskins,22,-2.5, 
08/26/1994,Seattle Seahawks,9,San Francisco 49ers,13,8, 
08/27/1994,New York Giants,21,Chicago Bears,27,5.5, 
08/27/1994,Los Angeles Raiders,24,Houston Oilers,23,2.5, 
