Date,Visitor,Visitor Score,Home Team,Home Score,Line,Total Line
07/26/1997,Minnesota Vikings,28,Seattle Seahawks,26,-1,35.5
07/26/1997,Miami Dolphins,0,Green Bay Packers,20,5,37
07/26/1997,Buffalo Bills,10,Denver Broncos,31,5.5,36.5
07/27/1997,Chicago Bears,17,Pittsburgh Steelers,30,0,35.5
07/31/1997,New England Patriots,3,Green Bay Packers,7,6, 
08/01/1997,Cincinnati Bengals,16,Indianapolis Colts,20,1.5,36.5
08/01/1997,Atlanta Falcons,17,Detroit Lions,20,5.5,38
08/02/1997,Chicago Bears,20,Buffalo Bills,17,2,35
08/02/1997,Tennessee Oilers,12,New Orleans Saints,21,-6,36
08/02/1997,Washington Redskins,20,Tampa Bay Buccaneers,8,1.5,34
08/02/1997,New York Giants,21,Baltimore Ravens,20,2.5,36
08/02/1997,Philadelphia Eagles,17,New York Jets,31,-2.5,36
08/02/1997,Pittsburgh Steelers,28,Kansas City Chiefs,14,1,35.5
08/02/1997,St Louis Rams,6,Minnesota Vikings,24,6.5,37
08/02/1997,Arizona Cardinals,6,Seattle Seahawks,34,7,36.5
08/02/1997,San Francisco 49ers,13,San Diego Chargers,20,-3,35
08/03/1997,Carolina Panthers,9,Jacksonville Jaguars,23,1.5,36
08/03/1997,Oakland Raiders,34,Dallas Cowboys,27,2.5,36.5
08/04/1997,Denver Broncos,19,Miami Dolphins,38,-3.5,37
08/08/1997,Green Bay Packers,37,Oakland Raiders,24,-3,38
08/08/1997,Minnesota Vikings,3,Buffalo Bills,19,2.5,37
08/08/1997,Arizona Cardinals,0,St Louis Rams,12,3.5,37
08/08/1997,Baltimore Ravens,29,New York Jets,39,2.5,37
08/08/1997,Dallas Cowboys,10,New England Patriots,16,4,38
08/08/1997,Cincinnati Bengals,27,Detroit Lions,23,3,39.5
08/09/1997,Tennessee Oilers,12,Washington Redskins,18,-3,36.5
08/09/1997,Tampa Bay Buccaneers,12,Atlanta Falcons,17,2,35
08/09/1997,Denver Broncos,23,Carolina Panthers,13,7,36.5
08/09/1997,Jacksonville Jaguars,38,New York Giants,16,-1,36.5
08/09/1997,Kansas City Chiefs,7,New Orleans Saints,26,-2,35.5
08/09/1997,Seattle Seahawks,17,San Francisco 49ers,21,6,36
08/09/1997,Indianapolis Colts,17,San Diego Chargers,23,2.5,37.5
08/10/1997,Chicago Bears,14,Miami Dolphins,21,5,38
08/11/1997,Philadelphia Eagles,26,Pittsburgh Steelers,42,2,37.5
08/14/1997,Carolina Panthers,10,Kansas City Chiefs,30,4.5,35.5
08/15/1997,St Louis Rams,31,Dallas Cowboys,34,7.5,39
08/16/1997,Buffalo Bills,3,Green Bay Packers,35,7,37
08/16/1997,New Orleans Saints,16,Oakland Raiders,18,7,39
08/16/1997,Miami Dolphins,10,Tampa Bay Buccaneers,24,3.5,36
08/16/1997,Washington Redskins,35,Atlanta Falcons,31,-1,37.5
08/16/1997,Baltimore Ravens,13,Philadelphia Eagles,24,7,42
08/16/1997,New York Jets,27,New York Giants,17,-3.5,38.5
08/16/1997,Minnesota Vikings,13,Cincinnati Bengals,37,2.5,40.5
08/16/1997,Indianapolis Colts,3,Seattle Seahawks,45,5,38.5
08/16/1997,Tennessee Oilers,7,San Diego Chargers,21,-4.5,37
08/17/1997,Denver Broncos,21,New England Patriots,31,3.5,40
08/17/1997,Arizona Cardinals,10,Chicago Bears,22,6,36
08/17/1997,Detroit Lions,20,Pittsburgh Steelers,28,4.5,40
08/18/1997,Jacksonville Jaguars,28,San Francisco 49ers,20,6.5,38.5
08/21/1997,Detroit Lions,3,Indianapolis Colts,16,4,40
08/21/1997,New England Patriots,28,Philadelphia Eagles,14,4,40
08/21/1997,Washington Redskins,7,Miami Dolphins,28,6,39
08/22/1997,Atlanta Falcons,17,Jacksonville Jaguars,26,6.5, 
08/22/1997,Buffalo Bills,31,Baltimore Ravens,28,5.5,39
08/22/1997,New York Jets,15,Tampa Bay Buccaneers,9,3,36
08/22/1997,New Orleans Saints,13,Chicago Bears,7,2,36
08/22/1997,Kansas City Chiefs,13,St Louis Rams,14,-1,37.5
08/22/1997,New York Giants,17,Green Bay Packers,22,10,38
08/22/1997,Pittsburgh Steelers,27,Carolina Panthers,19,6,36
08/22/1997,San Diego Chargers,22,Minnesota Vikings,28,6,38
08/22/1997,Tennessee Oilers,10,Dallas Cowboys,34,3,38
08/22/1997,Seattle Seahawks,31,Cincinnati Bengals,28,2.5,41
08/22/1997,Oakland Raiders,13,Arizona Cardinals,15,-2,38.5
08/23/1997,San Francisco 49ers,17,Denver Broncos,31,6, 
