Date,Visitor,Visitor Score,Home Team,Home Score,Line,Total Line
07/30/1993,Buffalo Bills,7,Detroit Lions,14,4, 
07/31/1993,Philadelphia Eagles,16,New Orleans Saints,28,-1, 
07/31/1993,Los Angeles Raiders,19,Green Bay Packers,3,2, 
08/01/1993,Minnesota Vikings,13,Dallas Cowboys,7,3.5, 
08/01/1993,Pittsburgh Steelers,14,San Francisco 49ers,21,4.5, 
08/06/1993,Miami Dolphins,28,Atlanta Falcons,27,2.5, 
08/07/1993,Denver Broncos,23,Tampa Bay Buccaneers,7,-1, 
08/07/1993,Indianapolis Colts,16,Seattle Seahawks,13,1.5, 
08/07/1993,New York Jets,13,Pittsburgh Steelers,17,3, 
08/07/1993,Kansas City Chiefs,29,Green Bay Packers,21,3.5, 
08/07/1993,Minnesota Vikings,20,Buffalo Bills,6,-3, 
08/07/1993,New England Patriots,7,San Diego Chargers,13,6, 
08/07/1993,New Orleans Saints,37,Houston Oilers,28,2.5, 
08/07/1993,New York Giants,27,Cincinnati Bengals,16,-2.5, 
08/07/1993,Los Angeles Rams,13,Phoenix Cardinals,24,3, 
08/08/1993,Chicago Bears,9,Philadelphia Eagles,13,4, 
08/08/1993,Detroit Lions,13,Dallas Cowboys,13,2.5, 
08/08/1993,Los Angeles Raiders,0,San Francisco 49ers,27,4.5, 
08/09/1993,Cleveland Browns,12,Washington Redskins,41,3.5, 
08/12/1993,Buffalo Bills,30,Kansas City Chiefs,7,7, 
08/13/1993,Philadelphia Eagles,24,New York Jets,13,2.5, 
08/14/1993,Cincinnati Bengals,24,Indianapolis Colts,7,4.5, 
08/14/1993,New England Patriots,9,Cleveland Browns,12,3.5, 
08/14/1993,New Orleans Saints,26,Green Bay Packers,17,4, 
08/14/1993,Phoenix Cardinals,11,Chicago Bears,10,1, 
08/14/1993,Pittsburgh Steelers,23,New York Giants,17,3.5, 
08/14/1993,Los Angeles Raiders,7,Dallas Cowboys,13,6, 
08/14/1993,San Diego Chargers,23,Los Angeles Rams,17,-2.5, 
08/14/1993,Seattle Seahawks,10,Minnesota Vikings,23,8.5, 
08/14/1993,Tampa Bay Buccaneers,10,Atlanta Falcons,20,7.5, 
08/14/1993,Washington Redskins,10,Miami Dolphins,19,3.5, 
08/16/1993,Detroit Lions,24,Houston Oilers,20,4, 
08/16/1993,San Francisco 49ers,16,Denver Broncos,13,3, 
08/20/1993,Cincinnati Bengals,7,Detroit Lions,30,6, 
08/20/1993,Green Bay Packers,17,New England Patriots,21,-3, 
08/20/1993,Miami Dolphins,24,Denver Broncos,34,2.5, 
08/20/1993,Los Angeles Raiders,7,Indianapolis Colts,18,3, 
08/21/1993,Atlanta Falcons,20,Philadelphia Eagles,37,3, 
08/21/1993,Buffalo Bills,12,Tampa Bay Buccaneers,32,-2, 
08/21/1993,Houston Oilers,23,Dallas Cowboys,20,3.5, 
08/21/1993,New York Jets,13,New York Giants,14,2.5, 
08/21/1993,Minnesota Vikings,20,Kansas City Chiefs,27,2.5, 
08/21/1993,Phoenix Cardinals,3,San Diego Chargers,10,5, 
08/21/1993,Los Angeles Rams,10,Cleveland Browns,21,3.5, 
08/21/1993,San Francisco 49ers,0,Seattle Seahawks,30,-2.5, 
08/22/1993,Washington Redskins,10,Pittsburgh Steelers,3,1.5, 
08/23/1993,Chicago Bears,14,New Orleans Saints,20,6.5, 
08/26/1993,Pittsburgh Steelers,13,Minnesota Vikings,30,6.5, 
08/27/1993,Atlanta Falcons,16,Buffalo Bills,17,3, 
08/27/1993,Cleveland Browns,20,Tampa Bay Buccaneers,23,1.5, 
08/27/1993,Dallas Cowboys,21,Chicago Bears,23,-4, 
08/27/1993,Denver Broncos,9,Phoenix Cardinals,34,3, 
08/27/1993,Detroit Lions,17,New Orleans Saints,16,4, 
08/27/1993,Indianapolis Colts,10,Green Bay Packers,41,6.5, 
08/27/1993,New York Jets,3,Washington Redskins,17,6, 
08/27/1993,Kansas City Chiefs,27,New England Patriots,20,-5.5, 
08/27/1993,Philadelphia Eagles,3,Cincinnati Bengals,23,-3, 
08/28/1993,New York Giants,17,Miami Dolphins,23,6, 
08/28/1993,Los Angeles Raiders,20,Los Angeles Rams,19,1.5, 
08/28/1993,San Diego Chargers,14,San Francisco 49ers,30,2.5, 
08/28/1993,Seattle Seahawks,20,Houston Oilers,10,7.5, 
