Date,Visitor,Visitor Score,Home Team,Home Score,Line,Total Line
07/27/1996,Indianapolis Colts,10,New Orleans Saints,3,-1.5,33.5
07/27/1996,Oakland Raiders,34,Dallas Cowboys,35,3,36
07/27/1996,Pittsburgh Steelers,10,San Diego Chargers,20,-1,34.5
08/02/1996,New Orleans Saints,23,Detroit Lions,22,2.5,36
08/02/1996,Washington Redskins,17,Buffalo Bills,7,0,34.5
08/02/1996,New England Patriots,7,Green Bay Packers,24,3.5,36.5
08/02/1996,New York Giants,24,Jacksonville Jaguars,17,1,33
08/02/1996,Oakland Raiders,26,Arizona Cardinals,3,-3,34
08/03/1996,Denver Broncos,20,San Francisco 49ers,17,6,36
08/03/1996,St Louis Rams,10,Pittsburgh Steelers,16,4.5,35
08/03/1996,Houston Oilers,31,New York Jets,13,-1.5,33
08/03/1996,Tampa Bay Buccaneers,10,Miami Dolphins,13,5,36
08/03/1996,Chicago Bears,12,Carolina Panthers,30,1,33.5
08/03/1996,Indianapolis Colts,25,Cincinnati Bengals,28,-1,34
08/03/1996,Philadelphia Eagles,9,Baltimore Ravens,17,3,33.5
08/03/1996,San Diego Chargers,20,Minnesota Vikings,23,2,35
08/03/1996,Atlanta Falcons,17,Seattle Seahawks,19,3,37
08/05/1996,Dallas Cowboys,6,Kansas City Chiefs,32,-3,35.5
08/08/1996,New York Jets,16,Philadelphia Eagles,30,4.5,33.5
08/08/1996,Buffalo Bills,35,Minnesota Vikings,12,5,35.5
08/08/1996,Seattle Seahawks,24,Oakland Raiders,19,5,36
08/09/1996,Washington Redskins,25,Detroit Lions,34,3,38
08/09/1996,Jacksonville Jaguars,10,St Louis Rams,17,3.5,35
08/10/1996,Baltimore Ravens,37,New York Giants,27,2.5,34
08/10/1996,Atlanta Falcons,0,Tampa Bay Buccaneers,16,2.5,36
08/10/1996,Carolina Panthers,28,Denver Broncos,40,4,35.5
08/10/1996,Indianapolis Colts,12,Houston Oilers,16,-1,35.5
08/10/1996,New Orleans Saints,6,Kansas City Chiefs,42,4,36
08/10/1996,San Diego Chargers,13,San Francisco 49ers,16,5,36.5
08/10/1996,Cincinnati Bengals,10,Arizona Cardinals,13,0,34.5
08/11/1996,Miami Dolphins,21,Chicago Bears,24,2,36
08/11/1996,Pittsburgh Steelers,17,Green Bay Packers,24,3,36
08/12/1996,New England Patriots,31,Dallas Cowboys,7,4,36
08/15/1996,Oakland Raiders,6,Atlanta Falcons,27,3,40.5
08/16/1996,Cincinnati Bengals,28,Washington Redskins,7,4,39
08/16/1996,Detroit Lions,34,Houston Oilers,23,1,38
08/17/1996,Tampa Bay Buccaneers,3,Pittsburgh Steelers,13,5.5,35
08/17/1996,Green Bay Packers,17,Baltimore Ravens,15,3,36
08/17/1996,Buffalo Bills,24,Carolina Panthers,0,3.5,36
08/17/1996,Chicago Bears,21,New Orleans Saints,31,3.5,39
08/17/1996,Denver Broncos,20,Dallas Cowboys,3,4,40
08/17/1996,New York Giants,6,New York Jets,13,3,35.5
08/17/1996,Seattle Seahawks,13,Indianapolis Colts,15,3.5,36
08/17/1996,St Louis Rams,34,Kansas City Chiefs,30,6,36
08/17/1996,Arizona Cardinals,10,San Diego Chargers,32,6,34
08/18/1996,Philadelphia Eagles,10,New England Patriots,37,4,37
08/18/1996,San Francisco 49ers,10,Jacksonville Jaguars,38,-3.5,37.5
08/19/1996,Minnesota Vikings,17,Miami Dolphins,24,3,40.5
08/22/1996,Kansas City Chiefs,14,Chicago Bears,10,2,38
08/23/1996,Arizona Cardinals,30,Atlanta Falcons,31,7,38
08/23/1996,Baltimore Ravens,37,Buffalo Bills,14,3.5,36.5
08/23/1996,Detroit Lions,24,Cincinnati Bengals,17,2,40.5
08/23/1996,Miami Dolphins,19,Tampa Bay Buccaneers,7,3.5,35
08/23/1996,Pittsburgh Steelers,19,Philadelphia Eagles,20,2,36
08/23/1996,Carolina Panthers,34,New York Giants,7,2,35
08/23/1996,Jacksonville Jaguars,31,Denver Broncos,24,6,38.5
08/23/1996,Minnesota Vikings,13,New Orleans Saints,16,3.5,40
08/23/1996,San Diego Chargers,34,St Louis Rams,37,3.5,38
08/23/1996,Washington Redskins,19,New England Patriots,27,5,40
08/23/1996,New York Jets,27,Oakland Raiders,44,5,37.5
08/23/1996,San Francisco 49ers,3,Seattle Seahawks,20,-2,39
08/24/1996,Dallas Cowboys,24,Houston Oilers,19,-1,37.5
08/24/1996,Green Bay Packers,6,Indianapolis Colts,30,3,38
