Date,Visitor,Visitor Score,Home Team,Home Score,Line,Total Line
08/04/1990,Chicago Bears,13,Cleveland Browns,0,2.5, 
08/04/1990,Denver Broncos,10,Seattle Seahawks,7,-1.5, 
08/05/1990,Los Angeles Raiders,10,New Orleans Saints,17,0, 
08/09/1990,Detroit Lions,34,Houston Oilers,10,2.5, 
08/09/1990,New England Patriots,14,Pittsburgh Steelers,30,2.5, 
08/11/1990,Atlanta Falcons,31,Washington Redskins,27,3, 
08/11/1990,Cincinnati Bengals,17,Tampa Bay Buccaneers,30,1, 
08/11/1990,Cleveland Browns,25,Green Bay Packers,10,1.5, 
08/11/1990,Dallas Cowboys,16,San Diego Chargers,28,2, 
08/11/1990,Denver Broncos,16,Indianapolis Colts,7,0, 
08/11/1990,New York Jets,17,Philadelphia Eagles,6,5, 
08/11/1990,Kansas City Chiefs,3,Los Angeles Rams,19,2, 
08/11/1990,Miami Dolphins,6,Chicago Bears,10,2.5, 
08/11/1990,New Orleans Saints,13,Minnesota Vikings,10,2.5, 
08/11/1990,Los Angeles Raiders,23,San Francisco 49ers,13,6.5, 
08/11/1990,Seattle Seahawks,34,Phoenix Cardinals,9,1.5, 
08/13/1990,New York Giants,20,Buffalo Bills,6,2, 
08/17/1990,Buffalo Bills,13,Detroit Lions,24,3.5, 
08/17/1990,Indianapolis Colts,10,Seattle Seahawks,13,3.5, 
08/17/1990,Pittsburgh Steelers,24,Washington Redskins,27,3, 
08/18/1990,Chicago Bears,17,Phoenix Cardinals,9,-1.5, 
08/18/1990,Cincinnati Bengals,17,Atlanta Falcons,34,1, 
08/18/1990,Dallas Cowboys,14,Los Angeles Raiders,16,3.5, 
08/18/1990,New York Jets,20,Kansas City Chiefs,0,3, 
08/18/1990,Miami Dolphins,14,Philadelphia Eagles,23,3, 
08/18/1990,New England Patriots,10,Tampa Bay Buccaneers,44,3.5, 
08/18/1990,New Orleans Saints,13,Green Bay Packers,27,1, 
08/18/1990,New York Giants,13,Houston Oilers,10,0, 
08/18/1990,San Diego Chargers,30,Los Angeles Rams,27,4.5, 
08/19/1990,Minnesota Vikings,23,Cleveland Browns,20,1, 
08/20/1990,San Francisco 49ers,27,Denver Broncos,24,-1, 
08/24/1990,Cincinnati Bengals,13,New England Patriots,10,-3, 
08/24/1990,Kansas City Chiefs,21,Detroit Lions,35,4, 
08/24/1990,Los Angeles Raiders,20,Chicago Bears,3,3.5, 
08/24/1990,Tampa Bay Buccaneers,3,Seattle Seahawks,10,2, 
08/25/1990,Atlanta Falcons,17,Green Bay Packers,14,2.5, 
08/25/1990,Buffalo Bills,23,New Orleans Saints,28,3.5, 
08/25/1990,Denver Broncos,16,Miami Dolphins,17,1.5, 
08/25/1990,New York Jets,7,New York Giants,17,3.5, 
08/25/1990,Phoenix Cardinals,7,Los Angeles Rams,27,6.5, 
08/25/1990,Pittsburgh Steelers,9,Dallas Cowboys,20,0, 
08/25/1990,San Francisco 49ers,28,San Diego Chargers,29,-3.5, 
08/25/1990,Washington Redskins,31,Cleveland Browns,13,2, 
08/26/1990,Houston Oilers,21,Minnesota Vikings,22,4.5, 
08/27/1990,Philadelphia Eagles,17,Indianapolis Colts,16,-1.5, 
08/30/1990,Buffalo Bills,7,Chicago Bears,35,0, 
08/30/1990,New York Jets,14,Tampa Bay Buccaneers,23,3, 
08/31/1990,Atlanta Falcons,45,New England Patriots,14,-1, 
08/31/1990,Detroit Lions,26,Cincinnati Bengals,24,2.5, 
08/31/1990,Green Bay Packers,14,Kansas City Chiefs,27,3, 
08/31/1990,Indianapolis Colts,14,New Orleans Saints,17,4.5, 
08/31/1990,Minnesota Vikings,20,Miami Dolphins,17,1, 
08/31/1990,Phoenix Cardinals,14,Denver Broncos,25,7.5, 
08/31/1990,Los Angeles Rams,10,Washington Redskins,37,1.5, 
08/31/1990,Seattle Seahawks,30,San Francisco 49ers,10,7.5, 
09/01/1990,Cleveland Browns,10,New York Giants,28,4, 
09/01/1990,Houston Oilers,27,Dallas Cowboys,6,-2, 
09/01/1990,Philadelphia Eagles,10,Pittsburgh Steelers,20,2, 
09/01/1990,San Diego Chargers,7,Los Angeles Raiders,34,2.5, 
