Date,Visitor,Visitor Score,Home Team,Home Score,Line,Total Line
07/31/1988,Cincinnati Bengals,14,Los Angeles Rams,7,0, 
07/31/1988,Miami Dolphins,27,San Francisco 49ers,21,2.5, 
08/07/1988,Atlanta Falcons,34,New England Patriots,30,6, 
08/07/1988,Buffalo Bills,9,Houston Oilers,13,3, 
08/07/1988,Cincinnati Bengals,21,Kansas City Chiefs,34,1.5, 
08/07/1988,Dallas Cowboys,21,San Diego Chargers,24,3, 
08/07/1988,Denver Broncos,40,Los Angeles Rams,31,1.5, 
08/07/1988,Detroit Lions,10,Cleveland Browns,13,5, 
08/07/1988,Indianapolis Colts,20,Tampa Bay Buccaneers,7,0, 
08/07/1988,New York Jets,12,Philadelphia Eagles,23,2.5, 
08/07/1988,Miami Dolphins,17,Chicago Bears,20,3.5, 
08/07/1988,New Orleans Saints,23,Minnesota Vikings,20,1.5, 
08/07/1988,New York Giants,34,Green Bay Packers,3,-2.5, 
08/07/1988,Phoenix Cardinals,7,Seattle Seahawks,21,5, 
08/07/1988,Pittsburgh Steelers,44,Washington Redskins,31,4, 
08/07/1988,Los Angeles Raiders,10,San Francisco 49ers,24,4, 
08/14/1988,Chicago Bears,21,Minnesota Vikings,28,0, 
08/14/1988,Cincinnati Bengals,24,Buffalo Bills,13,2.5, 
08/14/1988,Cleveland Browns,23,Tampa Bay Buccaneers,3,-3.5, 
08/14/1988,Dallas Cowboys,27,Los Angeles Raiders,17,3, 
08/14/1988,Green Bay Packers,21,Indianapolis Colts,25,6, 
08/14/1988,Houston Oilers,27,New England Patriots,14,-1, 
08/14/1988,New York Jets,21,New York Giants,24,6.5, 
08/14/1988,Kansas City Chiefs,27,Atlanta Falcons,13,1.5, 
08/14/1988,New Orleans Saints,33,Phoenix Cardinals,28,2, 
08/14/1988,Philadelphia Eagles,16,Pittsburgh Steelers,21,2.5, 
08/14/1988,San Diego Chargers,6,Los Angeles Rams,27,5, 
08/14/1988,Seattle Seahawks,16,Detroit Lions,13,-1.5, 
08/14/1988,San Francisco 49ers,24,Denver Broncos,34,3, 
08/14/1988,Washington Redskins,27,Miami Dolphins,10,2, 
08/20/1988,Buffalo Bills,13,Seattle Seahawks,30,4.5, 
08/20/1988,Chicago Bears,9,Dallas Cowboys,17,1.5, 
08/20/1988,Cleveland Browns,7,New York Jets,11,-4.5, 
08/20/1988,Denver Broncos,13,Miami Dolphins,16,3, 
08/20/1988,Detroit Lions,7,Cincinnati Bengals,24,5.5, 
08/20/1988,Houston Oilers,20,Los Angeles Rams,17,2.5, 
08/20/1988,Kansas City Chiefs,21,Green Bay Packers,21,1, 
08/20/1988,Minnesota Vikings,19,Phoenix Cardinals,16,1.5, 
08/20/1988,New England Patriots,24,Philadelphia Eagles,21,3.5, 
08/20/1988,New Orleans Saints,6,Indianapolis Colts,18,1, 
08/20/1988,Pittsburgh Steelers,17,New York Giants,28,6.5, 
08/20/1988,San Francisco 49ers,34,San Diego Chargers,27,-4.5, 
08/20/1988,Tampa Bay Buccaneers,14,Atlanta Falcons,19,3.5, 
08/20/1988,Washington Redskins,45,Los Angeles Raiders,27,-1.5, 
08/27/1988,Atlanta Falcons,17,Washington Redskins,34,6, 
08/27/1988,Buffalo Bills,14,Tampa Bay Buccaneers,7,-3.5, 
08/27/1988,Cincinnati Bengals,27,New England Patriots,21,3, 
08/27/1988,Houston Oilers,54,Dallas Cowboys,10,2, 
08/27/1988,Indianapolis Colts,20,Denver Broncos,21,5, 
08/27/1988,New York Jets,24,Green Bay Packers,27,2, 
08/27/1988,Miami Dolphins,17,Minnesota Vikings,24,4, 
08/27/1988,New York Giants,13,Cleveland Browns,17,2.5, 
08/27/1988,Philadelphia Eagles,27,Detroit Lions,9,1, 
08/27/1988,Phoenix Cardinals,41,Kansas City Chiefs,21,3.5, 
08/27/1988,Pittsburgh Steelers,31,New Orleans Saints,28,5, 
08/27/1988,Los Angeles Raiders,37,Chicago Bears,22,7, 
08/27/1988,Los Angeles Rams,31,San Diego Chargers,24,0, 
08/27/1988,Seattle Seahawks,21,San Francisco 49ers,27,5, 
