Date,Visitor,Visitor Score,Home Team,Home Score,Line,Total Line
08/04/1985,New York Giants,21,Houston Oilers,20,-1.5, 
08/11/1985,Buffalo Bills,10,Detroit Lions,10,3, 
08/11/1985,Chicago Bears,3,St Louis Cardinals,10,2.5, 
08/11/1985,Cleveland Browns,7,San Diego Chargers,12,3.5, 
08/11/1985,Green Bay Packers,3,Dallas Cowboys,27,3.5, 
08/11/1985,Houston Oilers,3,Los Angeles Rams,7,4, 
08/11/1985,Kansas City Chiefs,35,Cincinnati Bengals,27,2.5, 
08/11/1985,Minnesota Vikings,16,Miami Dolphins,13,6, 
08/11/1985,New Orleans Saints,32,New England Patriots,20,3, 
08/11/1985,New York Giants,30,Denver Broncos,20,4, 
08/11/1985,Philadelphia Eagles,37,New York Jets,17,3.5, 
08/11/1985,Pittsburgh Steelers,42,Tampa Bay Buccaneers,27,1.5, 
08/11/1985,Seattle Seahawks,7,Indianapolis Colts,19,1, 
08/11/1985,San Francisco 49ers,28,Los Angeles Raiders,21,1, 
08/11/1985,Washington Redskins,17,Atlanta Falcons,14,-2, 
08/18/1985,Atlanta Falcons,23,Tampa Bay Buccaneers,17,3.5, 
08/18/1985,Buffalo Bills,17,Miami Dolphins,27,6.5, 
08/18/1985,Dallas Cowboys,27,San Diego Chargers,24,2, 
08/18/1985,Denver Broncos,20,San Francisco 49ers,13,5, 
08/18/1985,Detroit Lions,3,Seattle Seahawks,28,6, 
08/18/1985,Green Bay Packers,2,New York Giants,10,3.5, 
08/18/1985,Houston Oilers,23,New Orleans Saints,20,4.5, 
08/18/1985,Indianapolis Colts,24,Chicago Bears,13,6, 
08/18/1985,New York Jets,20,Cincinnati Bengals,24,3.5, 
08/18/1985,New England Patriots,31,Kansas City Chiefs,13,3.5, 
08/18/1985,Philadelphia Eagles,14,Cleveland Browns,28,3.5, 
08/18/1985,Pittsburgh Steelers,34,Minnesota Vikings,41,-2.5, 
08/18/1985,St Louis Cardinals,7,Los Angeles Rams,39,1.5, 
08/18/1985,Washington Redskins,14,Los Angeles Raiders,9,3, 
08/25/1985,Atlanta Falcons,24,Green Bay Packers,28,5, 
08/25/1985,Chicago Bears,13,Dallas Cowboys,15,4, 
08/25/1985,Cincinnati Bengals,17,Detroit Lions,31,1.5, 
08/25/1985,Cleveland Browns,31,Buffalo Bills,28,2.5, 
08/25/1985,Indianapolis Colts,3,Denver Broncos,20,6, 
08/25/1985,New York Jets,31,New York Giants,34,4, 
08/25/1985,Kansas City Chiefs,24,Houston Oilers,19,1.5, 
08/25/1985,Miami Dolphins,23,Los Angeles Raiders,17,5.5, 
08/25/1985,New England Patriots,36,Washington Redskins,37,3.5, 
08/25/1985,Pittsburgh Steelers,6,St Louis Cardinals,14,1, 
08/25/1985,Los Angeles Rams,12,Philadelphia Eagles,14,-4, 
08/25/1985,San Diego Chargers,10,San Francisco 49ers,25,4, 
08/25/1985,Seattle Seahawks,27,Minnesota Vikings,10,-2, 
08/25/1985,Tampa Bay Buccaneers,14,New Orleans Saints,10,4.5, 
09/01/1985,Buffalo Bills,14,Chicago Bears,45,7, 
09/01/1985,Cincinnati Bengals,31,Indianapolis Colts,21,-2, 
09/01/1985,Detroit Lions,16,Philadelphia Eagles,20,3, 
09/01/1985,Houston Oilers,10,Dallas Cowboys,20,4, 
09/01/1985,New York Jets,30,Green Bay Packers,20,4, 
09/01/1985,Miami Dolphins,17,Atlanta Falcons,19,-3.5, 
09/01/1985,Minnesota Vikings,13,Denver Broncos,9,3.5, 
09/01/1985,New England Patriots,13,Los Angeles Rams,14,3, 
09/01/1985,New Orleans Saints,20,San Diego Chargers,21,0, 
09/01/1985,New York Giants,24,Pittsburgh Steelers,14,3, 
09/01/1985,Los Angeles Raiders,26,Cleveland Browns,7,-3.5, 
09/01/1985,San Francisco 49ers,23,Seattle Seahawks,21,3.5, 
09/01/1985,St Louis Cardinals,13,Kansas City Chiefs,17,2, 
09/01/1985,Washington Redskins,20,Tampa Bay Buccaneers,7,-3, 
