<?xml version="1.0" encoding="UTF-8"?> 
<scores>
<league>NFL</league><year>1995</year><season>Pre-Season</season>
<date day="1995-07-29">
<game>
<team tnum="1"><name>Carolina Panthers</name><score>20</score><line>-2</line></team>
<team tnum="2"><name>Jacksonville Jaguars</name><score>14</score><line>2</line></team>
</game>
<game>
<team tnum="1"><name>Buffalo Bills</name><score>15</score><site>V</site><line>6</line></team>
<team tnum="2"><name>Dallas Cowboys</name><score>21</score><site>H</site><line>-6</line></team>
</game>
<game>
<team tnum="1"><name>San Francisco 49ers</name><score>7</score><site>V</site><line>-3.5</line></team>
<team tnum="2"><name>Denver Broncos</name><score>9</score><site>H</site><line>3.5</line></team>
</game>
</date>
<date day="1995-08-04">
<game>
<team tnum="1"><name>Detroit Lions</name><score>30</score><site>V</site><line>5</line></team>
<team tnum="2"><name>New England Patriots</name><score>17</score><site>H</site><line>-5</line></team>
</game>
<game>
<team tnum="1"><name>Jacksonville Jaguars</name><score>24</score><site>V</site><line>8.5</line></team>
<team tnum="2"><name>Miami Dolphins</name><score>21</score><site>H</site><line>-8.5</line></team>
</game>
<game>
<team tnum="1"><name>Cincinnati Bengals</name><score>34</score><site>V</site><line>4</line></team>
<team tnum="2"><name>Indianapolis Colts</name><score>21</score><site>H</site><line>-4</line></team>
</game>
<game>
<team tnum="1"><name>Pittsburgh Steelers</name><score>31</score><site>V</site><line>-1</line></team>
<team tnum="2"><name>Buffalo Bills</name><score>10</score><site>H</site><line>1</line></team>
</game>
<game>
<team tnum="1"><name>Carolina Panthers</name><score>15</score><site>V</site><line>6.5</line></team>
<team tnum="2"><name>Chicago Bears</name><score>18</score><site>H</site><line>-6.5</line></team>
</game>
</date>
<date day="1995-08-05">
<game>
<team tnum="1"><name>New Orleans Saints</name><score>17</score><line>3.5</line></team>
<team tnum="2"><name>Green Bay Packers</name><score>27</score><line>-3.5</line></team>
</game>
<game>
<team tnum="1"><name>Atlanta Falcons</name><score>17</score><site>V</site><line>4</line></team>
<team tnum="2"><name>Philadelphia Eagles</name><score>25</score><site>H</site><line>-4</line></team>
</game>
<game>
<team tnum="1"><name>New York Jets</name><score>9</score><site>V</site><line>2.5</line></team>
<team tnum="2"><name>Tampa Bay Buccaneers</name><score>3</score><site>H</site><line>-2.5</line></team>
</game>
<game>
<team tnum="1"><name>Arizona Cardinals</name><score>16</score><site>V</site><line>-2</line></team>
<team tnum="2"><name>Houston Oilers</name><score>13</score><site>H</site><line>2</line></team>
</game>
<game>
<team tnum="1"><name>Washington Redskins</name><score>21</score><site>V</site><line>3.5</line></team>
<team tnum="2"><name>Kansas City Chiefs</name><score>37</score><site>H</site><line>-3.5</line></team>
</game>
<game>
<team tnum="1"><name>Los Angeles Raiders</name><score>27</score><site>V</site><line>6</line></team>
<team tnum="2"><name>Dallas Cowboys</name><score>14</score><site>H</site><line>-6</line></team>
</game>
<game>
<team tnum="1"><name>Denver Broncos</name><score>24</score><line>7.5</line></team>
<team tnum="2"><name>San Francisco 49ers</name><score>10</score><line>-7.5</line></team>
</game>
<game>
<team tnum="1"><name>St Louis Rams</name><score>20</score><site>V</site><line>3.5</line></team>
<team tnum="2"><name>Seattle Seahawks</name><score>34</score><site>H</site><line>-3.5</line></team>
</game>
</date>
<date day="1995-08-06">
<game>
<team tnum="1"><name>New York Giants</name><score>19</score><site>V</site><line>3</line></team>
<team tnum="2"><name>Cleveland Browns</name><score>13</score><site>H</site><line>-3</line></team>
</game>
</date>
<date day="1995-08-07">
<game>
<team tnum="1"><name>Minnesota Vikings</name><score>23</score><site>V</site><line>2</line></team>
<team tnum="2"><name>San Diego Chargers</name><score>19</score><site>H</site><line>-2</line></team>
</game>
</date>
<date day="1995-08-10">
<game>
<team tnum="1"><name>Jacksonville Jaguars</name><score>3</score><site>V</site><line>6.5</line></team>
<team tnum="2"><name>Detroit Lions</name><score>19</score><site>H</site><line>-6.5</line></team>
</game>
</date>
<date day="1995-08-11">
<game>
<team tnum="1"><name>Miami Dolphins</name><score>0</score><site>V</site><line>-1</line></team>
<team tnum="2"><name>Atlanta Falcons</name><score>37</score><site>H</site><line>1</line></team>
</game>
<game>
<team tnum="1"><name>Tampa Bay Buccaneers</name><score>31</score><site>V</site><line>3.5</line></team>
<team tnum="2"><name>Cincinnati Bengals</name><score>7</score><site>H</site><line>-3.5</line></team>
</game>
<game>
<team tnum="1"><name>New Orleans Saints</name><score>13</score><site>V</site><line>3.5</line></team>
<team tnum="2"><name>New York Giants</name><score>16</score><site>H</site><line>-3.5</line></team>
</game>
<game>
<team tnum="1"><name>Kansas City Chiefs</name><score>17</score><site>V</site><line>3</line></team>
<team tnum="2"><name>Arizona Cardinals</name><score>22</score><site>H</site><line>-3</line></team>
</game>
</date>
<date day="1995-08-12">
<game>
<team tnum="1"><name>St Louis Rams</name><score>22</score><site>V</site><line>7</line></team>
<team tnum="2"><name>Los Angeles Raiders</name><score>27</score><site>H</site><line>-7</line></team>
</game>
<game>
<team tnum="1"><name>Denver Broncos</name><score>10</score><site>V</site><line>-3</line></team>
<team tnum="2"><name>Carolina Panthers</name><score>19</score><site>H</site><line>3</line></team>
</game>
<game>
<team tnum="1"><name>Buffalo Bills</name><score>9</score><line>5.5</line></team>
<team tnum="2"><name>Dallas Cowboys</name><score>7</score><line>-5.5</line></team>
</game>
<game>
<team tnum="1"><name>Houston Oilers</name><score>13</score><line>3</line></team>
<team tnum="2"><name>Washington Redskins</name><score>16</score><line>-3</line></team>
</game>
<game>
<team tnum="1"><name>Minnesota Vikings</name><score>14</score><site>V</site><line>5</line></team>
<team tnum="2"><name>New England Patriots</name><score>21</score><site>H</site><line>-5</line></team>
</game>
<game>
<team tnum="1"><name>New York Jets</name><score>10</score><line>3.5</line></team>
<team tnum="2"><name>Philadelphia Eagles</name><score>13</score><line>-3.5</line></team>
</game>
<game>
<team tnum="1"><name>Indianapolis Colts</name><score>20</score><site>V</site><line>3</line></team>
<team tnum="2"><name>Seattle Seahawks</name><score>17</score><site>H</site><line>-3</line></team>
</game>
</date>
<date day="1995-08-13">
<game>
<team tnum="1"><name>Green Bay Packers</name><score>36</score><site>V</site><line>6</line></team>
<team tnum="2"><name>Pittsburgh Steelers</name><score>13</score><site>H</site><line>-6</line></team>
</game>
<game>
<team tnum="1"><name>San Francisco 49ers</name><score>17</score><site>V</site><line>-4</line></team>
<team tnum="2"><name>San Diego Chargers</name><score>6</score><site>H</site><line>4</line></team>
</game>
</date>
<date day="1995-08-14">
<game>
<team tnum="1"><name>Chicago Bears</name><score>13</score><site>V</site><line>3</line></team>
<team tnum="2"><name>Cleveland Browns</name><score>55</score><site>H</site><line>-3</line></team>
</game>
</date>
<date day="1995-08-17">
<game>
<team tnum="1"><name>Cincinnati Bengals</name><score>13</score><site>V</site><line>6.5</line></team>
<team tnum="2"><name>Detroit Lions</name><score>20</score><site>H</site><line>-6.5</line></team>
</game>
<game>
<team tnum="1"><name>New England Patriots</name><score>7</score><site>V</site><line>2</line></team>
<team tnum="2"><name>Philadelphia Eagles</name><score>31</score><site>H</site><line>-2</line></team>
</game>
</date>
<date day="1995-08-18">
<game>
<team tnum="1"><name>St Louis Rams</name><score>27</score><site>V</site><line>0</line></team>
<team tnum="2"><name>Jacksonville Jaguars</name><score>10</score><site>H</site><line>0</line></team>
</game>
<game>
<team tnum="1"><name>Los Angeles Raiders</name><score>17</score><site>V</site><line>3</line></team>
<team tnum="2"><name>Minnesota Vikings</name><score>20</score><site>H</site><line>-3</line></team>
</game>
</date>
<date day="1995-08-19">
<game>
<team tnum="1"><name>Indianapolis Colts</name><score>20</score><site>V</site><line>4</line></team>
<team tnum="2"><name>Green Bay Packers</name><score>17</score><site>H</site><line>-4</line></team>
</game>
<game>
<team tnum="1"><name>Cleveland Browns</name><score>10</score><site>V</site><line>2.5</line></team>
<team tnum="2"><name>Atlanta Falcons</name><score>19</score><site>H</site><line>-2.5</line></team>
</game>
<game>
<team tnum="1"><name>Washington Redskins</name><score>13</score><site>V</site><line>7</line></team>
<team tnum="2"><name>Miami Dolphins</name><score>27</score><site>H</site><line>-7</line></team>
</game>
<game>
<team tnum="1"><name>Pittsburgh Steelers</name><score>7</score><site>V</site><line>-2.5</line></team>
<team tnum="2"><name>Tampa Bay Buccaneers</name><score>20</score><site>H</site><line>2.5</line></team>
</game>
<game>
<team tnum="1"><name>Buffalo Bills</name><score>10</score><site>V</site><line>3.5</line></team>
<team tnum="2"><name>Kansas City Chiefs</name><score>36</score><site>H</site><line>-3.5</line></team>
</game>
<game>
<team tnum="1"><name>Carolina Panthers</name><score>10</score><site>V</site><line>10</line></team>
<team tnum="2"><name>San Francisco 49ers</name><score>17</score><site>H</site><line>-10</line></team>
</game>
<game>
<team tnum="1"><name>New York Jets</name><score>31</score><site>V</site><line>2.5</line></team>
<team tnum="2"><name>New York Giants</name><score>32</score><site>H</site><line>-2.5</line></team>
</game>
</date>
<date day="1995-08-20">
<game>
<team tnum="1"><name>Seattle Seahawks</name><score>24</score><site>V</site><line>3.5</line></team>
<team tnum="2"><name>New Orleans Saints</name><score>19</score><site>H</site><line>-3.5</line></team>
</game>
<game>
<team tnum="1"><name>Arizona Cardinals</name><score>17</score><site>V</site><line>2.5</line></team>
<team tnum="2"><name>Chicago Bears</name><score>16</score><site>H</site><line>-2.5</line></team>
</game>
</date>
<date day="1995-08-21">
<game>
<team tnum="1"><name>Dallas Cowboys</name><score>17</score><site>V</site><line>-2</line></team>
<team tnum="2"><name>Denver Broncos</name><score>20</score><site>H</site><line>2</line></team>
</game>
</date>
<date day="1995-08-24">
<game>
<team tnum="1"><name>Philadelphia Eagles</name><score>16</score><site>V</site><line>4</line></team>
<team tnum="2"><name>Pittsburgh Steelers</name><score>6</score><site>H</site><line>-4</line></team>
</game>
<game>
<team tnum="1"><name>Chicago Bears</name><score>7</score><site>V</site><line>3.5</line></team>
<team tnum="2"><name>Indianapolis Colts</name><score>29</score><site>H</site><line>-3.5</line></team>
</game>
</date>
<date day="1995-08-25">
<game>
<team tnum="1"><name>Denver Broncos</name><score>17</score><site>V</site><line>-3</line></team>
<team tnum="2"><name>Jacksonville Jaguars</name><score>23</score><site>H</site><line>3</line></team>
</game>
<game>
<team tnum="1"><name>Atlanta Falcons</name><score>14</score><site>V</site><line>2.5</line></team>
<team tnum="2"><name>Buffalo Bills</name><score>20</score><site>H</site><line>-2.5</line></team>
</game>
<game>
<team tnum="1"><name>New York Jets</name><score>30</score><site>V</site><line>2</line></team>
<team tnum="2"><name>Cincinnati Bengals</name><score>24</score><site>H</site><line>-2</line></team>
</game>
<game>
<team tnum="1"><name>Detroit Lions</name><score>10</score><site>V</site><line>3.5</line></team>
<team tnum="2"><name>New Orleans Saints</name><score>24</score><site>H</site><line>-3.5</line></team>
</game>
<game>
<team tnum="1"><name>Miami Dolphins</name><score>17</score><line>-3.5</line></team>
<team tnum="2"><name>Tampa Bay Buccaneers</name><score>24</score><line>3.5</line></team>
</game>
<game>
<team tnum="1"><name>Washington Redskins</name><score>23</score><site>V</site><line>6.5</line></team>
<team tnum="2"><name>Green Bay Packers</name><score>35</score><site>H</site><line>-6.5</line></team>
</game>
<game>
<team tnum="1"><name>New England Patriots</name><score>24</score><line>3</line></team>
<team tnum="2"><name>Los Angeles Raiders</name><score>32</score><line>-3</line></team>
</game>
<game>
<team tnum="1"><name>Cleveland Browns</name><score>31</score><site>V</site><line>3</line></team>
<team tnum="2"><name>Arizona Cardinals</name><score>17</score><site>H</site><line>-3</line></team>
</game>
<game>
<team tnum="1"><name>St Louis Rams</name><score>9</score><site>V</site><line>7</line></team>
<team tnum="2"><name>San Diego Chargers</name><score>17</score><site>H</site><line>-7</line></team>
</game>
</date>
<date day="1995-08-26">
<game>
<team tnum="1"><name>Kansas City Chiefs</name><score>17</score><site>V</site><line>4.5</line></team>
<team tnum="2"><name>Minnesota Vikings</name><score>13</score><site>H</site><line>-4.5</line></team>
</game>
<game>
<team tnum="1"><name>New York Giants</name><score>3</score><site>V</site><line>-2.5</line></team>
<team tnum="2"><name>Carolina Panthers</name><score>6</score><site>H</site><line>2.5</line></team>
</game>
<game>
<team tnum="1"><name>Dallas Cowboys</name><score>10</score><line>-6.5</line></team>
<team tnum="2"><name>Houston Oilers</name><score>0</score><line>6.5</line></team>
</game>
<game>
<team tnum="1"><name>Seattle Seahawks</name><score>7</score><site>V</site><line>7.5</line></team>
<team tnum="2"><name>San Francisco 49ers</name><score>17</score><site>H</site><line>-7.5</line></team>
</game>
</date>
</scores>
