Date,Visitor,Visitor Score,Home Team,Home Score,Line,Total Line
07/29/1984,Tampa Bay Buccaneers,0,Seattle Seahawks,38,2, 
08/05/1984,Atlanta Falcons,6,Minnesota Vikings,37,3, 
08/05/1984,Buffalo Bills,3,Seattle Seahawks,7,3.5, 
08/05/1984,Cincinnati Bengals,21,New York Jets,15,1, 
08/05/1984,Green Bay Packers,17,Dallas Cowboys,31,3.5, 
08/05/1984,Houston Oilers,17,Tampa Bay Buccaneers,30,2.5, 
08/05/1984,Indianapolis Colts,3,Miami Dolphins,24,6, 
08/05/1984,New Orleans Saints,34,Kansas City Chiefs,20,2.5, 
08/05/1984,New York Giants,48,New England Patriots,20,2, 
08/05/1984,Philadelphia Eagles,14,Detroit Lions,17,3.5, 
08/05/1984,Pittsburgh Steelers,31,Cleveland Browns,14,2, 
08/05/1984,Los Angeles Raiders,10,San Francisco 49ers,13,2.5, 
08/05/1984,Los Angeles Rams,10,San Diego Chargers,17,3, 
08/05/1984,St Louis Cardinals,19,Chicago Bears,10,2, 
08/05/1984,Washington Redskins,16,Denver Broncos,13,-1, 
08/12/1984,Atlanta Falcons,21,New Orleans Saints,31,4, 
08/12/1984,Chicago Bears,10,Green Bay Packers,17,2.5, 
08/12/1984,Cincinnati Bengals,13,Tampa Bay Buccaneers,21,0, 
08/12/1984,Cleveland Browns,21,Los Angeles Rams,10,2, 
08/12/1984,Dallas Cowboys,24,San Diego Chargers,13,1.5, 
08/12/1984,New York Jets,17,Houston Oilers,36,3, 
08/12/1984,Kansas City Chiefs,10,St Louis Cardinals,14,3, 
08/12/1984,Miami Dolphins,29,Minnesota Vikings,7,1, 
08/12/1984,New England Patriots,13,Buffalo Bills,23,0, 
08/12/1984,New York Giants,20,Indianapolis Colts,26,2, 
08/12/1984,Philadelphia Eagles,17,Pittsburgh Steelers,20,4, 
08/12/1984,Los Angeles Raiders,21,Washington Redskins,20,4, 
08/12/1984,Seattle Seahawks,28,Detroit Lions,24,-1, 
08/12/1984,San Francisco 49ers,20,Denver Broncos,21,1.5, 
08/19/1984,Cincinnati Bengals,25,Chicago Bears,17,2.5, 
08/19/1984,Cleveland Browns,13,Kansas City Chiefs,31,3, 
08/19/1984,Detroit Lions,17,Buffalo Bills,12,2.5, 
08/19/1984,Green Bay Packers,24,Los Angeles Rams,27,2.5, 
08/19/1984,Indianapolis Colts,0,Denver Broncos,31,5.5, 
08/19/1984,New York Jets,14,New York Giants,20,4.5, 
08/19/1984,Miami Dolphins,29,Los Angeles Raiders,23,3, 
08/19/1984,New England Patriots,31,Washington Redskins,27,5.5, 
08/19/1984,New Orleans Saints,31,Houston Oilers,19,-1, 
08/19/1984,Philadelphia Eagles,31,Minnesota Vikings,10,3, 
08/19/1984,Pittsburgh Steelers,20,Dallas Cowboys,10,3.5, 
08/19/1984,San Francisco 49ers,15,San Diego Chargers,35,3, 
08/19/1984,St Louis Cardinals,7,Seattle Seahawks,17,3.5, 
08/19/1984,Tampa Bay Buccaneers,21,Atlanta Falcons,52,4.5, 
08/26/1984,Buffalo Bills,7,Chicago Bears,38,3, 
08/26/1984,Cleveland Browns,19,Philadelphia Eagles,20,3, 
08/26/1984,Denver Broncos,24,Atlanta Falcons,13,3, 
08/26/1984,Detroit Lions,14,Cincinnati Bengals,35,4, 
08/26/1984,Houston Oilers,24,Dallas Cowboys,31,6.5, 
08/26/1984,Indianapolis Colts,17,Green Bay Packers,34,7, 
08/26/1984,New York Jets,20,Los Angeles Raiders,14,9, 
08/26/1984,Kansas City Chiefs,7,New England Patriots,36,4, 
08/26/1984,Miami Dolphins,13,Tampa Bay Buccaneers,14,-6, 
08/26/1984,Minnesota Vikings,0,St Louis Cardinals,31,6.5, 
08/26/1984,Pittsburgh Steelers,9,New York Giants,16,-3.5, 
08/26/1984,San Diego Chargers,14,Los Angeles Rams,47,5, 
08/26/1984,Seattle Seahawks,7,San Francisco 49ers,17,3, 
08/26/1984,Washington Redskins,9,New Orleans Saints,14,0, 
