Date,Visitor,Visitor Score,Home Team,Home Score,Line,Total Line
08/08/1987,Denver Broncos,27,Los Angeles Rams,28,-2, 
08/08/1987,Kansas City Chiefs,7,San Francisco 49ers,20,3, 
08/15/1987,Buffalo Bills,14,Atlanta Falcons,19,3, 
08/15/1987,Chicago Bears,10,Miami Dolphins,3,1.5, 
08/15/1987,Cincinnati Bengals,31,Tampa Bay Buccaneers,30,1, 
08/15/1987,Dallas Cowboys,0,San Diego Chargers,29,3, 
08/15/1987,Denver Broncos,20,Green Bay Packers,14,-3, 
08/15/1987,Indianapolis Colts,22,Detroit Lions,19,3, 
08/15/1987,Kansas City Chiefs,32,Houston Oilers,20,2.5, 
08/15/1987,Minnesota Vikings,17,New Orleans Saints,23,3, 
08/15/1987,New York Giants,19,New England Patriots,17,1.5, 
08/15/1987,Philadelphia Eagles,10,New York Jets,13,2.5, 
08/15/1987,Pittsburgh Steelers,17,Washington Redskins,23,3, 
08/15/1987,Seattle Seahawks,14,Los Angeles Rams,23,-1.5, 
08/15/1987,San Francisco 49ers,42,Los Angeles Raiders,16,2.5, 
08/15/1987,St Louis Cardinals,16,Cleveland Browns,31,3.5, 
08/22/1987,Atlanta Falcons,10,Kansas City Chiefs,13,3.5, 
08/22/1987,Buffalo Bills,7,Los Angeles Raiders,3,4, 
08/22/1987,Cincinnati Bengals,9,Detroit Lions,23,1, 
08/22/1987,Cleveland Browns,10,New York Giants,24,4, 
08/22/1987,Dallas Cowboys,13,San Francisco 49ers,3,7.5, 
08/22/1987,Houston Oilers,16,New Orleans Saints,13,4, 
08/22/1987,Indianapolis Colts,13,Minnesota Vikings,37,3, 
08/22/1987,New York Jets,27,Tampa Bay Buccaneers,29,1, 
08/22/1987,Miami Dolphins,28,Denver Broncos,31,7, 
08/22/1987,Philadelphia Eagles,19,New England Patriots,13,3.5, 
08/22/1987,Pittsburgh Steelers,14,Chicago Bears,50,6, 
08/22/1987,Los Angeles Rams,23,San Diego Chargers,21,2, 
08/22/1987,Seattle Seahawks,21,St Louis Cardinals,28,-2, 
08/22/1987,Washington Redskins,33,Green Bay Packers,0,-1.5, 
08/29/1987,Buffalo Bills,14,Kansas City Chiefs,34,3, 
08/29/1987,Cincinnati Bengals,28,Green Bay Packers,20,-2.5, 
08/29/1987,Cleveland Browns,23,Atlanta Falcons,3,1, 
08/29/1987,Denver Broncos,24,Los Angeles Rams,20,2.5, 
08/29/1987,Detroit Lions,10,Seattle Seahawks,38,6.5, 
08/29/1987,Houston Oilers,6,Indianapolis Colts,17,3, 
08/29/1987,New York Jets,30,New York Giants,23,5, 
08/29/1987,Miami Dolphins,35,Philadelphia Eagles,3,2.5, 
08/29/1987,New England Patriots,38,Minnesota Vikings,27,3, 
08/29/1987,Pittsburgh Steelers,28,New Orleans Saints,31,3, 
08/29/1987,Los Angeles Raiders,34,Dallas Cowboys,10,2.5, 
08/29/1987,San Diego Chargers,3,San Francisco 49ers,17,5, 
08/29/1987,St Louis Cardinals,20,Chicago Bears,16,8, 
08/29/1987,Washington Redskins,10,Tampa Bay Buccaneers,17,-3, 
09/05/1987,Atlanta Falcons,13,New England Patriots,14,4, 
09/05/1987,Buffalo Bills,20,Miami Dolphins,34,5, 
09/05/1987,Chicago Bears,20,Los Angeles Raiders,17,1, 
09/05/1987,Cleveland Browns,30,Green Bay Packers,24,-4, 
09/05/1987,Detroit Lions,36,Philadelphia Eagles,3,4, 
09/05/1987,Houston Oilers,18,Dallas Cowboys,13,3.5, 
09/05/1987,New York Jets,6,San Diego Chargers,30,3, 
09/05/1987,Kansas City Chiefs,13,St Louis Cardinals,10,-2, 
09/05/1987,Minnesota Vikings,27,Denver Broncos,27,6, 
09/05/1987,New Orleans Saints,26,Cincinnati Bengals,14,5, 
09/05/1987,New York Giants,26,Pittsburgh Steelers,20,-4, 
09/05/1987,San Francisco 49ers,10,Seattle Seahawks,34,3, 
09/05/1987,Tampa Bay Buccaneers,16,Indianapolis Colts,23,2, 
09/05/1987,Washington Redskins,26,Los Angeles Rams,14,2, 
