<?xml version="1.0" encoding="UTF-8"?> 
<scores>
<league>NFL</league><year>1987</year><season>Pre-Season</season>
<date day="1987-08-08">
<game>
<team tnum="1"><name>Denver Broncos</name><score>27</score><line>-2</line></team>
<team tnum="2"><name>Los Angeles Rams</name><score>28</score><line>2</line></team>
</game>
<game>
<team tnum="1"><name>Kansas City Chiefs</name><score>7</score><line>3</line></team>
<team tnum="2"><name>San Francisco 49ers</name><score>20</score><line>-3</line></team>
</game>
</date>
<date day="1987-08-15">
<game>
<team tnum="1"><name>Buffalo Bills</name><score>14</score><site>V</site><line>3</line></team>
<team tnum="2"><name>Atlanta Falcons</name><score>19</score><site>H</site><line>-3</line></team>
</game>
<game>
<team tnum="1"><name>Chicago Bears</name><score>10</score><site>V</site><line>1.5</line></team>
<team tnum="2"><name>Miami Dolphins</name><score>3</score><site>H</site><line>-1.5</line></team>
</game>
<game>
<team tnum="1"><name>Cincinnati Bengals</name><score>31</score><site>V</site><line>1</line></team>
<team tnum="2"><name>Tampa Bay Buccaneers</name><score>30</score><site>H</site><line>-1</line></team>
</game>
<game>
<team tnum="1"><name>Dallas Cowboys</name><score>0</score><site>V</site><line>3</line></team>
<team tnum="2"><name>San Diego Chargers</name><score>29</score><site>H</site><line>-3</line></team>
</game>
<game>
<team tnum="1"><name>Denver Broncos</name><score>20</score><line>-3</line></team>
<team tnum="2"><name>Green Bay Packers</name><score>14</score><line>3</line></team>
</game>
<game>
<team tnum="1"><name>Indianapolis Colts</name><score>22</score><site>V</site><line>3</line></team>
<team tnum="2"><name>Detroit Lions</name><score>19</score><site>H</site><line>-3</line></team>
</game>
<game>
<team tnum="1"><name>Kansas City Chiefs</name><score>32</score><site>V</site><line>2.5</line></team>
<team tnum="2"><name>Houston Oilers</name><score>20</score><site>H</site><line>-2.5</line></team>
</game>
<game>
<team tnum="1"><name>Minnesota Vikings</name><score>17</score><site>V</site><line>3</line></team>
<team tnum="2"><name>New Orleans Saints</name><score>23</score><site>H</site><line>-3</line></team>
</game>
<game>
<team tnum="1"><name>New York Giants</name><score>19</score><site>V</site><line>1.5</line></team>
<team tnum="2"><name>New England Patriots</name><score>17</score><site>H</site><line>-1.5</line></team>
</game>
<game>
<team tnum="1"><name>Philadelphia Eagles</name><score>10</score><site>V</site><line>2.5</line></team>
<team tnum="2"><name>New York Jets</name><score>13</score><site>H</site><line>-2.5</line></team>
</game>
<game>
<team tnum="1"><name>Pittsburgh Steelers</name><score>17</score><site>V</site><line>3</line></team>
<team tnum="2"><name>Washington Redskins</name><score>23</score><site>H</site><line>-3</line></team>
</game>
<game>
<team tnum="1"><name>Seattle Seahawks</name><score>14</score><site>V</site><line>-1.5</line></team>
<team tnum="2"><name>Los Angeles Rams</name><score>23</score><site>H</site><line>1.5</line></team>
</game>
<game>
<team tnum="1"><name>San Francisco 49ers</name><score>42</score><site>V</site><line>2.5</line></team>
<team tnum="2"><name>Los Angeles Raiders</name><score>16</score><site>H</site><line>-2.5</line></team>
</game>
<game>
<team tnum="1"><name>St Louis Cardinals</name><score>16</score><site>V</site><line>3.5</line></team>
<team tnum="2"><name>Cleveland Browns</name><score>31</score><site>H</site><line>-3.5</line></team>
</game>
</date>
<date day="1987-08-22">
<game>
<team tnum="1"><name>Atlanta Falcons</name><score>10</score><site>V</site><line>3.5</line></team>
<team tnum="2"><name>Kansas City Chiefs</name><score>13</score><site>H</site><line>-3.5</line></team>
</game>
<game>
<team tnum="1"><name>Buffalo Bills</name><score>7</score><site>V</site><line>4</line></team>
<team tnum="2"><name>Los Angeles Raiders</name><score>3</score><site>H</site><line>-4</line></team>
</game>
<game>
<team tnum="1"><name>Cincinnati Bengals</name><score>9</score><site>V</site><line>1</line></team>
<team tnum="2"><name>Detroit Lions</name><score>23</score><site>H</site><line>-1</line></team>
</game>
<game>
<team tnum="1"><name>Cleveland Browns</name><score>10</score><site>V</site><line>4</line></team>
<team tnum="2"><name>New York Giants</name><score>24</score><site>H</site><line>-4</line></team>
</game>
<game>
<team tnum="1"><name>Dallas Cowboys</name><score>13</score><site>V</site><line>7.5</line></team>
<team tnum="2"><name>San Francisco 49ers</name><score>3</score><site>H</site><line>-7.5</line></team>
</game>
<game>
<team tnum="1"><name>Houston Oilers</name><score>16</score><site>V</site><line>4</line></team>
<team tnum="2"><name>New Orleans Saints</name><score>13</score><site>H</site><line>-4</line></team>
</game>
<game>
<team tnum="1"><name>Indianapolis Colts</name><score>13</score><site>V</site><line>3</line></team>
<team tnum="2"><name>Minnesota Vikings</name><score>37</score><site>H</site><line>-3</line></team>
</game>
<game>
<team tnum="1"><name>New York Jets</name><score>27</score><site>V</site><line>1</line></team>
<team tnum="2"><name>Tampa Bay Buccaneers</name><score>29</score><site>H</site><line>-1</line></team>
</game>
<game>
<team tnum="1"><name>Miami Dolphins</name><score>28</score><site>V</site><line>7</line></team>
<team tnum="2"><name>Denver Broncos</name><score>31</score><site>H</site><line>-7</line></team>
</game>
<game>
<team tnum="1"><name>Philadelphia Eagles</name><score>19</score><site>V</site><line>3.5</line></team>
<team tnum="2"><name>New England Patriots</name><score>13</score><site>H</site><line>-3.5</line></team>
</game>
<game>
<team tnum="1"><name>Pittsburgh Steelers</name><score>14</score><site>V</site><line>6</line></team>
<team tnum="2"><name>Chicago Bears</name><score>50</score><site>H</site><line>-6</line></team>
</game>
<game>
<team tnum="1"><name>Los Angeles Rams</name><score>23</score><site>V</site><line>2</line></team>
<team tnum="2"><name>San Diego Chargers</name><score>21</score><site>H</site><line>-2</line></team>
</game>
<game>
<team tnum="1"><name>Seattle Seahawks</name><score>21</score><site>V</site><line>-2</line></team>
<team tnum="2"><name>St Louis Cardinals</name><score>28</score><site>H</site><line>2</line></team>
</game>
<game>
<team tnum="1"><name>Washington Redskins</name><score>33</score><site>V</site><line>-1.5</line></team>
<team tnum="2"><name>Green Bay Packers</name><score>0</score><site>H</site><line>1.5</line></team>
</game>
</date>
<date day="1987-08-29">
<game>
<team tnum="1"><name>Buffalo Bills</name><score>14</score><site>V</site><line>3</line></team>
<team tnum="2"><name>Kansas City Chiefs</name><score>34</score><site>H</site><line>-3</line></team>
</game>
<game>
<team tnum="1"><name>Cincinnati Bengals</name><score>28</score><site>V</site><line>-2.5</line></team>
<team tnum="2"><name>Green Bay Packers</name><score>20</score><site>H</site><line>2.5</line></team>
</game>
<game>
<team tnum="1"><name>Cleveland Browns</name><score>23</score><site>V</site><line>1</line></team>
<team tnum="2"><name>Atlanta Falcons</name><score>3</score><site>H</site><line>-1</line></team>
</game>
<game>
<team tnum="1"><name>Denver Broncos</name><score>24</score><site>V</site><line>2.5</line></team>
<team tnum="2"><name>Los Angeles Rams</name><score>20</score><site>H</site><line>-2.5</line></team>
</game>
<game>
<team tnum="1"><name>Detroit Lions</name><score>10</score><site>V</site><line>6.5</line></team>
<team tnum="2"><name>Seattle Seahawks</name><score>38</score><site>H</site><line>-6.5</line></team>
</game>
<game>
<team tnum="1"><name>Houston Oilers</name><score>6</score><site>V</site><line>3</line></team>
<team tnum="2"><name>Indianapolis Colts</name><score>17</score><site>H</site><line>-3</line></team>
</game>
<game>
<team tnum="1"><name>New York Jets</name><score>30</score><site>V</site><line>5</line></team>
<team tnum="2"><name>New York Giants</name><score>23</score><site>H</site><line>-5</line></team>
</game>
<game>
<team tnum="1"><name>Miami Dolphins</name><score>35</score><site>V</site><line>2.5</line></team>
<team tnum="2"><name>Philadelphia Eagles</name><score>3</score><site>H</site><line>-2.5</line></team>
</game>
<game>
<team tnum="1"><name>New England Patriots</name><score>38</score><site>V</site><line>3</line></team>
<team tnum="2"><name>Minnesota Vikings</name><score>27</score><site>H</site><line>-3</line></team>
</game>
<game>
<team tnum="1"><name>Pittsburgh Steelers</name><score>28</score><site>V</site><line>3</line></team>
<team tnum="2"><name>New Orleans Saints</name><score>31</score><site>H</site><line>-3</line></team>
</game>
<game>
<team tnum="1"><name>Los Angeles Raiders</name><score>34</score><site>V</site><line>2.5</line></team>
<team tnum="2"><name>Dallas Cowboys</name><score>10</score><site>H</site><line>-2.5</line></team>
</game>
<game>
<team tnum="1"><name>San Diego Chargers</name><score>3</score><site>V</site><line>5</line></team>
<team tnum="2"><name>San Francisco 49ers</name><score>17</score><site>H</site><line>-5</line></team>
</game>
<game>
<team tnum="1"><name>St Louis Cardinals</name><score>20</score><site>V</site><line>8</line></team>
<team tnum="2"><name>Chicago Bears</name><score>16</score><site>H</site><line>-8</line></team>
</game>
<game>
<team tnum="1"><name>Washington Redskins</name><score>10</score><site>V</site><line>-3</line></team>
<team tnum="2"><name>Tampa Bay Buccaneers</name><score>17</score><site>H</site><line>3</line></team>
</game>
</date>
<date day="1987-09-05">
<game>
<team tnum="1"><name>Atlanta Falcons</name><score>13</score><line>4</line></team>
<team tnum="2"><name>New England Patriots</name><score>14</score><line>-4</line></team>
</game>
<game>
<team tnum="1"><name>Buffalo Bills</name><score>20</score><site>V</site><line>5</line></team>
<team tnum="2"><name>Miami Dolphins</name><score>34</score><site>H</site><line>-5</line></team>
</game>
<game>
<team tnum="1"><name>Chicago Bears</name><score>20</score><site>V</site><line>1</line></team>
<team tnum="2"><name>Los Angeles Raiders</name><score>17</score><site>H</site><line>-1</line></team>
</game>
<game>
<team tnum="1"><name>Cleveland Browns</name><score>30</score><site>V</site><line>-4</line></team>
<team tnum="2"><name>Green Bay Packers</name><score>24</score><site>H</site><line>4</line></team>
</game>
<game>
<team tnum="1"><name>Detroit Lions</name><score>36</score><site>V</site><line>4</line></team>
<team tnum="2"><name>Philadelphia Eagles</name><score>3</score><site>H</site><line>-4</line></team>
</game>
<game>
<team tnum="1"><name>Houston Oilers</name><score>18</score><site>V</site><line>3.5</line></team>
<team tnum="2"><name>Dallas Cowboys</name><score>13</score><site>H</site><line>-3.5</line></team>
</game>
<game>
<team tnum="1"><name>New York Jets</name><score>6</score><site>V</site><line>3</line></team>
<team tnum="2"><name>San Diego Chargers</name><score>30</score><site>H</site><line>-3</line></team>
</game>
<game>
<team tnum="1"><name>Kansas City Chiefs</name><score>13</score><site>V</site><line>-2</line></team>
<team tnum="2"><name>St Louis Cardinals</name><score>10</score><site>H</site><line>2</line></team>
</game>
<game>
<team tnum="1"><name>Minnesota Vikings</name><score>27</score><site>V</site><line>6</line></team>
<team tnum="2"><name>Denver Broncos</name><score>27</score><site>H</site><line>-6</line></team>
</game>
<game>
<team tnum="1"><name>New Orleans Saints</name><score>26</score><site>V</site><line>5</line></team>
<team tnum="2"><name>Cincinnati Bengals</name><score>14</score><site>H</site><line>-5</line></team>
</game>
<game>
<team tnum="1"><name>New York Giants</name><score>26</score><site>V</site><line>-4</line></team>
<team tnum="2"><name>Pittsburgh Steelers</name><score>20</score><site>H</site><line>4</line></team>
</game>
<game>
<team tnum="1"><name>San Francisco 49ers</name><score>10</score><site>V</site><line>3</line></team>
<team tnum="2"><name>Seattle Seahawks</name><score>34</score><site>H</site><line>-3</line></team>
</game>
<game>
<team tnum="1"><name>Tampa Bay Buccaneers</name><score>16</score><site>V</site><line>2</line></team>
<team tnum="2"><name>Indianapolis Colts</name><score>23</score><site>H</site><line>-2</line></team>
</game>
<game>
<team tnum="1"><name>Washington Redskins</name><score>26</score><site>V</site><line>2</line></team>
<team tnum="2"><name>Los Angeles Rams</name><score>14</score><site>H</site><line>-2</line></team>
</game>
</date>
</scores>
