Date,Visitor,Visitor Score,Home Team,Home Score,Line,Total Line
07/26/1991,Chicago Bears,6,Miami Dolphins,0,3, 
07/27/1991,Denver Broncos,3,Detroit Lions,14,1.5, 
07/27/1991,San Francisco 49ers,24,Los Angeles Raiders,17,1, 
07/28/1991,Philadelphia Eagles,13,Buffalo Bills,17,1, 
08/02/1991,Cincinnati Bengals,20,Detroit Lions,24,2.5, 
08/02/1991,Indianapolis Colts,3,Denver Broncos,10,3.5, 
08/03/1991,Chicago Bears,7,San Francisco 49ers,21,4, 
08/03/1991,Dallas Cowboys,24,Kansas City Chiefs,14,3, 
08/03/1991,Houston Oilers,29,San Diego Chargers,31,2, 
08/03/1991,Miami Dolphins,19,Los Angeles Raiders,17,2, 
08/03/1991,Minnesota Vikings,3,New Orleans Saints,18,1.5, 
08/03/1991,New England Patriots,7,Green Bay Packers,28,5, 
08/03/1991,Philadelphia Eagles,24,New York Jets,10,-2.5, 
08/03/1991,Phoenix Cardinals,31,Seattle Seahawks,13,4, 
08/03/1991,Los Angeles Rams,17,Atlanta Falcons,38,2, 
08/04/1991,Washington Redskins,7,Pittsburgh Steelers,16,-1, 
08/05/1991,Buffalo Bills,17,New York Giants,23,2, 
08/05/1991,Tampa Bay Buccaneers,23,Cleveland Browns,10,1.5, 
08/07/1991,Denver Broncos,6,San Francisco 49ers,24,4, 
08/09/1991,Atlanta Falcons,36,Houston Oilers,7,4, 
08/10/1991,Detroit Lions,16,Buffalo Bills,21,3, 
08/10/1991,Green Bay Packers,20,New Orleans Saints,31,3.5, 
08/10/1991,New York Jets,10,Kansas City Chiefs,19,4.5, 
08/10/1991,Miami Dolphins,29,Tampa Bay Buccaneers,13,1, 
08/10/1991,New York Giants,10,Cleveland Browns,16,-4.5, 
08/10/1991,Philadelphia Eagles,29,Cincinnati Bengals,24,3, 
08/10/1991,Pittsburgh Steelers,24,Minnesota Vikings,34,3.5, 
08/10/1991,Seattle Seahawks,17,Indianapolis Colts,7,2.5, 
08/10/1991,Washington Redskins,27,New England Patriots,6,-6, 
08/11/1991,Phoenix Cardinals,12,Chicago Bears,10,6, 
08/12/1991,Los Angeles Raiders,17,Dallas Cowboys,12,2, 
08/12/1991,San Diego Chargers,3,Los Angeles Rams,24,3, 
08/16/1991,Cleveland Browns,24,Washington Redskins,21,8, 
08/17/1991,Buffalo Bills,24,Green Bay Packers,35,1, 
08/17/1991,Chicago Bears,10,Los Angeles Raiders,13,4.5, 
08/17/1991,Detroit Lions,14,Kansas City Chiefs,38,3.5, 
08/17/1991,New York Jets,10,New York Giants,24,7, 
08/17/1991,Minnesota Vikings,24,Cincinnati Bengals,27,3.5, 
08/17/1991,New England Patriots,0,Phoenix Cardinals,46,7.5, 
08/17/1991,New Orleans Saints,28,Indianapolis Colts,34,2, 
08/17/1991,Pittsburgh Steelers,20,Philadelphia Eagles,21,4.5, 
08/17/1991,Seattle Seahawks,23,Los Angeles Rams,7,3, 
08/17/1991,Tampa Bay Buccaneers,12,Atlanta Falcons,7,6, 
08/18/1991,Dallas Cowboys,20,Houston Oilers,30,3, 
08/19/1991,Miami Dolphins,13,Denver Broncos,21,3, 
08/19/1991,San Diego Chargers,13,San Francisco 49ers,24,7.5, 
08/22/1991,Houston Oilers,16,Los Angeles Rams,13,0, 
08/23/1991,Atlanta Falcons,17,Dallas Cowboys,20,3, 
08/23/1991,Cleveland Browns,7,Minnesota Vikings,31,7.5, 
08/23/1991,Denver Broncos,10,Phoenix Cardinals,34,2.5, 
08/23/1991,Indianapolis Colts,21,Philadelphia Eagles,23,6, 
08/23/1991,Kansas City Chiefs,7,Tampa Bay Buccaneers,20,-2, 
08/23/1991,Pittsburgh Steelers,16,Detroit Lions,3,3, 
08/23/1991,Los Angeles Raiders,17,San Diego Chargers,7,-2, 
08/23/1991,San Francisco 49ers,28,Seattle Seahawks,16,-3.5, 
08/24/1991,Buffalo Bills,13,Chicago Bears,30,3.5, 
08/24/1991,Cincinnati Bengals,19,Green Bay Packers,16,3, 
08/24/1991,New York Jets,13,Washington Redskins,9,7, 
08/24/1991,New Orleans Saints,24,Miami Dolphins,28,3, 
08/24/1991,New York Giants,3,New England Patriots,24,-11, 
