Date,Visitor,Visitor Score,Home Team,Home Score,Line,Total Line
08/09/2004,Denver Broncos,17,Washington Redskins,20,2,34
08/12/2004,Atlanta Falcons,0,Baltimore Ravens,24,3.5,34
08/12/2004,Chicago Bears,13,St Louis Rams,10,3.5,37
08/13/2004,Philadelphia Eagles,6,New England Patriots,24,3,33
08/13/2004,Kansas City Chiefs,24,New York Giants,34,2,36.5
08/13/2004,New York Jets,13,New Orleans Saints,23,2.5,37
08/14/2004,Jacksonville Jaguars,5,Miami Dolphins,16,2.5,33.5
08/14/2004,Pittsburgh Steelers,21,Detroit Lions,27,3,36
08/14/2004,Carolina Panthers,23,Washington Redskins,20,3.5,34.5
08/14/2004,Cleveland Browns,3,Tennessee Titans,24,3,36
08/14/2004,Arizona Cardinals,6,Minnesota Vikings,23,4.5,38
08/14/2004,Dallas Cowboys,0,Houston Texans,18,-1,33
08/14/2004,Oakland Raiders,33,San Francisco 49ers,30,-1.5,35
08/14/2004,Indianapolis Colts,21,San Diego Chargers,17,-2,36
08/15/2004,Denver Broncos,6,Buffalo Bills,16,-1,34.5
08/16/2004,Cincinnati Bengals,6,Tampa Bay Buccaneers,20,3,33.5
08/16/2004,Seattle Seahawks,21,Green Bay Packers,3,3,37.5
08/19/2004,New York Giants,20,Carolina Panthers,27,3.5,34.5
08/20/2004,Minnesota Vikings,24,Atlanta Falcons,27,2.5,38
08/20/2004,Tampa Bay Buccaneers,6,Jacksonville Jaguars,14,3,33
08/20/2004,Baltimore Ravens,17,Philadelphia Eagles,26,3,33
08/21/2004,Detroit Lions,10,Cleveland Browns,17,3,35.5
08/21/2004,Tennessee Titans,16,Buffalo Bills,15,0,34.5
08/21/2004,Houston Texans,3,Pittsburgh Steelers,38,3.5,34
08/21/2004,New England Patriots,3,Cincinnati Bengals,31,-3,34
08/21/2004,Washington Redskins,17,Miami Dolphins,0,2.5,33
08/21/2004,New York Jets,31,Indianapolis Colts,7,4,38
08/21/2004,New Orleans Saints,14,Green Bay Packers,19,3,37
08/21/2004,San Francisco 49ers,13,Chicago Bears,20,3,35.5
08/21/2004,Dallas Cowboys,21,Oakland Raiders,20,1.5,35
08/21/2004,San Diego Chargers,38,Arizona Cardinals,13,3,34.5
08/21/2004,Denver Broncos,19,Seattle Seahawks,3,3,37
08/23/2004,St Louis Rams,7,Kansas City Chiefs,24,4,39.5
08/26/2004,Pittsburgh Steelers,27,Philadelphia Eagles,21,4,37.5
08/27/2004,New York Giants,10,New York Jets,17,3,38.5
08/27/2004,Green Bay Packers,7,Jacksonville Jaguars,9,3,37
08/27/2004,San Francisco 49ers,10,Minnesota Vikings,23,6,40.5
08/27/2004,Washington Redskins,3,St Louis Rams,28,3,40
08/27/2004,New Orleans Saints,17,Chicago Bears,13,3,36.5
08/27/2004,Houston Texans,17,Denver Broncos,31,5.5,37
08/27/2004,Seattle Seahawks,26,San Diego Chargers,20,-1.5,37.5
08/28/2004,Miami Dolphins,10,Tampa Bay Buccaneers,17,3.5,33
08/28/2004,Cincinnati Bengals,10,Atlanta Falcons,37,3,40
08/28/2004,Detroit Lions,6,Baltimore Ravens,17,4.5,35.5
08/28/2004,New England Patriots,17,Carolina Panthers,20,3,37
08/28/2004,Buffalo Bills,17,Indianapolis Colts,30,4,38
08/28/2004,Cleveland Browns,21,Kansas City Chiefs,19,6,40.5
08/28/2004,Oakland Raiders,17,Arizona Cardinals,16,-2.5,38
08/30/2004,Tennessee Titans,17,Dallas Cowboys,20,4,37
09/02/2004,Baltimore Ravens,27,New York Giants,17,3,35
09/02/2004,Carolina Panthers,16,Pittsburgh Steelers,13,2.5,36
09/02/2004,Buffalo Bills,17,Detroit Lions,20,6,36
09/02/2004,Jacksonville Jaguars,31,New England Patriots,0,4.5,35
09/02/2004,Kansas City Chiefs,20,Dallas Cowboys,24,3,40
09/02/2004,Tampa Bay Buccaneers,17,Houston Texans,9,1.5,33.5
09/02/2004,Arizona Cardinals,33,Denver Broncos,21,5.5,38
09/02/2004,Minnesota Vikings,21,Seattle Seahawks,23,3,41
09/02/2004,St Louis Rams,24,Oakland Raiders,28,3,39.5
09/02/2004,San Diego Chargers,31,San Francisco 49ers,15,4.5,37.5
09/03/2004,Philadelphia Eagles,27,New York Jets,28,3,36.5
09/03/2004,Atlanta Falcons,0,Washington Redskins,27,4,38.5
09/03/2004,Indianapolis Colts,13,Cincinnati Bengals,16,5.5,40
09/03/2004,Chicago Bears,10,Cleveland Browns,24,3.5,35.5
09/03/2004,Green Bay Packers,7,Tennessee Titans,27,5.5,38
09/03/2004,Miami Dolphins,20,New Orleans Saints,19,6,35
