Date,Visitor,Visitor Score,Home Team,Home Score,Line,Total Line
08/08/2010,Cincinnati Bengals,7,Dallas Cowboys,16,-3,33.5
08/12/2010,New Orleans Saints,24,New England Patriots,27,2,35
08/12/2010,Carolina Panthers,12,Baltimore Ravens,17,5,34
08/12/2010,Oakland Raiders,17,Dallas Cowboys,9,3,34
08/13/2010,Jacksonville Jaguars,27,Philadelphia Eagles,28,3,33
08/13/2010,Buffalo Bills,17,Washington Redskins,42,5,34
08/13/2010,Kansas City Chiefs,10,Atlanta Falcons,20,2.5,34
08/14/2010,Tampa Bay Buccaneers,7,Miami Dolphins,10,4,33
08/14/2010,Detroit Lions,7,Pittsburgh Steelers,23,3,34
08/14/2010,Houston Texans,16,Arizona Cardinals,19,-2.5,33.5
08/14/2010,Minnesota Vikings,28,St Louis Rams,7,2.5,31.5
08/14/2010,Cleveland Browns,27,Green Bay Packers,24,3,34
08/14/2010,Chicago Bears,10,San Diego Chargers,25,2.5,33
08/14/2010,Tennessee Titans,18,Seattle Seahawks,20,4,35
08/15/2010,San Francisco 49ers,37,Indianapolis Colts,17,-4,33
08/15/2010,Denver Broncos,24,Cincinnati Bengals,33,3.5,33
08/16/2010,New York Giants,31,New York Jets,16,3,33.5
08/19/2010,Indianapolis Colts,21,Buffalo Bills,34,3.5,34
08/19/2010,New England Patriots,28,Atlanta Falcons,10,3,38
08/20/2010,Philadelphia Eagles,9,Cincinnati Bengals,22,2,40
08/21/2010,Baltimore Ravens,23,Washington Redskins,3,3,37.5
08/21/2010,Pittsburgh Steelers,24,New York Giants,17,-6.5,34
08/21/2010,Miami Dolphins,27,Jacksonville Jaguars,26,2,35.5
08/21/2010,Kansas City Chiefs,15,Tampa Bay Buccaneers,20,2,34
08/21/2010,St Louis Rams,19,Cleveland Browns,17,4.5,35.5
08/21/2010,Houston Texans,20,New Orleans Saints,38,1,41
08/21/2010,New York Jets,9,Carolina Panthers,3,1,33.5
08/21/2010,Oakland Raiders,32,Chicago Bears,17,2.5,34
08/21/2010,Dallas Cowboys,16,San Diego Chargers,14,2.5,35.5
08/21/2010,Detroit Lions,25,Denver Broncos,20,3,36
08/21/2010,Green Bay Packers,27,Seattle Seahawks,24,2.5,40.5
08/22/2010,Minnesota Vikings,10,San Francisco 49ers,15,2,35
08/23/2010,Arizona Cardinals,10,Tennessee Titans,24,3.5,37.5
08/26/2010,St Louis Rams,36,New England Patriots,35,8.5,38.5
08/26/2010,Indianapolis Colts,24,Green Bay Packers,59,4,44.5
08/27/2010,Atlanta Falcons,16,Miami Dolphins,6,3,39
08/27/2010,Washington Redskins,16,New York Jets,11,6.5,35.5
08/27/2010,Philadelphia Eagles,20,Kansas City Chiefs,17,-1.5,40
08/27/2010,San Diego Chargers,21,New Orleans Saints,36,3,45
08/28/2010,Cleveland Browns,27,Detroit Lions,35,3,41
08/28/2010,Cincinnati Bengals,20,Buffalo Bills,35,-3,36
08/28/2010,Jacksonville Jaguars,19,Tampa Bay Buccaneers,13,-3,37
08/28/2010,New York Giants,10,Baltimore Ravens,24,4,38.5
08/28/2010,Dallas Cowboys,7,Houston Texans,23,6,41.5
08/28/2010,Seattle Seahawks,13,Minnesota Vikings,24,5,39.5
08/28/2010,Tennessee Titans,7,Carolina Panthers,15,3,37
08/28/2010,Arizona Cardinals,14,Chicago Bears,9,4,38.5
08/28/2010,San Francisco 49ers,28,Oakland Raiders,24,1.5,37.5
08/29/2010,Pittsburgh Steelers,17,Denver Broncos,34,-1,38.5
09/02/2010,Buffalo Bills,23,Detroit Lions,28,4.5,38.5
09/02/2010,New England Patriots,17,New York Giants,20,3,38
09/02/2010,Cincinnati Bengals,30,Indianapolis Colts,28,-6.5,36.5
09/02/2010,New York Jets,21,Philadelphia Eagles,17,1.5,34
09/02/2010,Atlanta Falcons,9,Jacksonville Jaguars,13,3,37
09/02/2010,Carolina Panthers,3,Pittsburgh Steelers,19,6.5,37
09/02/2010,New Orleans Saints,24,Tennessee Titans,27,7.5,41
09/02/2010,Tampa Bay Buccaneers,24,Houston Texans,17,2.5,36.5
09/02/2010,Green Bay Packers,13,Kansas City Chiefs,17,4,40.5
09/02/2010,Chicago Bears,10,Cleveland Browns,13,-2,36.5
09/02/2010,Miami Dolphins,25,Dallas Cowboys,27,-3,37.5
09/02/2010,Baltimore Ravens,21,St Louis Rams,27,3,38
09/02/2010,Denver Broncos,24,Minnesota Vikings,31,4,35
09/02/2010,San Diego Chargers,14,San Francisco 49ers,17,3,36
09/02/2010,Washington Redskins,10,Arizona Cardinals,20,4.5,37
09/02/2010,Seattle Seahawks,24,Oakland Raiders,27,3.5,37.5
