Date,Visitor,Visitor Score,Home Team,Home Score,Line,Total Line
08/04/2013,Miami Dolphins,20,Dallas Cowboys,24,-3,33.5
08/08/2013,Baltimore Ravens,44,Tampa Bay Buccaneers,16,3,35.5
08/08/2013,Washington Redskins,22,Tennessee Titans,21,3,35.5
08/08/2013,St Louis Rams,19,Cleveland Browns,27,3.5,35.5
08/08/2013,Cincinnati Bengals,34,Atlanta Falcons,10,2,36.5
08/08/2013,Denver Broncos,10,San Francisco 49ers,6,3,35.5
08/08/2013,Seattle Seahawks,31,San Diego Chargers,10,-3,36
08/09/2013,Miami Dolphins,27,Jacksonville Jaguars,3,-1.5,36.5
08/09/2013,New York Jets,17,Detroit Lions,26,4.5,37
08/09/2013,New England Patriots,31,Philadelphia Eagles,22,3,40.5
08/09/2013,Arizona Cardinals,17,Green Bay Packers,0,2,36
08/09/2013,Chicago Bears,17,Carolina Panthers,24,3,35
08/09/2013,Kansas City Chiefs,13,New Orleans Saints,17,3,37
08/09/2013,Houston Texans,27,Minnesota Vikings,13,0,36
08/09/2013,Dallas Cowboys,17,Oakland Raiders,19,-2,36.5
08/10/2013,New York Giants,18,Pittsburgh Steelers,13,2.5,36.5
08/11/2013,Buffalo Bills,44,Indianapolis Colts,20,5,37.5
08/15/2013,Detroit Lions,6,Cleveland Browns,24,1.5,42.5
08/15/2013,Atlanta Falcons,23,Baltimore Ravens,27,4.5,42.5
08/15/2013,Carolina Panthers,9,Philadelphia Eagles,14,3,45
08/15/2013,San Diego Chargers,28,Chicago Bears,33,5,38
08/16/2013,Minnesota Vikings,16,Buffalo Bills,20,3.5,44.5
08/16/2013,Tampa Bay Buccaneers,21,New England Patriots,25,3,41.5
08/16/2013,Oakland Raiders,20,New Orleans Saints,28,6.5,42.5
08/16/2013,San Francisco 49ers,15,Kansas City Chiefs,13,3,41.5
08/17/2013,Dallas Cowboys,7,Arizona Cardinals,12,4,41
08/17/2013,Tennessee Titans,19,Cincinnati Bengals,27,2.5,41.5
08/17/2013,Jacksonville Jaguars,13,New York Jets,37,2.5,38.5
08/17/2013,Miami Dolphins,17,Houston Texans,24,3.5,41
08/17/2013,Green Bay Packers,19,St Louis Rams,7,4,41.5
08/17/2013,Denver Broncos,10,Seattle Seahawks,40,5.5,42.5
08/18/2013,Indianapolis Colts,20,New York Giants,12,2,41
08/19/2013,Pittsburgh Steelers,13,Washington Redskins,24,3,40
08/22/2013,New England Patriots,9,Detroit Lions,40,2.5,46.5
08/22/2013,Carolina Panthers,34,Baltimore Ravens,27,3.5,42.5
08/23/2013,Seattle Seahawks,17,Green Bay Packers,10,-3,43
08/23/2013,Chicago Bears,34,Oakland Raiders,26,-4.5,39.5
08/24/2013,Buffalo Bills,7,Washington Redskins,30,-1,43.5
08/24/2013,New York Jets,24,New York Giants,21,2,38.5
08/24/2013,Cleveland Browns,6,Indianapolis Colts,27,2.5,43.5
08/24/2013,Tampa Bay Buccaneers,17,Miami Dolphins,16,3,40
08/24/2013,Kansas City Chiefs,26,Pittsburgh Steelers,20,3.5,40
08/24/2013,Philadelphia Eagles,31,Jacksonville Jaguars,24,-5.5,45
08/24/2013,Atlanta Falcons,16,Tennessee Titans,27,3,43.5
08/24/2013,St Louis Rams,26,Denver Broncos,27,7,44
08/24/2013,Cincinnati Bengals,18,Dallas Cowboys,24,3,44
08/24/2013,San Diego Chargers,24,Arizona Cardinals,7,4,41.5
08/25/2013,New Orleans Saints,31,Houston Texans,23,2.5,46
08/25/2013,Minnesota Vikings,14,San Francisco 49ers,34,3,40
08/29/2013,Philadelphia Eagles,20,New York Jets,27,-5,40
08/29/2013,Indianapolis Colts,10,Cincinnati Bengals,27,3.5,38
08/29/2013,Detroit Lions,35,Buffalo Bills,13,-4,37.5
08/29/2013,Jacksonville Jaguars,20,Atlanta Falcons,16,-2,39.5
08/29/2013,Pittsburgh Steelers,10,Carolina Panthers,25,3.5,36
08/29/2013,Washington Redskins,30,Tampa Bay Buccaneers,12,-2.5,37.5
08/29/2013,New Orleans Saints,21,Miami Dolphins,24,5,36.5
08/29/2013,New York Giants,20,New England Patriots,28,1,38
08/29/2013,Tennessee Titans,23,Minnesota Vikings,24,-4,39
08/29/2013,Baltimore Ravens,21,St Louis Rams,24,6,39.5
08/29/2013,Cleveland Browns,18,Chicago Bears,16,-1.5,38.5
08/29/2013,Green Bay Packers,8,Kansas City Chiefs,30,4,36.5
08/29/2013,Houston Texans,24,Dallas Cowboys,6,-5,37.5
08/29/2013,Arizona Cardinals,32,Denver Broncos,24,0,37.5
08/29/2013,San Francisco 49ers,41,San Diego Chargers,6,-1,38.5
08/29/2013,Oakland Raiders,6,Seattle Seahawks,22,7.5,37
