<?xml version="1.0" encoding="UTF-8"?> 
<scores>
<league>NFL</league><year>2007</year><season>Pre-Season</season>
<date day="2007-08-05">
<game info="Hall of Fame Game @ Canton OH"> 
<team tnum="1"><name>New Orleans Saints</name><score>7</score><line>3</line><totline>33.5</totline></team>
<team tnum="2"><name>Pittsburgh Steelers</name><score>20</score><line>-3</line><totline>33.5</totline></team>
</game>
</date>
<date day="2007-08-09">
<game>
<team tnum="1"><name>Cincinnati Bengals</name><score>26</score><site>V</site><line>3</line><totline>34</totline></team>
<team tnum="2"><name>Detroit Lions</name><score>27</score><site>H</site><line>-3</line><totline>34</totline></team>
</game>
<game>
<team tnum="1"><name>Indianapolis Colts</name><score>10</score><site>V</site><line>5.5</line><totline>34</totline></team>
<team tnum="2"><name>Dallas Cowboys</name><score>23</score><site>H</site><line>-5.5</line><totline>34</totline></team>
</game>
</date>
<date day="2007-08-10">
<game>
<team tnum="1"><name>Atlanta Falcons</name><score>16</score><site>V</site><line>3.5</line><totline>33</totline></team>
<team tnum="2"><name>New York Jets</name><score>31</score><site>H</site><line>-3.5</line><totline>33</totline></team>
</game>
<game>
<team tnum="1"><name>New England Patriots</name><score>10</score><site>V</site><line>3</line><totline>34</totline></team>
<team tnum="2"><name>Tampa Bay Buccaneers</name><score>13</score><site>H</site><line>-3</line><totline>34</totline></team>
</game>
<game>
<team tnum="1"><name>Buffalo Bills</name><score>13</score><site>V</site><line>6</line><totline>36</totline></team>
<team tnum="2"><name>New Orleans Saints</name><score>10</score><site>H</site><line>-6</line><totline>36</totline></team>
</game>
<game>
<team tnum="1"><name>St Louis Rams</name><score>13</score><site>V</site><line>0</line><totline>35</totline></team>
<team tnum="2"><name>Minnesota Vikings</name><score>10</score><site>H</site><line>0</line><totline>35</totline></team>
</game>
</date>
<date day="2007-08-11">
<game>
<team tnum="1"><name>Green Bay Packers</name><score>13</score><site>V</site><line>6</line><totline>33.5</totline></team>
<team tnum="2"><name>Pittsburgh Steelers</name><score>9</score><site>H</site><line>-6</line><totline>33.5</totline></team>
</game>
<game>
<team tnum="1"><name>Jacksonville Jaguars</name><score>17</score><site>V</site><line>-2</line><totline>34.5</totline></team>
<team tnum="2"><name>Miami Dolphins</name><score>18</score><site>H</site><line>2</line><totline>34.5</totline></team>
</game>
<game>
<team tnum="1"><name>Kansas City Chiefs</name><score>12</score><site>V</site><line>3</line><totline>33</totline></team>
<team tnum="2"><name>Cleveland Browns</name><score>16</score><site>H</site><line>-3</line><totline>33</totline></team>
</game>
<game>
<team tnum="1"><name>Washington Redskins</name><score>14</score><site>V</site><line>3</line><totline>35</totline></team>
<team tnum="2"><name>Tennessee Titans</name><score>6</score><site>H</site><line>-3</line><totline>35</totline></team>
</game>
<game>
<team tnum="1"><name>Carolina Panthers</name><score>24</score><site>V</site><line>-1</line><totline>34</totline></team>
<team tnum="2"><name>New York Giants</name><score>21</score><site>H</site><line>1</line><totline>34</totline></team>
</game>
<game>
<team tnum="1"><name>Chicago Bears</name><score>20</score><site>V</site><line>3</line><totline>32.5</totline></team>
<team tnum="2"><name>Houston Texans</name><score>19</score><site>H</site><line>-3</line><totline>32.5</totline></team>
</game>
<game>
<team tnum="1"><name>Arizona Cardinals</name><score>23</score><site>V</site><line>1.5</line><totline>35</totline></team>
<team tnum="2"><name>Oakland Raiders</name><score>27</score><site>H</site><line>-1.5</line><totline>35</totline></team>
</game>
</date>
<date day="2007-08-12">
<game>
<team tnum="1"><name>Seattle Seahawks</name><score>24</score><site>V</site><line>3.5</line><totline>36</totline></team>
<team tnum="2"><name>San Diego Chargers</name><score>16</score><site>H</site><line>-3.5</line><totline>36</totline></team>
</game>
</date>
<date day="2007-08-13">
<game>
<team tnum="1"><name>Philadelphia Eagles</name><score>3</score><site>V</site><line>3.5</line><totline>30</totline></team>
<team tnum="2"><name>Baltimore Ravens</name><score>29</score><site>H</site><line>-3.5</line><totline>30</totline></team>
</game>
<game>
<team tnum="1"><name>Denver Broncos</name><score>17</score><site>V</site><line>3</line><totline>35</totline></team>
<team tnum="2"><name>San Francisco 49ers</name><score>13</score><site>H</site><line>-3</line><totline>35</totline></team>
</game>
</date>
<date day="2007-08-16">
<game>
<team tnum="1"><name>Miami Dolphins</name><score>11</score><site>V</site><line>3.5</line><totline>33.5</totline></team>
<team tnum="2"><name>Kansas City Chiefs</name><score>10</score><site>H</site><line>-3.5</line><totline>33.5</totline></team>
</game>
</date>
<date day="2007-08-17">
<game>
<team tnum="1"><name>Carolina Panthers</name><score>10</score><site>V</site><line>3</line><totline>35</totline></team>
<team tnum="2"><name>Philadelphia Eagles</name><score>27</score><site>H</site><line>-3</line><totline>35</totline></team>
</game>
<game>
<team tnum="1"><name>Atlanta Falcons</name><score>13</score><site>V</site><line>3</line><totline>35</totline></team>
<team tnum="2"><name>Buffalo Bills</name><score>10</score><site>H</site><line>-3</line><totline>35</totline></team>
</game>
<game>
<team tnum="1"><name>Tennessee Titans</name><score>27</score><site>V</site><line>5</line><totline>35</totline></team>
<team tnum="2"><name>New England Patriots</name><score>24</score><site>H</site><line>-5</line><totline>35</totline></team>
</game>
<game>
<team tnum="1"><name>Minnesota Vikings</name><score>37</score><site>V</site><line>4</line><totline>34.5</totline></team>
<team tnum="2"><name>New York Jets</name><score>20</score><site>H</site><line>-4</line><totline>34.5</totline></team>
</game>
</date>
<date day="2007-08-18">
<game>
<team tnum="1"><name>Houston Texans</name><score>33</score><site>V</site><line>3</line><totline>35.5</totline></team>
<team tnum="2"><name>Arizona Cardinals</name><score>20</score><site>H</site><line>-3</line><totline>35.5</totline></team>
</game>
<game>
<team tnum="1"><name>Detroit Lions</name><score>23</score><site>V</site><line>2.5</line><totline>35.5</totline></team>
<team tnum="2"><name>Cleveland Browns</name><score>20</score><site>H</site><line>-2.5</line><totline>35.5</totline></team>
</game>
<game>
<team tnum="1"><name>New Orleans Saints</name><score>27</score><site>V</site><line>3</line><totline>38.5</totline></team>
<team tnum="2"><name>Cincinnati Bengals</name><score>19</score><site>H</site><line>-3</line><totline>38.5</totline></team>
</game>
<game>
<team tnum="1"><name>Tampa Bay Buccaneers</name><score>19</score><site>V</site><line>5</line><totline>37.5</totline></team>
<team tnum="2"><name>Jacksonville Jaguars</name><score>31</score><site>H</site><line>-5</line><totline>37.5</totline></team>
</game>
<game>
<team tnum="1"><name>Pittsburgh Steelers</name><score>12</score><site>V</site><line>-2.5</line><totline>33.5</totline></team>
<team tnum="2"><name>Washington Redskins</name><score>10</score><site>H</site><line>2.5</line><totline>33.5</totline></team>
</game>
<game>
<team tnum="1"><name>San Diego Chargers</name><score>30</score><site>V</site><line>-2.5</line><totline>38.5</totline></team>
<team tnum="2"><name>St Louis Rams</name><score>13</score><site>H</site><line>2.5</line><totline>38.5</totline></team>
</game>
<game>
<team tnum="1"><name>Denver Broncos</name><score>20</score><site>V</site><line>4.5</line><totline>34.5</totline></team>
<team tnum="2"><name>Dallas Cowboys</name><score>31</score><site>H</site><line>-4.5</line><totline>34.5</totline></team>
</game>
<game>
<team tnum="1"><name>Seattle Seahawks</name><score>13</score><site>V</site><line>3</line><totline>34.5</totline></team>
<team tnum="2"><name>Green Bay Packers</name><score>48</score><site>H</site><line>-3</line><totline>34.5</totline></team>
</game>
<game>
<team tnum="1"><name>Oakland Raiders</name><score>21</score><site>V</site><line>3.5</line><totline>36.5</totline></team>
<team tnum="2"><name>San Francisco 49ers</name><score>26</score><site>H</site><line>-3.5</line><totline>36.5</totline></team>
</game>
</date>
<date day="2007-08-19">
<game>
<team tnum="1"><name>New York Giants</name><score>13</score><site>V</site><line>3.5</line><totline>33</totline></team>
<team tnum="2"><name>Baltimore Ravens</name><score>12</score><site>H</site><line>-3.5</line><totline>33</totline></team>
</game>
</date>
<date day="2007-08-20">
<game>
<team tnum="1"><name>Chicago Bears</name><score>27</score><site>V</site><line>2.5</line><totline>35.5</totline></team>
<team tnum="2"><name>Indianapolis Colts</name><score>24</score><site>H</site><line>-2.5</line><totline>35.5</totline></team>
</game>
</date>
<date day="2007-08-23">
<game>
<team tnum="1"><name>Jacksonville Jaguars</name><score>21</score><site>V</site><line>-3</line><totline>37</totline></team>
<team tnum="2"><name>Green Bay Packers</name><score>13</score><site>H</site><line>3</line><totline>37</totline></team>
</game>
<game>
<team tnum="1"><name>New Orleans Saints</name><score>30</score><site>V</site><line>2</line><totline>37</totline></team>
<team tnum="2"><name>Kansas City Chiefs</name><score>7</score><site>H</site><line>-2</line><totline>37</totline></team>
</game>
</date>
<date day="2007-08-24">
<game>
<team tnum="1"><name>Tennessee Titans</name><score>28</score><site>V</site><line>2</line><totline>37</totline></team>
<team tnum="2"><name>Buffalo Bills</name><score>17</score><site>H</site><line>-2</line><totline>37</totline></team>
</game>
<game>
<team tnum="1"><name>New England Patriots</name><score>24</score><site>V</site><line>1.5</line><totline>37.5</totline></team>
<team tnum="2"><name>Carolina Panthers</name><score>7</score><site>H</site><line>-1.5</line><totline>37.5</totline></team>
</game>
<game>
<team tnum="1"><name>St Louis Rams</name><score>10</score><site>V</site><line>1</line><totline>37.5</totline></team>
<team tnum="2"><name>Oakland Raiders</name><score>20</score><site>H</site><line>-1</line><totline>37.5</totline></team>
</game>
</date>
<date day="2007-08-25">
<game>
<team tnum="1"><name>Detroit Lions</name><score>10</score><site>V</site><line>7</line><totline>40.5</totline></team>
<team tnum="2"><name>Indianapolis Colts</name><score>37</score><site>H</site><line>-7</line><totline>40.5</totline></team>
</game>
<game>
<team tnum="1"><name>Tampa Bay Buccaneers</name><score>31</score><site>V</site><line>-2</line><totline>33</totline></team>
<team tnum="2"><name>Miami Dolphins</name><score>28</score><site>H</site><line>2</line><totline>33</totline></team>
</game>
<game>
<team tnum="1"><name>Dallas Cowboys</name><score>16</score><site>V</site><line>-3</line><totline>39.5</totline></team>
<team tnum="2"><name>Houston Texans</name><score>28</score><site>H</site><line>3</line><totline>39.5</totline></team>
</game>
<game>
<team tnum="1"><name>Baltimore Ravens</name><score>7</score><site>V</site><line>-3</line><totline>31.5</totline></team>
<team tnum="2"><name>Washington Redskins</name><score>13</score><site>H</site><line>3</line><totline>31.5</totline></team>
</game>
<game>
<team tnum="1"><name>New York Jets</name><score>20</score><site>V</site><line>-2.5</line><totline>36.5</totline></team>
<team tnum="2"><name>New York Giants</name><score>12</score><site>H</site><line>2.5</line><totline>36.5</totline></team>
</game>
<game>
<team tnum="1"><name>San Francisco 49ers</name><score>28</score><site>V</site><line>4</line><totline>36.5</totline></team>
<team tnum="2"><name>Chicago Bears</name><score>31</score><site>H</site><line>-4</line><totline>36.5</totline></team>
</game>
<game>
<team tnum="1"><name>Cleveland Browns</name><score>17</score><site>V</site><line>6.5</line><totline>36</totline></team>
<team tnum="2"><name>Denver Broncos</name><score>16</score><site>H</site><line>-6.5</line><totline>36</totline></team>
</game>
<game>
<team tnum="1"><name>Minnesota Vikings</name><score>13</score><site>V</site><line>7</line><totline>37</totline></team>
<team tnum="2"><name>Seattle Seahawks</name><score>30</score><site>H</site><line>-7</line><totline>37</totline></team>
</game>
<game>
<team tnum="1"><name>San Diego Chargers</name><score>33</score><site>V</site><line>-3</line><totline>40.5</totline></team>
<team tnum="2"><name>Arizona Cardinals</name><score>31</score><site>H</site><line>3</line><totline>40.5</totline></team>
</game>
</date>
<date day="2007-08-26">
<game>
<team tnum="1"><name>Philadelphia Eagles</name><score>13</score><site>V</site><line>3</line><totline>35</totline></team>
<team tnum="2"><name>Pittsburgh Steelers</name><score>27</score><site>H</site><line>-3</line><totline>35</totline></team>
</game>
</date>
<date day="2007-08-27">
<game>
<team tnum="1"><name>Cincinnati Bengals</name><score>19</score><site>V</site><line>-3</line><totline>40.5</totline></team>
<team tnum="2"><name>Atlanta Falcons</name><score>24</score><site>H</site><line>3</line><totline>40.5</totline></team>
</game>
</date>
<date day="2007-08-30">
<game>
<team tnum="1"><name>Buffalo Bills</name><score>16</score><site>V</site><line>3</line><totline>37</totline></team>
<team tnum="2"><name>Detroit Lions</name><score>13</score><site>H</site><line>-3</line><totline>37</totline></team>
</game>
<game>
<team tnum="1"><name>New York Giants</name><score>20</score><site>V</site><line>3.5</line><totline>36</totline></team>
<team tnum="2"><name>New England Patriots</name><score>27</score><site>H</site><line>-3.5</line><totline>36</totline></team>
</game>
<game>
<team tnum="1"><name>New York Jets</name><score>13</score><site>V</site><line>2.5</line><totline>36.5</totline></team>
<team tnum="2"><name>Philadelphia Eagles</name><score>11</score><site>H</site><line>-2.5</line><totline>36.5</totline></team>
</game>
<game>
<team tnum="1"><name>Washington Redskins</name><score>14</score><site>V</site><line>3.5</line><totline>35</totline></team>
<team tnum="2"><name>Jacksonville Jaguars</name><score>31</score><site>H</site><line>-3.5</line><totline>35</totline></team>
</game>
<game>
<team tnum="1"><name>Cleveland Browns</name><score>19</score><site>V</site><line>3.5</line><totline>37</totline></team>
<team tnum="2"><name>Chicago Bears</name><score>9</score><site>H</site><line>-3.5</line><totline>37</totline></team>
</game>
<game>
<team tnum="1"><name>Dallas Cowboys</name><score>14</score><site>V</site><line>2</line><totline>36</totline></team>
<team tnum="2"><name>Minnesota Vikings</name><score>23</score><site>H</site><line>-2</line><totline>36</totline></team>
</game>
<game>
<team tnum="1"><name>Green Bay Packers</name><score>14</score><site>V</site><line>7</line><totline>37</totline></team>
<team tnum="2"><name>Tennessee Titans</name><score>30</score><site>H</site><line>-7</line><totline>37</totline></team>
</game>
<game>
<team tnum="1"><name>Houston Texans</name><score>24</score><site>V</site><line>3</line><totline>37</totline></team>
<team tnum="2"><name>Tampa Bay Buccaneers</name><score>31</score><site>H</site><line>-3</line><totline>37</totline></team>
</game>
<game>
<team tnum="1"><name>Kansas City Chiefs</name><score>3</score><site>V</site><line>3</line><totline>36.5</totline></team>
<team tnum="2"><name>St Louis Rams</name><score>10</score><site>H</site><line>-3</line><totline>36.5</totline></team>
</game>
<game>
<team tnum="1"><name>Pittsburgh Steelers</name><score>19</score><site>V</site><line>3.5</line><totline>34</totline></team>
<team tnum="2"><name>Carolina Panthers</name><score>3</score><site>H</site><line>-3.5</line><totline>34</totline></team>
</game>
<game>
<team tnum="1"><name>Miami Dolphins</name><score>0</score><site>V</site><line>-1</line><totline>38</totline></team>
<team tnum="2"><name>New Orleans Saints</name><score>7</score><site>H</site><line>1</line><totline>38</totline></team>
</game>
<game>
<team tnum="1"><name>Arizona Cardinals</name><score>3</score><site>V</site><line>3.5</line><totline>40</totline></team>
<team tnum="2"><name>Denver Broncos</name><score>21</score><site>H</site><line>-3.5</line><totline>40</totline></team>
</game>
<game>
<team tnum="1"><name>San Francisco 49ers</name><score>13</score><site>V</site><line>3</line><totline>38</totline></team>
<team tnum="2"><name>San Diego Chargers</name><score>16</score><site>H</site><line>-3</line><totline>38</totline></team>
</game>
<game>
<team tnum="1"><name>Oakland Raiders</name><score>14</score><site>V</site><line>3</line><totline>37.5</totline></team>
<team tnum="2"><name>Seattle Seahawks</name><score>19</score><site>H</site><line>-3</line><totline>37.5</totline></team>
</game>
</date>
<date day="2007-08-31">
<game>
<team tnum="1"><name>Baltimore Ravens</name><score>10</score><site>V</site><line>-3.5</line><totline>34</totline></team>
<team tnum="2"><name>Atlanta Falcons</name><score>13</score><site>H</site><line>3.5</line><totline>34</totline></team>
</game>
<game>
<team tnum="1"><name>Indianapolis Colts</name><score>6</score><site>V</site><line>6</line><totline>39</totline></team>
<team tnum="2"><name>Cincinnati Bengals</name><score>14</score><site>H</site><line>-6</line><totline>39</totline></team>
</game>
</date>
</scores>
