Date,Visitor,Visitor Score,Home Team,Home Score,Line,Total Line
08/05/2007,New Orleans Saints,7,Pittsburgh Steelers,20,3,33.5
08/09/2007,Cincinnati Bengals,26,Detroit Lions,27,3,34
08/09/2007,Indianapolis Colts,10,Dallas Cowboys,23,5.5,34
08/10/2007,Atlanta Falcons,16,New York Jets,31,3.5,33
08/10/2007,New England Patriots,10,Tampa Bay Buccaneers,13,3,34
08/10/2007,Buffalo Bills,13,New Orleans Saints,10,6,36
08/10/2007,St Louis Rams,13,Minnesota Vikings,10,0,35
08/11/2007,Green Bay Packers,13,Pittsburgh Steelers,9,6,33.5
08/11/2007,Jacksonville Jaguars,17,Miami Dolphins,18,-2,34.5
08/11/2007,Kansas City Chiefs,12,Cleveland Browns,16,3,33
08/11/2007,Washington Redskins,14,Tennessee Titans,6,3,35
08/11/2007,Carolina Panthers,24,New York Giants,21,-1,34
08/11/2007,Chicago Bears,20,Houston Texans,19,3,32.5
08/11/2007,Arizona Cardinals,23,Oakland Raiders,27,1.5,35
08/12/2007,Seattle Seahawks,24,San Diego Chargers,16,3.5,36
08/13/2007,Philadelphia Eagles,3,Baltimore Ravens,29,3.5,30
08/13/2007,Denver Broncos,17,San Francisco 49ers,13,3,35
08/16/2007,Miami Dolphins,11,Kansas City Chiefs,10,3.5,33.5
08/17/2007,Carolina Panthers,10,Philadelphia Eagles,27,3,35
08/17/2007,Atlanta Falcons,13,Buffalo Bills,10,3,35
08/17/2007,Tennessee Titans,27,New England Patriots,24,5,35
08/17/2007,Minnesota Vikings,37,New York Jets,20,4,34.5
08/18/2007,Houston Texans,33,Arizona Cardinals,20,3,35.5
08/18/2007,Detroit Lions,23,Cleveland Browns,20,2.5,35.5
08/18/2007,New Orleans Saints,27,Cincinnati Bengals,19,3,38.5
08/18/2007,Tampa Bay Buccaneers,19,Jacksonville Jaguars,31,5,37.5
08/18/2007,Pittsburgh Steelers,12,Washington Redskins,10,-2.5,33.5
08/18/2007,San Diego Chargers,30,St Louis Rams,13,-2.5,38.5
08/18/2007,Denver Broncos,20,Dallas Cowboys,31,4.5,34.5
08/18/2007,Seattle Seahawks,13,Green Bay Packers,48,3,34.5
08/18/2007,Oakland Raiders,21,San Francisco 49ers,26,3.5,36.5
08/19/2007,New York Giants,13,Baltimore Ravens,12,3.5,33
08/20/2007,Chicago Bears,27,Indianapolis Colts,24,2.5,35.5
08/23/2007,Jacksonville Jaguars,21,Green Bay Packers,13,-3,37
08/23/2007,New Orleans Saints,30,Kansas City Chiefs,7,2,37
08/24/2007,Tennessee Titans,28,Buffalo Bills,17,2,37
08/24/2007,New England Patriots,24,Carolina Panthers,7,1.5,37.5
08/24/2007,St Louis Rams,10,Oakland Raiders,20,1,37.5
08/25/2007,Detroit Lions,10,Indianapolis Colts,37,7,40.5
08/25/2007,Tampa Bay Buccaneers,31,Miami Dolphins,28,-2,33
08/25/2007,Dallas Cowboys,16,Houston Texans,28,-3,39.5
08/25/2007,Baltimore Ravens,7,Washington Redskins,13,-3,31.5
08/25/2007,New York Jets,20,New York Giants,12,-2.5,36.5
08/25/2007,San Francisco 49ers,28,Chicago Bears,31,4,36.5
08/25/2007,Cleveland Browns,17,Denver Broncos,16,6.5,36
08/25/2007,Minnesota Vikings,13,Seattle Seahawks,30,7,37
08/25/2007,San Diego Chargers,33,Arizona Cardinals,31,-3,40.5
08/26/2007,Philadelphia Eagles,13,Pittsburgh Steelers,27,3,35
08/27/2007,Cincinnati Bengals,19,Atlanta Falcons,24,-3,40.5
08/30/2007,Buffalo Bills,16,Detroit Lions,13,3,37
08/30/2007,New York Giants,20,New England Patriots,27,3.5,36
08/30/2007,New York Jets,13,Philadelphia Eagles,11,2.5,36.5
08/30/2007,Washington Redskins,14,Jacksonville Jaguars,31,3.5,35
08/30/2007,Cleveland Browns,19,Chicago Bears,9,3.5,37
08/30/2007,Dallas Cowboys,14,Minnesota Vikings,23,2,36
08/30/2007,Green Bay Packers,14,Tennessee Titans,30,7,37
08/30/2007,Houston Texans,24,Tampa Bay Buccaneers,31,3,37
08/30/2007,Kansas City Chiefs,3,St Louis Rams,10,3,36.5
08/30/2007,Pittsburgh Steelers,19,Carolina Panthers,3,3.5,34
08/30/2007,Miami Dolphins,0,New Orleans Saints,7,-1,38
08/30/2007,Arizona Cardinals,3,Denver Broncos,21,3.5,40
08/30/2007,San Francisco 49ers,13,San Diego Chargers,16,3,38
08/30/2007,Oakland Raiders,14,Seattle Seahawks,19,3,37.5
08/31/2007,Baltimore Ravens,10,Atlanta Falcons,13,-3.5,34
08/31/2007,Indianapolis Colts,6,Cincinnati Bengals,14,6,39
