Date,Visitor,Visitor Score,Home Team,Home Score,Line,Total Line
08/11/2011,Baltimore Ravens,6,Philadelphia Eagles,13,3,34
08/11/2011,Jacksonville Jaguars,12,New England Patriots,47,3,33.5
08/11/2011,Seattle Seahawks,24,San Diego Chargers,17,3,35
08/11/2011,Denver Broncos,23,Dallas Cowboys,24,3,34
08/11/2011,Arizona Cardinals,24,Oakland Raiders,18,3.5,33.5
08/12/2011,Cincinnati Bengals,3,Detroit Lions,34,3.5,35
08/12/2011,Miami Dolphins,28,Atlanta Falcons,23,2,33
08/12/2011,Pittsburgh Steelers,7,Washington Redskins,16,2,33
08/12/2011,Tampa Bay Buccaneers,25,Kansas City Chiefs,0,-3,32.5
08/12/2011,San Francisco 49ers,3,New Orleans Saints,24,3,35.5
08/13/2011,Green Bay Packers,17,Cleveland Browns,27,2.5,35
08/13/2011,New York Giants,10,Carolina Panthers,20,2.5,33
08/13/2011,Buffalo Bills,3,Chicago Bears,10,3,36
08/13/2011,Indianapolis Colts,10,St Louis Rams,33,7,34
08/13/2011,Minnesota Vikings,3,Tennessee Titans,14,3,33
08/15/2011,New York Jets,16,Houston Texans,20,3,34.5
08/18/2011,New England Patriots,31,Tampa Bay Buccaneers,14,1.5,38
08/18/2011,Philadelphia Eagles,14,Pittsburgh Steelers,24,3,35.5
08/19/2011,Washington Redskins,16,Indianapolis Colts,3,-5.5,36
08/19/2011,Detroit Lions,30,Cleveland Browns,28,2.5,38
08/19/2011,Carolina Panthers,10,Miami Dolphins,20,6,34
08/19/2011,Kansas City Chiefs,13,Baltimore Ravens,31,7,32.5
08/19/2011,Arizona Cardinals,20,Green Bay Packers,28,5,39
08/19/2011,Atlanta Falcons,13,Jacksonville Jaguars,15,3,37
08/20/2011,Tennessee Titans,16,St Louis Rams,17,3,37
08/20/2011,New Orleans Saints,14,Houston Texans,27,-2.5,40
08/20/2011,Oakland Raiders,3,San Francisco 49ers,17,3,34.5
08/20/2011,Buffalo Bills,10,Denver Broncos,24,6,37.5
08/20/2011,Minnesota Vikings,20,Seattle Seahawks,7,3,36
08/21/2011,Cincinnati Bengals,7,New York Jets,27,6.5,34.5
08/21/2011,San Diego Chargers,20,Dallas Cowboys,7,1.5,38.5
08/22/2011,Chicago Bears,13,New York Giants,41,4.5,35
08/25/2011,Carolina Panthers,13,Cincinnati Bengals,24,2.5,33.5
08/25/2011,Cleveland Browns,14,Philadelphia Eagles,24,7,39.5
08/25/2011,Washington Redskins,31,Baltimore Ravens,34,4,34.5
08/26/2011,Green Bay Packers,24,Indianapolis Colts,21,-9,40.5
08/26/2011,St Louis Rams,14,Kansas City Chiefs,10,-1,35
08/27/2011,Jacksonville Jaguars,32,Buffalo Bills,35,2.5,36.5
08/27/2011,Atlanta Falcons,16,Pittsburgh Steelers,34,3,35.5
08/27/2011,Miami Dolphins,13,Tampa Bay Buccaneers,17,3,36
08/27/2011,New England Patriots,10,Detroit Lions,34,-3.5,44.5
08/27/2011,Chicago Bears,13,Tennessee Titans,14,3,36
08/27/2011,Dallas Cowboys,23,Minnesota Vikings,17,-1.5,35.5
08/27/2011,Houston Texans,30,San Francisco 49ers,7,-5,37.5
08/27/2011,Seattle Seahawks,20,Denver Broncos,23,6,37
08/27/2011,San Diego Chargers,34,Arizona Cardinals,31,-3,41
08/28/2011,New Orleans Saints,40,Oakland Raiders,20,-5,38.5
08/29/2011,New York Jets,17,New York Giants,3,-3,37
09/01/2011,Detroit Lions,16,Buffalo Bills,6,-2.5,39.5
09/01/2011,Indianapolis Colts,17,Cincinnati Bengals,13,3.5,34.5
09/01/2011,Kansas City Chiefs,19,Green Bay Packers,20,1.5,37
09/01/2011,Philadelphia Eagles,24,New York Jets,14,-3.5,36
09/01/2011,Tampa Bay Buccaneers,24,Washington Redskins,29,7.5,35.5
09/01/2011,Baltimore Ravens,21,Atlanta Falcons,7,3,37
09/01/2011,St Louis Rams,24,Jacksonville Jaguars,17,3,37.5
09/01/2011,Dallas Cowboys,3,Miami Dolphins,17,3.5,36
09/01/2011,New York Giants,18,New England Patriots,17,9,39.5
09/01/2011,Pittsburgh Steelers,33,Carolina Panthers,17,2.5,34
09/01/2011,Houston Texans,0,Minnesota Vikings,28,3.5,37.5
09/01/2011,Cleveland Browns,14,Chicago Bears,24,-1,36
09/01/2011,Tennessee Titans,32,New Orleans Saints,9,1.5,36
09/01/2011,Denver Broncos,7,Arizona Cardinals,26,3,40.5
09/01/2011,San Francisco 49ers,20,San Diego Chargers,17,3,38
09/02/2011,Oakland Raiders,3,Seattle Seahawks,20,3.5,37.5
