Date,Visitor,Visitor Score,Home Team,Home Score,Line,Total Line
08/09/2009,Buffalo Bills,18,Tennessee Titans,21,3,32
08/13/2009,Washington Redskins,0,Baltimore Ravens,23,3,31.5
08/13/2009,New England Patriots,27,Philadelphia Eagles,25,3,33
08/13/2009,Arizona Cardinals,10,Pittsburgh Steelers,20,3,33
08/13/2009,Dallas Cowboys,10,Oakland Raiders,31,3,34
08/14/2009,St Louis Rams,23,New York Jets,20,3,32
08/14/2009,Minnesota Vikings,13,Indianapolis Colts,3,-3,35.5
08/14/2009,Cincinnati Bengals,7,New Orleans Saints,17,3,37.5
08/14/2009,Denver Broncos,16,San Francisco 49ers,17,1.5,34.5
08/15/2009,Atlanta Falcons,26,Detroit Lions,27,3,34.5
08/15/2009,Chicago Bears,20,Buffalo Bills,27,3,35.5
08/15/2009,Tampa Bay Buccaneers,20,Tennessee Titans,27,4.5,34.5
08/15/2009,Houston Texans,16,Kansas City Chiefs,10,2,38
08/15/2009,Cleveland Browns,0,Green Bay Packers,17,3,37.5
08/15/2009,Seattle Seahawks,20,San Diego Chargers,14,3.5,37
08/17/2009,Jacksonville Jaguars,9,Miami Dolphins,12,3,33.5
08/17/2009,Carolina Panthers,17,New York Giants,24,3,34
08/20/2009,Cincinnati Bengals,7,New England Patriots,6,6.5,36
08/20/2009,Philadelphia Eagles,15,Indianapolis Colts,23,-3.5,36.5
08/21/2009,Tennessee Titans,10,Dallas Cowboys,30,4,39
08/21/2009,Kansas City Chiefs,13,Minnesota Vikings,17,3,37
08/21/2009,Atlanta Falcons,20,St Louis Rams,13,-2.5,36
08/22/2009,Tampa Bay Buccaneers,24,Jacksonville Jaguars,23,3,34
08/22/2009,Pittsburgh Steelers,13,Washington Redskins,17,3.5,32
08/22/2009,Carolina Panthers,17,Miami Dolphins,27,3,33.5
08/22/2009,Detroit Lions,10,Cleveland Browns,27,3.5,38.5
08/22/2009,Buffalo Bills,21,Green Bay Packers,31,3,37.5
08/22/2009,New Orleans Saints,38,Houston Texans,14,3,38.5
08/22/2009,New York Giants,3,Chicago Bears,17,3,35
08/22/2009,Oakland Raiders,20,San Francisco 49ers,21,3,34.5
08/22/2009,San Diego Chargers,17,Arizona Cardinals,6,3,40
08/22/2009,Denver Broncos,13,Seattle Seahawks,27,3,37
08/24/2009,New York Jets,23,Baltimore Ravens,24,3,33.5
08/27/2009,Jacksonville Jaguars,32,Philadelphia Eagles,33,7,38.5
08/27/2009,St Louis Rams,24,Cincinnati Bengals,21,2.5,34
08/27/2009,Miami Dolphins,10,Tampa Bay Buccaneers,6,-1,37
08/28/2009,New England Patriots,27,Washington Redskins,24,-4,38
08/28/2009,Green Bay Packers,44,Arizona Cardinals,37,3.5,41.5
08/29/2009,Indianapolis Colts,17,Detroit Lions,18,-3,41.5
08/29/2009,New Orleans Saints,45,Oakland Raiders,7,-2.5,42.5
08/29/2009,Tennessee Titans,17,Cleveland Browns,23,-1,38
08/29/2009,Buffalo Bills,0,Pittsburgh Steelers,17,6,36
08/29/2009,Baltimore Ravens,17,Carolina Panthers,13,3,36
08/29/2009,New York Jets,27,New York Giants,25,3,36.5
08/29/2009,Seattle Seahawks,14,Kansas City Chiefs,10,3,39.5
08/29/2009,San Francisco 49ers,20,Dallas Cowboys,13,7,38
08/29/2009,San Diego Chargers,24,Atlanta Falcons,27,3,42.5
08/30/2009,Chicago Bears,27,Denver Broncos,17,1.5,39.5
08/31/2009,Minnesota Vikings,17,Houston Texans,10,3,40.5
09/03/2009,Detroit Lions,17,Buffalo Bills,6,3,33.5
09/03/2009,Philadelphia Eagles,27,New York Jets,38,3,37
09/03/2009,New York Giants,27,New England Patriots,38,-3,36
09/03/2009,Washington Redskins,17,Jacksonville Jaguars,24,6,35
09/03/2009,Baltimore Ravens,20,Atlanta Falcons,3,3,35.5
09/03/2009,Indianapolis Colts,7,Cincinnati Bengals,38,3.5,36.5
09/03/2009,Pittsburgh Steelers,21,Carolina Panthers,10,3,33.5
09/03/2009,Cleveland Browns,23,Chicago Bears,26,2.5,36
09/03/2009,Miami Dolphins,10,New Orleans Saints,7,2.5,36.5
09/03/2009,Green Bay Packers,13,Tennessee Titans,27,3.5,36
09/03/2009,Kansas City Chiefs,9,St Louis Rams,17,1,36
09/03/2009,Arizona Cardinals,0,Denver Broncos,19,-3,36
09/03/2009,Oakland Raiders,21,Seattle Seahawks,31,3,36.5
09/04/2009,Houston Texans,27,Tampa Bay Buccaneers,20,3,33.5
09/04/2009,Dallas Cowboys,35,Minnesota Vikings,31,3,36
09/04/2009,San Francisco 49ers,7,San Diego Chargers,26,3.5,37.5
