Date,Visitor,Visitor Score,Home Team,Home Score,Line,Total Line
08/02/2003,New York Jets,16,Tampa Bay Buccaneers,30,3,32
08/04/2003,Kansas City Chiefs,9,Green Bay Packers,0,-2.5,36
08/07/2003,New York Giants,6,New England Patriots,26,3,33.5
08/08/2003,Tampa Bay Buccaneers,20,Miami Dolphins,19,3,32
08/08/2003,St Louis Rams,6,Oakland Raiders,7,2.5,37.5
08/09/2003,Pittsburgh Steelers,13,Detroit Lions,26,0,35
08/09/2003,Indianapolis Colts,18,Chicago Bears,20,2.5,35
08/09/2003,Jacksonville Jaguars,16,Minnesota Vikings,14,3,37
08/09/2003,Cleveland Browns,6,Tennessee Titans,10,1,37
08/09/2003,Green Bay Packers,27,Atlanta Falcons,21,3.5,37.5
08/09/2003,Buffalo Bills,20,Baltimore Ravens,19,3.5,34.5
08/09/2003,Washington Redskins,0,Carolina Panthers,20,-2,39
08/09/2003,Denver Broncos,20,Houston Texans,12,-3,33.5
08/09/2003,San Francisco 49ers,24,Kansas City Chiefs,6,4.5,36.5
08/09/2003,San Diego Chargers,7,Seattle Seahawks,20,3,36.5
08/09/2003,Dallas Cowboys,0,Arizona Cardinals,13,-3.5,31
08/10/2003,Cincinnati Bengals,13,New York Jets,28,4,36
08/11/2003,Philadelphia Eagles,27,New Orleans Saints,17,1.5,35.5
08/14/2003,Oakland Raiders,10,San Francisco 49ers,14,2,37
08/15/2003,Miami Dolphins,23,Jacksonville Jaguars,27,-3,35
08/15/2003,Carolina Panthers,20,New York Giants,10,3.5,35
08/15/2003,Seattle Seahawks,7,Indianapolis Colts,21,2.5,39
08/15/2003,Green Bay Packers,38,Cleveland Browns,31,3.5,39
08/15/2003,Houston Texans,6,Dallas Cowboys,34,4.5,32.5
08/16/2003,Philadelphia Eagles,21,Pittsburgh Steelers,16,3,37
08/16/2003,Detroit Lions,10,Cincinnati Bengals,23,3,36.5
08/16/2003,Baltimore Ravens,13,Atlanta Falcons,10,4.5,37.5
08/16/2003,Denver Broncos,15,Chicago Bears,10,-2.5,36.5
08/16/2003,New Orleans Saints,22,New York Jets,17,3.5,37.5
08/16/2003,Buffalo Bills,24,Tennessee Titans,37,3,37.5
08/16/2003,New England Patriots,20,Washington Redskins,13,2,37.5
08/16/2003,Minnesota Vikings,16,Kansas City Chiefs,26,3,38.5
08/16/2003,Arizona Cardinals,16,San Diego Chargers,10,4.5,33.5
08/18/2003,Tampa Bay Buccaneers,16,St Louis Rams,26,3,37.5
08/21/2003,Dallas Cowboys,14,Pittsburgh Steelers,15,5.5,35
08/22/2003,New England Patriots,24,Philadelphia Eagles,12,3,36.5
08/22/2003,Atlanta Falcons,21,Miami Dolphins,30,5.5,35
08/22/2003,Minnesota Vikings,21,Oakland Raiders,6,3.5,39.5
08/22/2003,Chicago Bears,17,Arizona Cardinals,27,1,32.5
08/23/2003,St Louis Rams,24,Buffalo Bills,28,3.5,40.5
08/23/2003,Tennessee Titans,23,Cincinnati Bengals,15,-1,38.5
08/23/2003,Cleveland Browns,17,Detroit Lions,38,-2,39
08/23/2003,New York Jets,15,New York Giants,14,-2.5,36
08/23/2003,Baltimore Ravens,3,Washington Redskins,24,2.5,36
08/23/2003,Jacksonville Jaguars,6,Tampa Bay Buccaneers,10,4.5,35.5
08/23/2003,Carolina Panthers,20,Green Bay Packers,7,4,36.5
08/23/2003,San Diego Chargers,19,Houston Texans,17,1.5,33
08/23/2003,New Orleans Saints,12,San Francisco 49ers,27,2.5,38.5
08/23/2003,Kansas City Chiefs,31,Seattle Seahawks,42,3.5,39.5
08/25/2003,Indianapolis Colts,28,Denver Broncos,23,4.5,39.5
08/27/2003,Chicago Bears,23,New England Patriots,38,5,35
08/28/2003,Detroit Lions,16,Buffalo Bills,22,3.5,39
08/28/2003,New York Jets,17,Philadelphia Eagles,9,5.5,35
08/28/2003,Tennessee Titans,27,Green Bay Packers,3,3,38.5
08/28/2003,Arizona Cardinals,31,Minnesota Vikings,27,6,37
08/28/2003,Kansas City Chiefs,22,St Louis Rams,6,3.5,41.5
08/28/2003,Houston Texans,3,Tampa Bay Buccaneers,34,7.5,33
08/28/2003,New York Giants,30,Baltimore Ravens,24,5,33
08/28/2003,Atlanta Falcons,9,Cleveland Browns,20,3,38
08/28/2003,Washington Redskins,15,Jacksonville Jaguars,17,3,36.5
08/28/2003,Miami Dolphins,24,New Orleans Saints,10,3,36.5
08/28/2003,Oakland Raiders,13,Dallas Cowboys,52,5,35
08/29/2003,Pittsburgh Steelers,14,Carolina Panthers,21,2.5,34
08/29/2003,Cincinnati Bengals,20,Indianapolis Colts,21,2.5,38
08/29/2003,Seattle Seahawks,3,Denver Broncos,20,3,40.5
08/29/2003,San Francisco 49ers,3,San Diego Chargers,24,1.5,37
