Date,Visitor,Visitor Score,Home Team,Home Score,Line,Total Line
08/05/2012,Arizona Cardinals,10,New Orleans Saints,17,2.5,37
08/09/2012,Washington Redskins,7,Buffalo Bills,6,-2.5,34.5
08/09/2012,New Orleans Saints,6,New England Patriots,7,5,37.5
08/09/2012,Pittsburgh Steelers,23,Philadelphia Eagles,24,1.5,35
08/09/2012,Baltimore Ravens,31,Atlanta Falcons,17,1,34.5
08/09/2012,Green Bay Packers,13,San Diego Chargers,21,2.5,38
08/09/2012,Denver Broncos,31,Chicago Bears,3,3,34
08/10/2012,Tampa Bay Buccaneers,20,Miami Dolphins,7,3,33.5
08/10/2012,New York Jets,6,Cincinnati Bengals,17,1,34
08/10/2012,Cleveland Browns,19,Detroit Lions,17,3,36
08/10/2012,New York Giants,31,Jacksonville Jaguars,32,2.5,35
08/10/2012,Arizona Cardinals,17,Kansas City Chiefs,27,2,34
08/10/2012,Minnesota Vikings,6,San Francisco 49ers,17,3,34
08/11/2012,Houston Texans,26,Carolina Panthers,13,3,35.5
08/11/2012,Tennessee Titans,17,Seattle Seahawks,27,3,36.5
08/12/2012,St Louis Rams,3,Indianapolis Colts,38,1,34
08/13/2012,Dallas Cowboys,3,Oakland Raiders,0,2,34.5
08/16/2012,Cincinnati Bengals,24,Atlanta Falcons,19,4,38
08/16/2012,Cleveland Browns,35,Green Bay Packers,10,3,41
08/17/2012,Tennessee Titans,30,Tampa Bay Buccaneers,7,2,37.5
08/17/2012,Miami Dolphins,17,Carolina Panthers,23,3,38
08/17/2012,Detroit Lions,27,Baltimore Ravens,12,2.5,40
08/17/2012,Buffalo Bills,14,Minnesota Vikings,36,2.5,36.5
08/17/2012,Jacksonville Jaguars,27,New Orleans Saints,24,6.5,39.5
08/17/2012,Oakland Raiders,27,Arizona Cardinals,31,6,37
08/18/2012,New York Giants,26,New York Jets,3,1,36.5
08/18/2012,Kansas City Chiefs,17,St Louis Rams,31,-1,36.5
08/18/2012,Washington Redskins,31,Chicago Bears,33,1,37
08/18/2012,San Francisco 49ers,9,Houston Texans,20,3,37
08/18/2012,Seattle Seahawks,30,Denver Broncos,10,1,40
08/18/2012,Dallas Cowboys,20,San Diego Chargers,28,3.5,38.5
08/19/2012,Indianapolis Colts,24,Pittsburgh Steelers,26,4,38.5
08/20/2012,Philadelphia Eagles,27,New England Patriots,17,-2,41.5
08/23/2012,Green Bay Packers,27,Cincinnati Bengals,13,-3,44
08/23/2012,Jacksonville Jaguars,17,Baltimore Ravens,48,4,39.5
08/23/2012,Arizona Cardinals,27,Tennessee Titans,32,3,40.5
08/24/2012,Philadelphia Eagles,27,Cleveland Browns,10,5,38
08/24/2012,Atlanta Falcons,23,Miami Dolphins,6,-3,42.5
08/24/2012,New England Patriots,28,Tampa Bay Buccaneers,30,-7,44
08/24/2012,San Diego Chargers,12,Minnesota Vikings,10,3.5,42
08/24/2012,Chicago Bears,20,New York Giants,17,3,41.5
08/24/2012,Seattle Seahawks,44,Kansas City Chiefs,14,-3,40.5
08/25/2012,Indianapolis Colts,17,Washington Redskins,30,3.5,41.5
08/25/2012,Pittsburgh Steelers,38,Buffalo Bills,7,-3,40.5
08/25/2012,Detroit Lions,20,Oakland Raiders,31,-3,43
08/25/2012,Houston Texans,27,New Orleans Saints,34,3,44.5
08/25/2012,St Louis Rams,19,Dallas Cowboys,20,5,40.5
08/26/2012,San Francisco 49ers,29,Denver Broncos,24,1.5,40
08/26/2012,Carolina Panthers,17,New York Jets,12,3,39.5
08/29/2012,New England Patriots,3,New York Giants,6,-1,40.5
08/29/2012,Tampa Bay Buccaneers,3,Washington Redskins,30,3.5,39
08/29/2012,Miami Dolphins,13,Dallas Cowboys,30,2.5,35
08/30/2012,Atlanta Falcons,14,Jacksonville Jaguars,24,2.5,37.5
08/30/2012,Minnesota Vikings,24,Houston Texans,28,3.5,37
08/30/2012,Buffalo Bills,32,Detroit Lions,38,3.5,37
08/30/2012,Kansas City Chiefs,3,Green Bay Packers,24,-1.5,39
08/30/2012,New Orleans Saints,6,Tennessee Titans,10,5,39
08/30/2012,Cincinnati Bengals,16,Indianapolis Colts,20,3,38
08/30/2012,New York Jets,10,Philadelphia Eagles,28,5,36.5
08/30/2012,Chicago Bears,28,Cleveland Browns,20,3,38
08/30/2012,Carolina Panthers,16,Pittsburgh Steelers,17,3.5,37.5
08/30/2012,Baltimore Ravens,17,St Louis Rams,31,5.5,37
08/30/2012,Oakland Raiders,3,Seattle Seahawks,21,6.5,40
08/30/2012,San Diego Chargers,3,San Francisco 49ers,35,3,37
08/30/2012,Denver Broncos,16,Arizona Cardinals,13,2.5,37
