Date,Visitor,Visitor Score,Home Team,Home Score,Line,Total Line
08/06/2006,Oakland Raiders,16,Philadelphia Eagles,10,3,36
08/10/2006,Cleveland Browns,7,Philadelphia Eagles,20,3,36
08/10/2006,Indianapolis Colts,17,St Louis Rams,19,4.5,38.5
08/11/2006,New York Jets,3,Tampa Bay Buccaneers,16,3.5,33.5
08/11/2006,Denver Broncos,13,Detroit Lions,20,-2.5,38
08/11/2006,New York Giants,17,Baltimore Ravens,16,3,33.5
08/11/2006,New England Patriots,23,Atlanta Falcons,26,3,36
08/11/2006,Chicago Bears,14,San Francisco 49ers,28,1.5,34.5
08/12/2006,Pittsburgh Steelers,13,Arizona Cardinals,21,4.5,35.5
08/12/2006,Buffalo Bills,13,Carolina Panthers,14,3.5,35.5
08/12/2006,Jacksonville Jaguars,31,Miami Dolphins,26,2.5,33
08/12/2006,Kansas City Chiefs,14,Houston Texans,24,3.5,34.5
08/12/2006,New Orleans Saints,19,Tennessee Titans,16,3,35.5
08/12/2006,Green Bay Packers,3,San Diego Chargers,17,3.5,36
08/12/2006,Dallas Cowboys,13,Seattle Seahawks,3,2.5,36
08/13/2006,Washington Redskins,3,Cincinnati Bengals,19,-2.5,35.5
08/14/2006,Oakland Raiders,16,Minnesota Vikings,13,1.5,34.5
08/17/2006,Kansas City Chiefs,0,New York Giants,17,3,35
08/17/2006,Philadelphia Eagles,10,Baltimore Ravens,20,2.5,34.5
08/18/2006,Cincinnati Bengals,44,Buffalo Bills,31,3.5,35
08/18/2006,Detroit Lions,16,Cleveland Browns,20,3,33.5
08/18/2006,San Diego Chargers,3,Chicago Bears,24,4.5,33.5
08/19/2006,Miami Dolphins,13,Tampa Bay Buccaneers,10,2.5,35.5
08/19/2006,Carolina Panthers,17,Jacksonville Jaguars,10,1,35
08/19/2006,Arizona Cardinals,3,New England Patriots,30,3.5,37.5
08/19/2006,Atlanta Falcons,10,Green Bay Packers,38,3,36
08/19/2006,Minnesota Vikings,17,Pittsburgh Steelers,10,2.5,33.5
08/19/2006,Houston Texans,27,St Louis Rams,20,3.5,38
08/19/2006,New York Jets,27,Washington Redskins,14,3.5,34
08/19/2006,Tennessee Titans,10,Denver Broncos,35,5.5,36.5
08/20/2006,San Francisco 49ers,7,Oakland Raiders,23,3,36.5
08/20/2006,Seattle Seahawks,30,Indianapolis Colts,17,3,39.5
08/21/2006,Dallas Cowboys,30,New Orleans Saints,7,-3,36
08/24/2006,Miami Dolphins,10,Carolina Panthers,19,4.5,36
08/25/2006,Arizona Cardinals,23,Chicago Bears,16,3.5,34
08/25/2006,New York Giants,13,New York Jets,7,-3.5,36.5
08/25/2006,Baltimore Ravens,7,Minnesota Vikings,30,2.5,35.5
08/25/2006,Pittsburgh Steelers,7,Philadelphia Eagles,16,3,35
08/25/2006,Detroit Lions,3,Oakland Raiders,21,3,35
08/26/2006,Cleveland Browns,20,Buffalo Bills,17,3,34.5
08/26/2006,Indianapolis Colts,27,New Orleans Saints,14,-3.5,40.5
08/26/2006,Washington Redskins,0,New England Patriots,41,3.5,35
08/26/2006,San Francisco 49ers,7,Dallas Cowboys,17,7,35.5
08/26/2006,Tampa Bay Buccaneers,18,Jacksonville Jaguars,29,3.5,39.5
08/26/2006,Atlanta Falcons,20,Tennessee Titans,6,-3,38
08/26/2006,St Louis Rams,12,Kansas City Chiefs,16,3,38.5
08/26/2006,Seattle Seahawks,20,San Diego Chargers,31,3.5,36
08/27/2006,Houston Texans,14,Denver Broncos,17,6.5,38.5
08/28/2006,Green Bay Packers,17,Cincinnati Bengals,48,5,40
08/31/2006,Carolina Panthers,15,Pittsburgh Steelers,13,-3,33.5
08/31/2006,New England Patriots,23,New York Giants,31,3.5,34.5
08/31/2006,St Louis Rams,9,Miami Dolphins,29,3,35.5
08/31/2006,Buffalo Bills,20,Detroit Lions,13,3,35
08/31/2006,Jacksonville Jaguars,20,Atlanta Falcons,17,4.5,36
08/31/2006,Baltimore Ravens,17,Washington Redskins,10,-3,33
08/31/2006,Tampa Bay Buccaneers,13,Houston Texans,16,3,35
08/31/2006,Minnesota Vikings,10,Dallas Cowboys,10,6,34.5
08/31/2006,Chicago Bears,20,Cleveland Browns,7,3,33.5
08/31/2006,New Orleans Saints,9,Kansas City Chiefs,10,-3,36.5
08/31/2006,Denver Broncos,29,Arizona Cardinals,23,3.5,36.5
08/31/2006,Oakland Raiders,7,Seattle Seahawks,30,3,36.5
09/01/2006,Tennessee Titans,35,Green Bay Packers,21,-1,36
09/01/2006,Philadelphia Eagles,17,New York Jets,20,6,31
09/01/2006,Cincinnati Bengals,20,Indianapolis Colts,3,-3,40
09/01/2006,San Diego Chargers,14,San Francisco 49ers,23,3,35
