Date,Visitor,Visitor Score,Home Team,Home Score,Line,Total Line
08/06/2005,Atlanta Falcons,27,Indianapolis Colts,21,2.5,42
08/08/2005,Chicago Bears,27,Miami Dolphins,24,1.5,33
08/11/2005,San Diego Chargers,7,Green Bay Packers,10,2.5,36.5
08/12/2005,Detroit Lions,3,New York Jets,10,3.5,36
08/12/2005,New England Patriots,23,Cincinnati Bengals,13,-2,37.5
08/12/2005,Chicago Bears,13,St Louis Rams,17,4,37
08/12/2005,Kansas City Chiefs,16,Minnesota Vikings,27,3.5,43
08/12/2005,Tampa Bay Buccaneers,20,Tennessee Titans,17,3,37
08/12/2005,Seattle Seahawks,34,New Orleans Saints,15,1.5,38
08/13/2005,Baltimore Ravens,3,Atlanta Falcons,16,3,35.5
08/13/2005,Miami Dolphins,17,Jacksonville Jaguars,27,4,33.5
08/13/2005,Buffalo Bills,17,Indianapolis Colts,10,6.5,42
08/13/2005,Denver Broncos,20,Houston Texans,14,1,37
08/13/2005,Washington Redskins,10,Carolina Panthers,28,3.5,35.5
08/13/2005,New York Giants,14,Cleveland Browns,17,1,34.5
08/13/2005,Oakland Raiders,13,San Francisco 49ers,21,-2,38.5
08/13/2005,Dallas Cowboys,11,Arizona Cardinals,13,0,35
08/15/2005,Philadelphia Eagles,31,Pittsburgh Steelers,38,3,36
08/18/2005,New Orleans Saints,37,New England Patriots,27,4.5,38.5
08/19/2005,Tennessee Titans,24,Atlanta Falcons,21,4.5,38.5
08/19/2005,Minnesota Vikings,21,New York Jets,28,1,39
08/19/2005,Cincinnati Bengals,24,Washington Redskins,17,2.5,37
08/20/2005,Cleveland Browns,21,Detroit Lions,13,6,37
08/20/2005,Green Bay Packers,7,Buffalo Bills,27,5,36.5
08/20/2005,Jacksonville Jaguars,20,Tampa Bay Buccaneers,17,2.5,35
08/20/2005,Miami Dolphins,3,Pittsburgh Steelers,17,3.5,36
08/20/2005,Oakland Raiders,17,Houston Texans,19,1,38
08/20/2005,Carolina Panthers,21,New York Giants,27,1,36
08/20/2005,Philadelphia Eagles,20,Baltimore Ravens,14,2.5,35
08/20/2005,Chicago Bears,24,Indianapolis Colts,17,6.5,40
08/20/2005,Arizona Cardinals,24,Kansas City Chiefs,17,4.5,40.5
08/20/2005,San Francisco 49ers,21,Denver Broncos,26,6.5,38
08/21/2005,St Louis Rams,21,San Diego Chargers,36,4.5,39
08/22/2005,Dallas Cowboys,18,Seattle Seahawks,10,3,38
08/25/2005,Atlanta Falcons,23,Jacksonville Jaguars,7,2.5,38
08/26/2005,Cincinnati Bengals,17,Philadelphia Eagles,27,4.5,40.5
08/26/2005,San Diego Chargers,16,Minnesota Vikings,19,4,43
08/26/2005,Buffalo Bills,12,Chicago Bears,16,-3,36.5
08/26/2005,Pittsburgh Steelers,10,Washington Redskins,17,-2.5,36.5
08/26/2005,New England Patriots,27,Green Bay Packers,3,-3,41.5
08/26/2005,Baltimore Ravens,21,New Orleans Saints,6,2.5,37.5
08/26/2005,New York Jets,14,New York Giants,15,-5.5,37
08/26/2005,Carolina Panthers,23,Cleveland Browns,20,-4.5,37
08/26/2005,Arizona Cardinals,17,Oakland Raiders,16,3.5,41
08/26/2005,Tennessee Titans,13,San Francisco 49ers,16,-3,40
08/27/2005,Tampa Bay Buccaneers,14,Miami Dolphins,17,2.5,36
08/27/2005,Houston Texans,9,Dallas Cowboys,21,4.5,38
08/27/2005,Indianapolis Colts,24,Denver Broncos,37,2.5,42.5
08/27/2005,Seattle Seahawks,23,Kansas City Chiefs,17,4.5,44
08/29/2005,St Louis Rams,37,Detroit Lions,13,4,42.5
09/01/2005,New York Jets,37,Philadelphia Eagles,14,3,38.5
09/01/2005,Atlanta Falcons,20,Miami Dolphins,17,3,35
09/01/2005,Houston Texans,14,Tampa Bay Buccaneers,38,3.5,37.5
09/01/2005,Cleveland Browns,16,Chicago Bears,6,3,36.5
09/01/2005,New York Giants,27,New England Patriots,3,6.5,39.5
09/01/2005,Pittsburgh Steelers,21,Carolina Panthers,17,3,37.5
09/01/2005,Jacksonville Jaguars,20,Dallas Cowboys,27,4,36.5
09/01/2005,Washington Redskins,20,Baltimore Ravens,26,5,35
09/01/2005,Green Bay Packers,21,Tennessee Titans,17,6,40
09/01/2005,New Orleans Saints,6,Oakland Raiders,13,4.5,41.5
09/01/2005,San Francisco 49ers,24,San Diego Chargers,28,5.5,41
09/02/2005,Detroit Lions,21,Buffalo Bills,7,5,37
09/02/2005,Indianapolis Colts,0,Cincinnati Bengals,38,3,44
09/02/2005,Kansas City Chiefs,23,St Louis Rams,27,3,45
09/02/2005,Denver Broncos,30,Arizona Cardinals,21,3,39
09/02/2005,Minnesota Vikings,23,Seattle Seahawks,21,3,42.5
