Date,Visitor,Visitor Score,Home Team,Home Score,Line,Total Line
07/29/2000,Atlanta Falcons,20,Indianapolis Colts,13,5.5,38
07/29/2000,New Orleans Saints,20,New York Jets,24,5,36.5
07/30/2000,Philadelphia Eagles,22,Cleveland Browns,33,1.5,35
07/30/2000,Pittsburgh Steelers,38,Dallas Cowboys,10,4.5,36.5
07/31/2000,New England Patriots,20,San Francisco 49ers,0,-2.5,37
08/04/2000,New England Patriots,13,Detroit Lions,10,3,36.5
08/04/2000,Cincinnati Bengals,20,Buffalo Bills,21,3.5,36.5
08/04/2000,Washington Redskins,12,Tampa Bay Buccaneers,13,0,36.5
08/04/2000,Jacksonville Jaguars,34,Carolina Panthers,14,-2.5,38
08/04/2000,New York Jets,24,Green Bay Packers,37,2.5,37
08/05/2000,Miami Dolphins,10,Pittsburgh Steelers,13,3,36
08/05/2000,Chicago Bears,20,New York Giants,8,3,36
08/05/2000,Indianapolis Colts,16,Seattle Seahawks,28,1,37.5
08/05/2000,Kansas City Chiefs,10,Tennessee Titans,14,4.5,36.5
08/05/2000,New Orleans Saints,25,Minnesota Vikings,24,4.5,38
08/05/2000,Oakland Raiders,17,St Louis Rams,31,5.5,40
08/05/2000,Philadelphia Eagles,13,Baltimore Ravens,16,3,37.5
08/05/2000,San Diego Chargers,23,San Francisco 49ers,20,2.5,36
08/05/2000,Atlanta Falcons,20,Dallas Cowboys,9,1,37
08/05/2000,Denver Broncos,31,Arizona Cardinals,17,0,37.5
08/10/2000,Tampa Bay Buccaneers,13,Miami Dolphins,15,-1.5,35
08/10/2000,Carolina Panthers,0,Pittsburgh Steelers,13,3,38
08/11/2000,Cincinnati Bengals,16,Atlanta Falcons,31,3,39.5
08/11/2000,New England Patriots,20,Washington Redskins,30,6,38.5
08/11/2000,New York Giants,13,Jacksonville Jaguars,16,6,38
08/12/2000,Cleveland Browns,6,Chicago Bears,19,5,37
08/12/2000,New York Jets,0,Baltimore Ravens,10,2,39.5
08/12/2000,New Orleans Saints,0,Indianapolis Colts,17,6.5,40
08/12/2000,Buffalo Bills,13,Detroit Lions,15,2.5,37
08/12/2000,Minnesota Vikings,7,San Diego Chargers,31,2,38
08/12/2000,Seattle Seahawks,3,Arizona Cardinals,21,1,39
08/13/2000,Green Bay Packers,20,Denver Broncos,26,4,40.5
08/13/2000,Oakland Raiders,21,Dallas Cowboys,20,-1,38.5
08/13/2000,San Francisco 49ers,33,Kansas City Chiefs,10,5.5,37
08/14/2000,St Louis Rams,3,Tennessee Titans,30,1.5,41
08/18/2000,San Diego Chargers,28,Atlanta Falcons,14,4,39.5
08/18/2000,Tennessee Titans,32,Philadelphia Eagles,34,3,37.5
08/18/2000,Baltimore Ravens,24,Carolina Panthers,13,2.5,37.5
08/18/2000,New York Giants,24,New York Jets,27,-2.5,35.5
08/18/2000,Arizona Cardinals,17,Minnesota Vikings,35,4.5,40
08/18/2000,Detroit Lions,17,Oakland Raiders,23,4.5,38
08/19/2000,Chicago Bears,20,Cincinnati Bengals,24,1,38.5
08/19/2000,Washington Redskins,24,Cleveland Browns,0,-7,39
08/19/2000,Buffalo Bills,31,St Louis Rams,27,6,41
08/19/2000,Indianapolis Colts,24,Pittsburgh Steelers,23,-4,38.5
08/19/2000,Jacksonville Jaguars,26,Kansas City Chiefs,22,-2.5,38
08/19/2000,Dallas Cowboys,23,Denver Broncos,36,7,41
08/19/2000,San Francisco 49ers,21,Seattle Seahawks,25,6,38.5
08/20/2000,Tampa Bay Buccaneers,31,New England Patriots,21,3,35
08/21/2000,Green Bay Packers,14,Miami Dolphins,17,3,37.5
08/24/2000,Atlanta Falcons,31,Jacksonville Jaguars,20,6,39
08/24/2000,Buffalo Bills,16,Philadelphia Eagles,12,3,39
08/24/2000,Carolina Panthers,21,New England Patriots,29,4.5,39
08/24/2000,Minnesota Vikings,30,Indianapolis Colts,32,6,43
08/24/2000,St Louis Rams,24,Dallas Cowboys,17,-3,42
08/24/2000,Seattle Seahawks,0,Oakland Raiders,20,3,38
08/25/2000,Detroit Lions,21,Cincinnati Bengals,13,4,38.5
08/25/2000,Kansas City Chiefs,14,Tampa Bay Buccaneers,37,6.5,35.5
08/25/2000,Baltimore Ravens,24,New York Giants,17,3,37
08/25/2000,Miami Dolphins,22,New Orleans Saints,17,4,36.5
08/25/2000,Pittsburgh Steelers,10,Washington Redskins,17,7,40
08/25/2000,Tennessee Titans,34,Chicago Bears,28,-2,39
08/25/2000,Denver Broncos,28,San Francisco 49ers,24,-3,41
08/25/2000,Arizona Cardinals,20,San Diego Chargers,24,6,39
08/26/2000,Cleveland Browns,33,Green Bay Packers,34,7.5,38.5
