Date,Visitor,Visitor Score,Home Team,Home Score,Line,Total Line
08/03/2001,Pittsburgh Steelers,17,Atlanta Falcons,16,2,35
08/04/2001,Cincinnati Bengals,13,Chicago Bears,16,2,34
08/04/2001,Dallas Cowboys,14,Oakland Raiders,21,6.5,36
08/06/2001,Miami Dolphins,10,St Louis Rams,17,-3,37
08/10/2001,Carolina Panthers,16,Jacksonville Jaguars,18,5.5,37
08/10/2001,Cincinnati Bengals,27,Detroit Lions,24,2.5,36
08/10/2001,New York Giants,0,New England Patriots,14,-1,34
08/11/2001,Minnesota Vikings,28,New Orleans Saints,21,6.5,39
08/11/2001,Green Bay Packers,3,Cleveland Browns,10,-2.5,35.5
08/11/2001,Seattle Seahawks,21,Indianapolis Colts,28,4.5,38
08/11/2001,Chicago Bears,24,Tennessee Titans,27,3.5,35.5
08/11/2001,Atlanta Falcons,20,New York Jets,10,3,36
08/11/2001,Denver Broncos,20,Dallas Cowboys,6,-3,38
08/11/2001,San Francisco 49ers,24,San Diego Chargers,25,2.5,36.5
08/11/2001,Oakland Raiders,10,Arizona Cardinals,7,-4.5,36
08/12/2001,St Louis Rams,24,Buffalo Bills,10,0,37.5
08/12/2001,Washington Redskins,0,Kansas City Chiefs,20,3,36.5
08/13/2001,Miami Dolphins,17,Tampa Bay Buccaneers,14,3,33
08/16/2001,Jacksonville Jaguars,5,New York Giants,27,3,34
08/16/2001,Pittsburgh Steelers,10,Minnesota Vikings,24,3.5,40
08/17/2001,Tennessee Titans,23,St Louis Rams,10,4,39
08/17/2001,Atlanta Falcons,27,Washington Redskins,6,-5,33
08/18/2001,San Diego Chargers,23,Miami Dolphins,20,3.5,34
08/18/2001,Philadelphia Eagles,3,Buffalo Bills,6,2,33
08/18/2001,New England Patriots,23,Carolina Panthers,8,3.5,34
08/18/2001,Baltimore Ravens,3,New York Jets,16,-1,32.5
08/18/2001,Dallas Cowboys,10,New Orleans Saints,16,7.5,35
08/18/2001,Tampa Bay Buccaneers,6,Cleveland Browns,7,-3,33
08/18/2001,Detroit Lions,27,Indianapolis Colts,26,4,39.5
08/18/2001,Chicago Bears,9,Kansas City Chiefs,10,3.5,35.5
08/18/2001,Arizona Cardinals,16,Seattle Seahawks,13,6.5,36.5
08/19/2001,Oakland Raiders,17,San Francisco 49ers,20,-1.5,38
08/20/2001,Denver Broncos,7,Green Bay Packers,22,-1,38.5
08/23/2001,Kansas City Chiefs,23,Jacksonville Jaguars,28,4.5,34
08/23/2001,Carolina Panthers,20,Baltimore Ravens,17,5.5,31
08/23/2001,Philadelphia Eagles,20,Tennessee Titans,14,4.5,32.5
08/24/2001,Indianapolis Colts,21,Minnesota Vikings,28,3,44
08/24/2001,Cleveland Browns,25,Washington Redskins,27,3,32.5
08/25/2001,Detroit Lions,7,Pittsburgh Steelers,20,3.5,37
08/25/2001,Buffalo Bills,20,Cincinnati Bengals,10,2.5,35
08/25/2001,New England Patriots,3,Tampa Bay Buccaneers,20,5.5,32
08/25/2001,New York Jets,17,New York Giants,14,1.5,33.5
08/25/2001,Miami Dolphins,12,Green Bay Packers,17,2.5,35.5
08/25/2001,Arizona Cardinals,24,Chicago Bears,20,3.5,35.5
08/25/2001,New Orleans Saints,24,Denver Broncos,31,6,39
08/25/2001,Seattle Seahawks,28,San Francisco 49ers,18,2.5,39.5
08/25/2001,St Louis Rams,10,San Diego Chargers,13,-3,40
08/27/2001,Oakland Raiders,6,Dallas Cowboys,21,-6,36
08/30/2001,Buffalo Bills,0,Pittsburgh Steelers,20,3,33.5
08/30/2001,Tennessee Titans,28,Detroit Lions,25,3,33
08/30/2001,New York Jets,12,Philadelphia Eagles,13,2.5,33
08/30/2001,Indianapolis Colts,23,Cincinnati Bengals,17,0,36.5
08/30/2001,Washington Redskins,13,New England Patriots,33,4.5,33
08/30/2001,Jacksonville Jaguars,17,Dallas Cowboys,27,-4,33
08/31/2001,New York Giants,9,Baltimore Ravens,38,3,31
08/31/2001,Minnesota Vikings,20,Miami Dolphins,7,3,38.5
08/31/2001,Tampa Bay Buccaneers,7,Atlanta Falcons,36,0,34
08/31/2001,Kansas City Chiefs,17,St Louis Rams,21,3,40
08/31/2001,Cleveland Browns,20,Carolina Panthers,23,4,33.5
08/31/2001,Green Bay Packers,13,Oakland Raiders,24,4.5,37.5
08/31/2001,San Francisco 49ers,7,Denver Broncos,35,7,43
08/31/2001,San Diego Chargers,3,Arizona Cardinals,16,0,35.5
09/01/2001,New Orleans Saints,14,Seattle Seahawks,28,3.5,40
