Date,Visitor,Visitor Score,Home Team,Home Score,Line,Total Line
08/03/2002,Washington Redskins,38,San Francisco 49ers,7,-2.5,35
08/05/2002,Houston Texans,17,New York Giants,34,3,29
08/08/2002,New York Jets,16,Pittsburgh Steelers,6,5,30
08/09/2002,Jacksonville Jaguars,13,Atlanta Falcons,23,4,34.5
08/09/2002,Cincinnati Bengals,24,Buffalo Bills,17,3,32
08/09/2002,Detroit Lions,6,Baltimore Ravens,12,2,32
08/09/2002,Oakland Raiders,6,Dallas Cowboys,20,3,32.5
08/10/2002,Green Bay Packers,13,Philadelphia Eagles,20,3.5,34
08/10/2002,New England Patriots,19,New York Giants,22,3,33
08/10/2002,St Louis Rams,26,Tennessee Titans,28,1.5,37
08/10/2002,Washington Redskins,37,Carolina Panthers,30,-7,37
08/10/2002,Houston Texans,13,New Orleans Saints,10,3,34
08/10/2002,Denver Broncos,27,Chicago Bears,3,-2.5,35.5
08/10/2002,Cleveland Browns,27,Minnesota Vikings,15,3,36.5
08/10/2002,Kansas City Chiefs,17,San Francisco 49ers,14,6,37
08/10/2002,Indianapolis Colts,28,Seattle Seahawks,10,3.5,37
08/10/2002,Arizona Cardinals,24,San Diego Chargers,17,4,35.5
08/12/2002,Miami Dolphins,10,Tampa Bay Buccaneers,14,6,32
08/15/2002,New Orleans Saints,24,Miami Dolphins,7,1.5,32
08/15/2002,Oakland Raiders,14,Tennessee Titans,24,4,36.5
08/15/2002,New York Jets,34,Baltimore Ravens,16,-1.5,30.5
08/16/2002,Tampa Bay Buccaneers,20,Jacksonville Jaguars,0,-1.5,33
08/16/2002,Minnesota Vikings,24,Buffalo Bills,21,3,38
08/16/2002,Chicago Bears,19,St Louis Rams,17,6,36
08/16/2002,Seattle Seahawks,14,San Diego Chargers,24,5,37.5
08/17/2002,New York Giants,24,Atlanta Falcons,36,3.5,36.5
08/17/2002,Cincinnati Bengals,22,Indianapolis Colts,10,3.5,41
08/17/2002,Philadelphia Eagles,15,New England Patriots,16,4,34
08/17/2002,Detroit Lions,23,Cleveland Browns,24,4,34
08/17/2002,Dallas Cowboys,19,Carolina Panthers,16,1.5,34
08/17/2002,Houston Texans,9,Kansas City Chiefs,19,6,36
08/17/2002,Green Bay Packers,29,Arizona Cardinals,21,3.5,36.5
08/18/2002,Pittsburgh Steelers,34,Washington Redskins,35,3,42.5
08/19/2002,San Francisco 49ers,12,Denver Broncos,7,6,39.6
08/22/2002,San Diego Chargers,31,St Louis Rams,10,4.5,41
08/23/2002,Baltimore Ravens,13,Philadelphia Eagles,12,8,31.5
08/23/2002,Tennessee Titans,10,Minnesota Vikings,14,7,43
08/23/2002,Carolina Panthers,3,New England Patriots,23,4.5,34.5
08/23/2002,Jacksonville Jaguars,24,Chicago Bears,16,4.5,32.5
08/24/2002,Pittsburgh Steelers,34,Detroit Lions,22,-2.5,35.5
08/24/2002,Buffalo Bills,7,Indianapolis Colts,19,4,44
08/24/2002,New Orleans Saints,31,Cincinnati Bengals,23,4,36
08/24/2002,New York Giants,7,New York Jets,28,3.5,37
08/24/2002,Miami Dolphins,24,Houston Texans,3,-6.5,33.5
08/24/2002,Atlanta Falcons,21,Dallas Cowboys,19,3,37
08/24/2002,Washington Redskins,40,Tampa Bay Buccaneers,10,1.5,43.5
08/24/2002,San Francisco 49ers,10,Oakland Raiders,17,6.5,38
08/24/2002,Denver Broncos,19,Arizona Cardinals,13,-4,38
08/24/2002,Kansas City Chiefs,14,Seattle Seahawks,17,3,38
08/26/2002,Cleveland Browns,20,Green Bay Packers,27,5.5,38
08/28/2002,San Diego Chargers,3,San Francisco 49ers,27,-5,35
08/29/2002,Chicago Bears,22,Miami Dolphins,24,2.5,31.5
08/29/2002,Minnesota Vikings,14,Pittsburgh Steelers,17,6.5,40
08/29/2002,Atlanta Falcons,27,Cincinnati Bengals,14,3.5,40.5
08/29/2002,Dallas Cowboys,28,Jacksonville Jaguars,25,0,35
08/29/2002,New England Patriots,28,Washington Redskins,14,6.5,44
08/29/2002,Buffalo Bills,13,Detroit Lions,20,3.5,40
08/29/2002,Baltimore Ravens,0,New York Giants,13,-3,30
08/29/2002,Arizona Cardinals,3,Oakland Raiders,31,5.5,37
08/29/2002,Seattle Seahawks,0,Denver Broncos,31,5,36
08/30/2002,Indianapolis Colts,21,New Orleans Saints,25,3,39
08/30/2002,Philadelphia Eagles,16,New York Jets,23,4,32.5
08/30/2002,Tennessee Titans,20,Green Bay Packers,21,-4.5,38
08/30/2002,Carolina Panthers,20,Cleveland Browns,19,2,33
08/30/2002,Tampa Bay Buccaneers,17,Houston Texans,13,-7,33.5
08/30/2002,St Louis Rams,16,Kansas City Chiefs,23,-3,38.5
