<?xml version="1.0" encoding="UTF-8"?> 
<scores>
<league>NFL</league><year>2004</year><season>Pre-Season</season>
<date day="2004-08-09">
<game info="Hall of Fame Game @ Canton OH"> 
<team tnum="1"><name>Denver Broncos</name><score>17</score><line>2</line></team>
<team tnum="2"><name>Washington Redskins</name><score>20</score><line>-2</line></team>
</game>
</date>
<date day="2004-08-12">
<game>
<team tnum="1"><name>Atlanta Falcons</name><score>0</score><site>V</site><line>3.5</line></team>
<team tnum="2"><name>Baltimore Ravens</name><score>24</score><site>H</site><line>-3.5</line></team>
</game>
<game>
<team tnum="1"><name>Chicago Bears</name><score>13</score><site>V</site><line>3.5</line></team>
<team tnum="2"><name>St Louis Rams</name><score>10</score><site>H</site><line>-3.5</line></team>
</game>
</date>
<date day="2004-08-13">
<game>
<team tnum="1"><name>Philadelphia Eagles</name><score>6</score><site>V</site><line>3</line></team>
<team tnum="2"><name>New England Patriots</name><score>24</score><site>H</site><line>-3</line></team>
</game>
<game>
<team tnum="1"><name>Kansas City Chiefs</name><score>24</score><site>V</site><line>2</line></team>
<team tnum="2"><name>New York Giants</name><score>34</score><site>H</site><line>-2</line></team>
</game>
<game>
<team tnum="1"><name>New York Jets</name><score>13</score><site>V</site><line>2.5</line></team>
<team tnum="2"><name>New Orleans Saints</name><score>23</score><site>H</site><line>-2.5</line></team>
</game>
</date>
<date day="2004-08-14">
<game>
<team tnum="1"><name>Jacksonville Jaguars</name><score>5</score><site>V</site><line>2.5</line></team>
<team tnum="2"><name>Miami Dolphins</name><score>16</score><site>H</site><line>-2.5</line></team>
</game>
<game>
<team tnum="1"><name>Pittsburgh Steelers</name><score>21</score><site>V</site><line>3</line></team>
<team tnum="2"><name>Detroit Lions</name><score>27</score><site>H</site><line>-3</line></team>
</game>
<game>
<team tnum="1"><name>Carolina Panthers</name><score>23</score><site>V</site><line>3.5</line></team>
<team tnum="2"><name>Washington Redskins</name><score>20</score><site>H</site><line>-3.5</line></team>
</game>
<game>
<team tnum="1"><name>Cleveland Browns</name><score>3</score><site>V</site><line>3</line></team>
<team tnum="2"><name>Tennessee Titans</name><score>24</score><site>H</site><line>-3</line></team>
</game>
<game>
<team tnum="1"><name>Arizona Cardinals</name><score>6</score><site>V</site><line>4.5</line></team>
<team tnum="2"><name>Minnesota Vikings</name><score>23</score><site>H</site><line>-4.5</line></team>
</game>
<game>
<team tnum="1"><name>Dallas Cowboys</name><score>0</score><site>V</site><line>-1</line></team>
<team tnum="2"><name>Houston Texans</name><score>18</score><site>H</site><line>1</line></team>
</game>
<game>
<team tnum="1"><name>Oakland Raiders</name><score>33</score><site>V</site><line>-1.5</line></team>
<team tnum="2"><name>San Francisco 49ers</name><score>30</score><site>H</site><line>1.5</line></team>
</game>
<game>
<team tnum="1"><name>Indianapolis Colts</name><score>21</score><site>V</site><line>-2</line></team>
<team tnum="2"><name>San Diego Chargers</name><score>17</score><site>H</site><line>2</line></team>
</game>
</date>
<date day="2004-08-15">
<game>
<team tnum="1"><name>Denver Broncos</name><score>6</score><site>V</site><line>-1</line></team>
<team tnum="2"><name>Buffalo Bills</name><score>16</score><site>H</site><line>1</line></team>
</game>
</date>
<date day="2004-08-16">
<game>
<team tnum="1"><name>Cincinnati Bengals</name><score>6</score><site>V</site><line>3</line></team>
<team tnum="2"><name>Tampa Bay Buccaneers</name><score>20</score><site>H</site><line>-3</line></team>
</game>
<game>
<team tnum="1"><name>Seattle Seahawks</name><score>21</score><site>V</site><line>3</line></team>
<team tnum="2"><name>Green Bay Packers</name><score>3</score><site>H</site><line>-3</line></team>
</game>
</date>
<date day="2004-08-19">
<game>
<team tnum="1"><name>New York Giants</name><score>20</score><site>V</site><line>3.5</line></team>
<team tnum="2"><name>Carolina Panthers</name><score>27</score><site>H</site><line>-3.5</line></team>
</game>
</date>
<date day="2004-08-20">
<game>
<team tnum="1"><name>Minnesota Vikings</name><score>24</score><site>V</site><line>2.5</line></team>
<team tnum="2"><name>Atlanta Falcons</name><score>27</score><site>H</site><line>-2.5</line></team>
</game>
<game>
<team tnum="1"><name>Tampa Bay Buccaneers</name><score>6</score><site>V</site><line>3</line></team>
<team tnum="2"><name>Jacksonville Jaguars</name><score>14</score><site>H</site><line>-3</line></team>
</game>
<game>
<team tnum="1"><name>Baltimore Ravens</name><score>17</score><site>V</site><line>3</line></team>
<team tnum="2"><name>Philadelphia Eagles</name><score>26</score><site>H</site><line>-3</line></team>
</game>
</date>
<date day="2004-08-21">
<game>
<team tnum="1"><name>Detroit Lions</name><score>10</score><site>V</site><line>3</line></team>
<team tnum="2"><name>Cleveland Browns</name><score>17</score><site>H</site><line>-3</line></team>
</game>
<game>
<team tnum="1"><name>Tennessee Titans</name><score>16</score><site>V</site><line>0</line></team>
<team tnum="2"><name>Buffalo Bills</name><score>15</score><site>H</site><line>0</line></team>
</game>
<game>
<team tnum="1"><name>Houston Texans</name><score>3</score><site>V</site><line>3.5</line></team>
<team tnum="2"><name>Pittsburgh Steelers</name><score>38</score><site>H</site><line>-3.5</line></team>
</game>
<game>
<team tnum="1"><name>New England Patriots</name><score>3</score><site>V</site><line>-3</line></team>
<team tnum="2"><name>Cincinnati Bengals</name><score>31</score><site>H</site><line>3</line></team>
</game>
<game>
<team tnum="1"><name>Washington Redskins</name><score>17</score><site>V</site><line>2.5</line></team>
<team tnum="2"><name>Miami Dolphins</name><score>0</score><site>H</site><line>-2.5</line></team>
</game>
<game>
<team tnum="1"><name>New York Jets</name><score>31</score><site>V</site><line>4</line></team>
<team tnum="2"><name>Indianapolis Colts</name><score>7</score><site>H</site><line>-4</line></team>
</game>
<game>
<team tnum="1"><name>New Orleans Saints</name><score>14</score><site>V</site><line>3</line></team>
<team tnum="2"><name>Green Bay Packers</name><score>19</score><site>H</site><line>-3</line></team>
</game>
<game>
<team tnum="1"><name>San Francisco 49ers</name><score>13</score><site>V</site><line>3</line></team>
<team tnum="2"><name>Chicago Bears</name><score>20</score><site>H</site><line>-3</line></team>
</game>
<game>
<team tnum="1"><name>Dallas Cowboys</name><score>21</score><site>V</site><line>1.5</line></team>
<team tnum="2"><name>Oakland Raiders</name><score>20</score><site>H</site><line>-1.5</line></team>
</game>
<game>
<team tnum="1"><name>San Diego Chargers</name><score>38</score><site>V</site><line>3</line></team>
<team tnum="2"><name>Arizona Cardinals</name><score>13</score><site>H</site><line>-3</line></team>
</game>
<game>
<team tnum="1"><name>Denver Broncos</name><score>19</score><site>V</site><line>3</line></team>
<team tnum="2"><name>Seattle Seahawks</name><score>3</score><site>H</site><line>-3</line></team>
</game>
</date>
<date day="2004-08-23">
<game>
<team tnum="1"><name>St Louis Rams</name><score>7</score><site>V</site><line>4</line></team>
<team tnum="2"><name>Kansas City Chiefs</name><score>24</score><site>H</site><line>-4</line></team>
</game>
</date>
<date day="2004-08-26">
<game>
<team tnum="1"><name>Pittsburgh Steelers</name><score>27</score><site>V</site><line>4</line></team>
<team tnum="2"><name>Philadelphia Eagles</name><score>21</score><site>H</site><line>-4</line></team>
</game>
</date>
<date day="2004-08-27">
<game>
<team tnum="1"><name>New York Giants</name><score>10</score><site>V</site><line>3</line></team>
<team tnum="2"><name>New York Jets</name><score>17</score><site>H</site><line>-3</line></team>
</game>
<game>
<team tnum="1"><name>Green Bay Packers</name><score>7</score><site>V</site><line>3</line></team>
<team tnum="2"><name>Jacksonville Jaguars</name><score>9</score><site>H</site><line>-3</line></team>
</game>
<game>
<team tnum="1"><name>San Francisco 49ers</name><score>10</score><site>V</site><line>6</line></team>
<team tnum="2"><name>Minnesota Vikings</name><score>23</score><site>H</site><line>-6</line></team>
</game>
<game>
<team tnum="1"><name>Washington Redskins</name><score>3</score><site>V</site><line>3</line></team>
<team tnum="2"><name>St Louis Rams</name><score>28</score><site>H</site><line>-3</line></team>
</game>
<game>
<team tnum="1"><name>New Orleans Saints</name><score>17</score><site>V</site><line>3</line></team>
<team tnum="2"><name>Chicago Bears</name><score>13</score><site>H</site><line>-3</line></team>
</game>
<game>
<team tnum="1"><name>Houston Texans</name><score>17</score><site>V</site><line>5.5</line></team>
<team tnum="2"><name>Denver Broncos</name><score>31</score><site>H</site><line>-5.5</line></team>
</game>
<game>
<team tnum="1"><name>Seattle Seahawks</name><score>26</score><site>V</site><line>-1.5</line></team>
<team tnum="2"><name>San Diego Chargers</name><score>20</score><site>H</site><line>1.5</line></team>
</game>
</date>
<date day="2004-08-28">
<game>
<team tnum="1"><name>Miami Dolphins</name><score>10</score><site>V</site><line>3.5</line></team>
<team tnum="2"><name>Tampa Bay Buccaneers</name><score>17</score><site>H</site><line>-3.5</line></team>
</game>
<game>
<team tnum="1"><name>Cincinnati Bengals</name><score>10</score><site>V</site><line>3</line></team>
<team tnum="2"><name>Atlanta Falcons</name><score>37</score><site>H</site><line>-3</line></team>
</game>
<game>
<team tnum="1"><name>Detroit Lions</name><score>6</score><site>V</site><line>4.5</line></team>
<team tnum="2"><name>Baltimore Ravens</name><score>17</score><site>H</site><line>-4.5</line></team>
</game>
<game>
<team tnum="1"><name>New England Patriots</name><score>17</score><site>V</site><line>3</line></team>
<team tnum="2"><name>Carolina Panthers</name><score>20</score><site>H</site><line>-3</line></team>
</game>
<game>
<team tnum="1"><name>Buffalo Bills</name><score>17</score><site>V</site><line>4</line></team>
<team tnum="2"><name>Indianapolis Colts</name><score>30</score><site>H</site><line>-4</line></team>
</game>
<game>
<team tnum="1"><name>Cleveland Browns</name><score>21</score><site>V</site><line>6</line></team>
<team tnum="2"><name>Kansas City Chiefs</name><score>19</score><site>H</site><line>-6</line></team>
</game>
<game>
<team tnum="1"><name>Oakland Raiders</name><score>17</score><site>V</site><line>-2.5</line></team>
<team tnum="2"><name>Arizona Cardinals</name><score>16</score><site>H</site><line>2.5</line></team>
</game>
</date>
<date day="2004-08-30">
<game>
<team tnum="1"><name>Tennessee Titans</name><score>17</score><site>V</site><line>4</line></team>
<team tnum="2"><name>Dallas Cowboys</name><score>20</score><site>H</site><line>-4</line></team>
</game>
</date>
<date day="2004-09-02">
<game>
<team tnum="1"><name>Baltimore Ravens</name><score>27</score><site>V</site><line>3</line></team>
<team tnum="2"><name>New York Giants</name><score>17</score><site>H</site><line>-3</line></team>
</game>
<game>
<team tnum="1"><name>Carolina Panthers</name><score>16</score><site>V</site><line>2.5</line></team>
<team tnum="2"><name>Pittsburgh Steelers</name><score>13</score><site>H</site><line>-2.5</line></team>
</game>
<game>
<team tnum="1"><name>Buffalo Bills</name><score>17</score><site>V</site><line>6</line></team>
<team tnum="2"><name>Detroit Lions</name><score>20</score><site>H</site><line>-6</line></team>
</game>
<game>
<team tnum="1"><name>Jacksonville Jaguars</name><score>31</score><site>V</site><line>4.5</line></team>
<team tnum="2"><name>New England Patriots</name><score>0</score><site>H</site><line>-4.5</line></team>
</game>
<game>
<team tnum="1"><name>Kansas City Chiefs</name><score>20</score><site>V</site><line>3</line></team>
<team tnum="2"><name>Dallas Cowboys</name><score>24</score><site>H</site><line>-3</line></team>
</game>
<game>
<team tnum="1"><name>Tampa Bay Buccaneers</name><score>17</score><site>V</site><line>1.5</line></team>
<team tnum="2"><name>Houston Texans</name><score>9</score><site>H</site><line>-1.5</line></team>
</game>
<game>
<team tnum="1"><name>Arizona Cardinals</name><score>33</score><site>V</site><line>5.5</line></team>
<team tnum="2"><name>Denver Broncos</name><score>21</score><site>H</site><line>-5.5</line></team>
</game>
<game>
<team tnum="1"><name>Minnesota Vikings</name><score>21</score><site>V</site><line>3</line></team>
<team tnum="2"><name>Seattle Seahawks</name><score>23</score><site>H</site><line>-3</line></team>
</game>
<game>
<team tnum="1"><name>St Louis Rams</name><score>24</score><site>V</site><line>3</line></team>
<team tnum="2"><name>Oakland Raiders</name><score>28</score><site>H</site><line>-3</line></team>
</game>
<game>
<team tnum="1"><name>San Diego Chargers</name><score>31</score><site>V</site><line>4.5</line></team>
<team tnum="2"><name>San Francisco 49ers</name><score>15</score><site>H</site><line>-4.5</line></team>
</game>
</date>
<date day="2004-09-03">
<game>
<team tnum="1"><name>Philadelphia Eagles</name><score>27</score><site>V</site><line>3</line></team>
<team tnum="2"><name>New York Jets</name><score>28</score><site>H</site><line>-3</line></team>
</game>
<game>
<team tnum="1"><name>Atlanta Falcons</name><score>0</score><site>V</site><line>4</line></team>
<team tnum="2"><name>Washington Redskins</name><score>27</score><site>H</site><line>-4</line></team>
</game>
<game>
<team tnum="1"><name>Indianapolis Colts</name><score>13</score><site>V</site><line>5.5</line></team>
<team tnum="2"><name>Cincinnati Bengals</name><score>16</score><site>H</site><line>-5.5</line></team>
</game>
<game>
<team tnum="1"><name>Chicago Bears</name><score>10</score><site>V</site><line>3.5</line></team>
<team tnum="2"><name>Cleveland Browns</name><score>24</score><site>H</site><line>-3.5</line></team>
</game>
<game>
<team tnum="1"><name>Green Bay Packers</name><score>7</score><site>V</site><line>5.5</line></team>
<team tnum="2"><name>Tennessee Titans</name><score>27</score><site>H</site><line>-5.5</line></team>
</game>
<game>
<team tnum="1"><name>Miami Dolphins</name><score>20</score><site>V</site><line>6</line></team>
<team tnum="2"><name>New Orleans Saints</name><score>19</score><site>H</site><line>-6</line></team>
</game>
</date>
</scores>
