Date,Visitor,Visitor Score,Home Team,Home Score,Line,Total Line
08/03/2008,Indianapolis Colts,16,Washington Redskins,30,4.5,31
08/07/2008,New York Giants,10,Detroit Lions,13,3,32
08/07/2008,New York Jets,24,Cleveland Browns,20,5,35
08/07/2008,Baltimore Ravens,16,New England Patriots,15,3.5,33.5
08/07/2008,Kansas City Chiefs,24,Chicago Bears,20,3.5,34
08/07/2008,New Orleans Saints,24,Arizona Cardinals,10,2.5,35
08/08/2008,Philadelphia Eagles,10,Pittsburgh Steelers,16,-2,33.5
08/08/2008,Seattle Seahawks,34,Minnesota Vikings,17,3,34
08/08/2008,San Francisco 49ers,6,Oakland Raiders,18,1,34
08/09/2008,Buffalo Bills,14,Washington Redskins,17,6,35.5
08/09/2008,Indianapolis Colts,20,Carolina Panthers,23,3.5,34.5
08/09/2008,Atlanta Falcons,17,Jacksonville Jaguars,20,4,34
08/09/2008,Tampa Bay Buccaneers,17,Miami Dolphins,6,1,31
08/09/2008,St Louis Rams,13,Tennessee Titans,34,3,33
08/09/2008,Denver Broncos,16,Houston Texans,19,3,34
08/09/2008,Dallas Cowboys,17,San Diego Chargers,31,3,35.5
08/11/2008,Cincinnati Bengals,20,Green Bay Packers,17,3,35
08/14/2008,Pittsburgh Steelers,21,Buffalo Bills,24,-1,33.5
08/14/2008,Carolina Panthers,13,Philadelphia Eagles,24,3.5,36.5
08/15/2008,Oakland Raiders,16,Tennessee Titans,17,3.5,35.5
08/16/2008,Washington Redskins,13,New York Jets,10,3,36.5
08/16/2008,Minnesota Vikings,23,Baltimore Ravens,15,1.4,34.5
08/16/2008,Miami Dolphins,19,Jacksonville Jaguars,14,3.5,33.5
08/16/2008,Indianapolis Colts,16,Atlanta Falcons,9,3,37.5
08/16/2008,San Diego Chargers,6,St Louis Rams,7,4,36.5
08/16/2008,Houston Texans,31,New Orleans Saints,27,3,37.5
08/16/2008,Arizona Cardinals,27,Kansas City Chiefs,17,1,38
08/16/2008,Green Bay Packers,6,San Francisco 49ers,34,2.5,35
08/16/2008,Dallas Cowboys,13,Denver Broncos,23,2.5,37
08/16/2008,Chicago Bears,26,Seattle Seahawks,29,-2.5,35
08/17/2008,Detroit Lions,27,Cincinnati Bengals,10,3.5,35
08/17/2008,New England Patriots,10,Tampa Bay Buccaneers,27,3,33.5
08/18/2008,Cleveland Browns,34,New York Giants,37,0,36
08/21/2008,San Francisco 49ers,37,Chicago Bears,30,3.5,36
08/22/2008,Philadelphia Eagles,27,New England Patriots,17,2.5,36.5
08/22/2008,Tennessee Titans,3,Atlanta Falcons,17,3,36
08/22/2008,Houston Texans,22,Dallas Cowboys,23,5.5,43.5
08/22/2008,Green Bay Packers,27,Denver Broncos,24,3,38
08/23/2008,Cleveland Browns,6,Detroit Lions,26,2,40.5
08/23/2008,New York Giants,7,New York Jets,10,3,38
08/23/2008,Washington Redskins,3,Carolina Panthers,47,3,36.5
08/23/2008,New York Jets,13,Cincinnati Bengals,0,-2.5,41.5
08/23/2008,Jacksonville Jaguars,23,Tampa Bay Buccaneers,17,-3,34.5
08/23/2008,Kansas City Chiefs,0,Miami Dolphins,24,3,34
08/23/2008,Pittsburgh Steelers,12,Minnesota Vikings,10,-3,36.5
08/23/2008,Baltimore Ravens,10,St Louis Rams,24,1,34.5
08/23/2008,Arizona Cardinals,24,Oakland Raiders,0,3.5,38.5
08/24/2008,Buffalo Bills,20,Indianapolis Colts,7,6,37.5
08/25/2008,Seattle Seahawks,17,San Diego Chargers,18,5.5,37
08/28/2008,New York Jets,27,Philadelphia Eagles,20,3,35.5
08/28/2008,Detroit Lions,14,Buffalo Bills,6,3,34
08/28/2008,New England Patriots,14,New York Giants,19,2.5,35
08/28/2008,Atlanta Falcons,10,Baltimore Ravens,9,2.5,33.5
08/28/2008,Jacksonville Jaguars,24,Washington Redskins,3,3,34
08/28/2008,Cincinnati Bengals,27,Indianapolis Colts,7,3.5,34
08/28/2008,Carolina Panthers,16,Pittsburgh Steelers,19,4,35
08/28/2008,Chicago Bears,16,Cleveland Browns,10,3,38
08/28/2008,Minnesota Vikings,10,Dallas Cowboys,16,3,34
08/28/2008,Tampa Bay Buccaneers,16,Houston Texans,6,-1,36
08/28/2008,St Louis Rams,21,Kansas City Chiefs,17,5.5,34
08/28/2008,Miami Dolphins,14,New Orleans Saints,10,-1,35.5
08/28/2008,Tennessee Titans,23,Green Bay Packers,21,-6.5,36
08/29/2008,San Diego Chargers,20,San Francisco 49ers,17,3,36
08/29/2008,Oakland Raiders,16,Seattle Seahawks,23,3,35
08/29/2008,Denver Broncos,28,Arizona Cardinals,14,3,37
